numero_leccion,titulo,url,descripcion,ejemplos_codigo,categoria
104,Python If,https://www.w3schools.com/python/python_conditions.asp,"Python If Statement
Python Conditions and If statements
Python supports the usual logical conditions from mathematics:
Equals: a == b
Not Equals: a != b
Less than: a < b
Less than or equal to: a <= b
Greater than: a > b
Greater than or equal to: a >= b
These conditions can be used in several ways, most commonly in ""if statements"" and loops.
An ""if statement"" is written by using the if keyword.
Example
If statement:
In this example we use two variables, a and b ,
which are used as part of the if statement to test whether b is greater than a .
As a is 33 , and b is 200 ,
we know that 200 is greater than 33, and so we print to screen that ""b is greater than a"".
How If Statements Work
The if statement evaluates a condition (an expression that results in True or False ). If the condition is true, the code block inside the if statement is executed. If the condition is false, the code block is skipped.
Example
Checking if a number is positive:
Indentation
Python relies on indentation (whitespace at the beginning of a line) to define scope in the code. Other programming languages often use curly-brackets for this purpose.
Example
If statement, without indentation (will raise an error):
Note: You can use spaces or tabs for indentation, but you must use the same amount of indentation for all statements within the same code block.
Multiple Statements in If Block
You can have multiple statements inside an if block. All statements must be indented at the same level.
Example
Multiple statements in an if block:
Using Variables in Conditions
Boolean variables can be used directly in if statements without comparison operators.
Example
Using a boolean variable:
Python can evaluate many types of values as True or False in an if statement.
Zero ( 0 ), empty strings ( """" ), None , and empty collections are treated as False . Everything else is treated as True .
This includes positive numbers ( 5 ), negative numbers ( -3 ), and any non-empty string (even ""False"" is treated as True because it's a non-empty string).","a = 33

b = 200

if b > a:
  print(""b is greater than a"")
---
number = 15

if number > 0:
  print(""The number is positive"")
---
a = 33

b = 200

if b > a:

print(""b is greater than a"")
# you will get an error
---
age = 20

if age >= 18:

  print(""You are an adult"")

  print(""You can vote"")

  print(""You have full legal rights"")
---
is_logged_in = True

if is_logged_in:

  print(""Welcome back!"")",Python Intermedio
105,Python Elif,https://www.w3schools.com/python/python_if_elif.asp,"Python Elif Statement
The Elif Keyword
The elif keyword is Python's way of saying ""if the previous conditions were not true, then 
try this condition"".
The elif keyword allows you to check multiple expressions for True and execute a block of code as soon as one of the conditions evaluates to True .
Example
In this example a is equal to b , so the first condition is not true, but the elif condition is true, so we print to screen that ""a and b are equal"".
Multiple Elif Statements
You can have as many elif statements as you need. Python will check each condition in order and execute the first one that is true.
Example
Testing multiple conditions:
In this example, the program checks each condition in order. Since score is 75, it prints ""Grade: C"" (the first condition that evaluates to true).
How Elif Works
When you use elif , Python evaluates the conditions from top to bottom. As soon as it finds a condition that is true, it executes that block and skips all remaining conditions.
Important: Only the first true condition will be executed. Even if multiple conditions are true, Python stops after executing the first matching block.
Example
Categorizing age groups:
When to Use Elif
Use elif when you have multiple mutually exclusive conditions to check. This is more efficient than using multiple separate if statements because Python stops checking once it finds a true condition.
Example
Day of the week checker:","a = 33

b = 33

if b > a:

  print(""b is greater than a"")

elif a == b:

  print(""a and b are equal"")
---
score = 75

if score >= 90:

  print(""Grade: A"")

elif score >= 80:

  print(""Grade: B"")

elif score >= 70:

  print(""Grade: C"")

elif score >= 60:

  print(""Grade: D"")
---
age = 25

if age < 13:

  print(""You are a child"")

elif age < 20:

  print(""You are a teenager"")

elif age < 65:

  print(""You are an adult"")

elif age >= 65:

  print(""You are a senior"")
---
day = 3

if day == 1:

  print(""Monday"")

elif day == 2:

  print(""Tuesday"")

elif day == 3:

  print(""Wednesday"")

elif day == 4:

  print(""Thursday"")

elif day == 5:

  print(""Friday"")

elif day == 6:

  print(""Saturday"")

elif day == 7:

  print(""Sunday"")",Python Intermedio
106,Python Else,https://www.w3schools.com/python/python_if_else.asp,"Python Else Statement
The Else Keyword
The else keyword catches anything which isn't caught by the preceding conditions.
The else statement is executed when the if condition (and any elif conditions) evaluate to False .
Example
In this example a is greater than b ,
so the first condition is not true, also the elif condition is not true,
so we go to the else condition and print to screen that ""a is greater than b"".
Else Without Elif
You can also have an else without the elif :
Example
This creates a simple two-way choice: if the condition is true, execute one block; otherwise, execute the else block.
How Else Works
The else statement provides a default action when none of the previous conditions are true. Think of it as a ""catch-all"" for any scenario not covered by your if and elif statements.
Note: The else statement must come last. You cannot have an elif after an else .
Example
Checking even or odd numbers:
Complete If-Elif-Else Chain
You can combine if , elif , and else to create a comprehensive decision-making structure.
Example
Temperature classifier:
Else as Fallback
The else statement acts as a fallback that executes when none of the preceding conditions are true. This makes it useful for error handling, validation, and providing default values.
Example
Validating user input:","a = 200

b = 33

if b > a:

  print(""b is greater than a"")

elif a == b:

  print(""a and b are equal"")

else:

  print(""a is greater than b"")
---
a = 200

b = 33

if b > a:

  print(""b is greater than a"")

else:

  print(""b is not greater than a"")
---
number = 7

if number % 2 == 0:

  print(""The number is even"")

else:

  print(""The number is odd"")
---
temperature = 22

if temperature > 30:

  print(""It's hot outside!"")

elif temperature > 20:

  print(""It's warm outside"")

elif temperature > 10:

  print(""It's cool outside"")

else:

  print(""It's cold outside!"")
---
username = ""Emil""

if len(username) > 0:

  print(f""Welcome, {username}!"")

else:

  print(""Error: Username cannot be empty"")",Python Intermedio
107,Shorthand If,https://www.w3schools.com/python/python_if_shorthand.asp,"Python Shorthand If
Short Hand If
If you have only one statement to execute, you can put it on the same line as the if statement.
Example
One-line if statement:
Note: You still need the colon : after the condition.
Short Hand If ... Else
If you have one statement for if and one for else , you can put them on the same line using a conditional expression:
Example
One-line if / else that prints a value:
This is called a conditional expression (sometimes known as a ""ternary operator"").
Assign a Value With If ... Else
You can also use a one-line if / else to choose a value and assign it to a variable:
Example
The syntax follows this pattern:
Multiple Conditions on One Line
You can chain conditional expressions, but keep it short so it stays readable:
Example
One line, three outcomes:
Practical Examples
Ternary operators are particularly useful for simple assignments and return statements.
Example
Finding the maximum of two numbers:
Example
Setting a default value:
When to Use Shorthand If
Shorthand if statements and ternary operators should be used when:
The condition and actions are simple
It improves code readability
You want to make a quick assignment based on a condition
Important: While shorthand if statements can make code more concise, avoid overusing them for complex conditions. For readability, use regular if-else statements when dealing with multiple lines of code or complex logic.","a = 5

b = 2

if a > b: print(""a is greater than b"")
---
a = 2

b = 330

print(""A"") if a > b else print(""B"")
---
a = 10

b = 20

bigger = a if a > b else b

print(""Bigger is"", bigger)
---
variable = value_if_true if condition else value_if_false
---
a = 330

b = 330

print(""A"") if a > b else print(""="") if a == b else print(""B"")
---
x = 15

y = 20

max_value = x if x > y else y

print(""Maximum value:"", max_value)
---
username = """"

display_name = username if username else ""Guest""

print(""Welcome,"", display_name)",Python Intermedio
108,Logical Operators,https://www.w3schools.com/python/python_if_logical.asp,"Python Logical Operators
Python Logical Operators
Logical operators are used to combine conditional statements. Python has three logical operators:
and - Returns True if both statements are true
or - Returns True if one of the statements is true
not - Reverses the result, returns False if the result is true
The and Operator
The and keyword is a logical operator, and 
is used to combine conditional statements. Both conditions must be true for the entire expression to be true.
Example
Test if a is greater than b , AND if c is greater than a :
The or Operator
The or keyword is a logical operator, and 
is used to combine conditional statements. At least one condition must be true for the entire expression to be true.
Example
Test if a is greater than b , OR if a is greater than c :
The not Operator
The not keyword is a logical operator, and 
is used to reverse the result of the conditional statement.
Example
Test if a is NOT greater than b :
Combining Multiple Operators
You can combine multiple logical operators in a single expression. Python evaluates not first, then and , then or .
Example
Combining and , or , and not :
Truth Tables
Understanding how logical operators work with different values:
and Operator Truth Table
Condition 1
Condition 2
Result
True
True
True
True
False
False
False
True
False
False
False
False
or Operator Truth Table
Condition 1
Condition 2
Result
True
True
True
True
False
True
False
True
True
False
False
False
Using Parentheses for Clarity
When combining multiple logical operators, use parentheses to make your intentions clear and control the order of evaluation.
Example
Using parentheses for complex conditions:
More Examples
Example
User authentication check:
Example
Range checking with logical operators:","a = 200

b = 33

c = 500

if a > b and c > a:

  print(""Both conditions are True"")
---
a = 200

b = 33

c = 500

if a > b or a > c:

  print(""At least one of the conditions is True"")
---
a = 33

b = 200

if not a > b:

  print(""a is NOT greater than b"")
---
age = 25

is_student = False

has_discount_code = True

if (age < 18 or age > 65) and not is_student or has_discount_code:

  print(""Discount applies!"")
---
temperature = 25

is_raining = False

is_weekend = True

if (temperature > 20 and not is_raining) or is_weekend:

  print(""Great day for outdoor activities!"")
---
username = ""Tobias""

password = ""secret123""

is_verified = True

if username and password and is_verified:

  print(""Login successful"")

else:

  print(""Login failed"")
---
score = 85

if score >= 0 and score <= 100:

  print(""Valid score"")

else:

  print(""Invalid score"")",Python Intermedio
109,Nested If,https://www.w3schools.com/python/python_if_nested_if.asp,"Python Nested If
Nested If Statements
You can have if statements inside if statements. This is called nested if statements.
Example
In this example, the inner if statement only runs if the outer condition ( x > 10 ) is true.
How Nested If Works
Each level of nesting creates a deeper level of decision-making. The code evaluates from the outermost condition inward.
Example
Checking multiple conditions with nesting:
Multiple Levels of Nesting
You can nest as many levels deep as needed, but keep in mind that too many levels can make code harder to read.
Example
Three levels of nesting:
Nested If vs Logical Operators
Sometimes nested if statements can be simplified using logical operators like and . The choice depends on your logic.
Example
This nested if:
Example
Could also be written with and :
Both approaches produce the same result. Use nested if statements when the inner logic is complex or depends on the outer condition. Use and when both conditions are simple and equally important.
More Examples
Example
Login validation with nested checks:
Example
Grade calculation with nested logic:","x = 41

if x > 10:

  print(""Above ten,"")

  if x > 20:

    print(""and also above 20!"")

  else:

    print(""but not above 20."")
---
age = 25

has_license = True

if age >= 18:

  if has_license:

    print(""You can drive"")

  else:

    print(""You need a license"")

else:

  print(""You are too young to drive"")
---
score = 85

attendance = 90

submitted = True

if score >= 60:

  if attendance >= 80:

    if submitted:

      print(""Pass with good standing"")

    else:

      print(""Pass but missing assignment"")

  else:

    print(""Pass but low attendance"")

else:

  print(""Fail"")
---
temperature = 25

is_sunny = True

if temperature > 20:

  if is_sunny:

    print(""Perfect beach weather!"")
---
temperature = 25

is_sunny = True

if temperature > 20 and is_sunny:

  print(""Perfect beach weather!"")
---
username = ""Emil""

password = ""python123""

is_active = True

if username:

  if password:

    if is_active:

      print(""Login successful"")

    else:

      print(""Account is not active"")

  else:

    print(""Password required"")

else:

  print(""Username required"")
---
score = 92

extra_credit = 5

if score >= 90:

  if extra_credit > 0:

    print(""A+ grade"")

  else:

    print(""A grade"")

elif score >= 80:

  print(""B grade"")

else:

  print(""C grade or below"")",Python Intermedio
110,Pass Statement,https://www.w3schools.com/python/python_if_pass.asp,"Python Pass Statement
The pass Statement
if statements cannot be empty, but if you 
for some reason have an if statement with no content, put in the pass statement to avoid getting an error.
Example
The pass statement is a null operation - nothing happens when it executes. It serves as a placeholder.
Why Use pass?
The pass statement is useful in several situations:
When you're creating code structure but haven't implemented the logic yet
When a statement is required syntactically but no action is needed
As a placeholder for future code during development
In empty functions or classes that you plan to implement later
pass in Development
During development, you might want to sketch out your program structure before implementing the details. The pass statement allows you to do this without syntax errors.
Example
Placeholder for future implementation:
pass vs Comments
A comment is ignored by Python, but pass is an actual statement that gets executed (though it does nothing). You need pass where Python expects a statement, not just a comment.
Example
This will cause an error (empty code block):
Example
This works correctly with pass:
pass with Multiple Conditions
You can use pass in any branch of an if-elif-else statement.
Example
Using pass in different branches:
pass in Other Contexts
While we focus on pass with if statements here, it's also commonly used with loops, functions, and classes.
Example
Using pass with functions:","a = 33

b = 200

if b > a:

  pass
---
age = 16

if age < 18:

  pass  # TODO: Add underage logic later

else:

  print(""Access granted"")
---
score = 85

if score > 90:

  # This is excellent

# This will raise an IndentationError
---
score = 85

if score > 90:

  pass  # This is excellent

print(""Score processed"")
---
value = 50

if value < 0:

  print(""Negative value"")

elif value == 0:

  pass  # Zero case - no action needed

else:

  print(""Positive value"")
---
def calculate_discount(price):

  pass  # TODO: Implement discount logic

# Function exists but doesn't do anything yet",Python Intermedio
111,Code Challenge,https://www.w3schools.com/python/python_challenges_if_basics.asp,"Python If...Else Code Challenge
Challenge: If...Else Basics
Test your understanding of if, elif, else, and shorthand if statements.",,Python Intermedio
112,Python Match,https://www.w3schools.com/python/python_match.asp,"Python Match
The match statement is used to perform different actions based on different conditions.
The Python Match Statement
Instead of writing many if..else statements, you can use the match statement.
The match statement selects one of many code blocks to be executed.
Syntax
This is how it works:
The match expression is evaluated once.
The value of the expression is compared with the values of each case .
If there is a match, the associated block of code is executed.
The example below uses the weekday number to print the weekday name:
Example
Default Value
Use the underscore character _ as the last 
case value if you want a code block to execute when there are not other matches:
Example
The value _ will always match, so it is important to place it as the last case to make it 
behave as a default case .
Combine Values
Use the pipe character | as an or operator in the case evaluation to check 
for more than one value match in one case :
Example
If Statements as Guards
You can add if statements in the case evaluation as an extra condition-check:
Example","match
expression
:

  case x:

    code block

  case y:

    code block

  case z:

    code block
---
day = 4

match day:

  case 1:

    print(""Monday"")

  case 2:

    print(""Tuesday"")

  case 3:

    print(""Wednesday"")

  case 4:

    print(""Thursday"")

  case 5:

    print(""Friday"")

  case 6:

    print(""Saturday"")

  case 7:

    print(""Sunday"")
---
day = 4

match day:

  case 6:

    print(""Today is Saturday"")

  case 7:

    print(""Today is Sunday"")

  case _:

    print(""Looking forward to the Weekend"")
---
day = 4

match day:

  case 1 | 2 | 3 | 4 | 5:

    print(""Today is a weekday"")

  case 6 | 7:

    print(""I love
  weekends!"")
---
month = 5

day = 4

match day:

  case 1 | 2 | 3 | 4 | 5 if month == 4:

    print(""A weekday in April"")

  case 1 | 2 | 3 | 4 | 5 if month == 5:

    print(""A weekday in May"")

  case _:

    print(""No match"")",Python Intermedio
113,Match,https://www.w3schools.com/python/python_match.asp,"Python Match
The match statement is used to perform different actions based on different conditions.
The Python Match Statement
Instead of writing many if..else statements, you can use the match statement.
The match statement selects one of many code blocks to be executed.
Syntax
This is how it works:
The match expression is evaluated once.
The value of the expression is compared with the values of each case .
If there is a match, the associated block of code is executed.
The example below uses the weekday number to print the weekday name:
Example
Default Value
Use the underscore character _ as the last 
case value if you want a code block to execute when there are not other matches:
Example
The value _ will always match, so it is important to place it as the last case to make it 
behave as a default case .
Combine Values
Use the pipe character | as an or operator in the case evaluation to check 
for more than one value match in one case :
Example
If Statements as Guards
You can add if statements in the case evaluation as an extra condition-check:
Example","match
expression
:

  case x:

    code block

  case y:

    code block

  case z:

    code block
---
day = 4

match day:

  case 1:

    print(""Monday"")

  case 2:

    print(""Tuesday"")

  case 3:

    print(""Wednesday"")

  case 4:

    print(""Thursday"")

  case 5:

    print(""Friday"")

  case 6:

    print(""Saturday"")

  case 7:

    print(""Sunday"")
---
day = 4

match day:

  case 6:

    print(""Today is Saturday"")

  case 7:

    print(""Today is Sunday"")

  case _:

    print(""Looking forward to the Weekend"")
---
day = 4

match day:

  case 1 | 2 | 3 | 4 | 5:

    print(""Today is a weekday"")

  case 6 | 7:

    print(""I love
  weekends!"")
---
month = 5

day = 4

match day:

  case 1 | 2 | 3 | 4 | 5 if month == 4:

    print(""A weekday in April"")

  case 1 | 2 | 3 | 4 | 5 if month == 5:

    print(""A weekday in May"")

  case _:

    print(""No match"")",Python Intermedio
114,Code Challenge,https://www.w3schools.com/python/python_challenges_match.asp,"Python Match Code Challenge
Challenge: Match
Test your understanding of Python match by completing a small coding challenge.",,Python Intermedio
115,Python While Loops,https://www.w3schools.com/python/python_while_loops.asp,"Python While Loops
Python Loops
Python has two primitive loop commands:
while loops
for loops
The while Loop
With the while loop we can execute a set of statements as long as a condition is true.
Example
Print i as long as i is less than 6:
Note: remember to increment i, or else the loop will continue forever.
The while loop requires relevant variables to be ready, in this example we need to define an indexing variable, i , 
which we set to 1.
The break Statement
With the break statement we can stop the loop even if the 
while condition is true:
Example
Exit the loop when i is 3:
The continue Statement
With the continue statement we can stop the 
current iteration, and continue with the next:
Example
Continue to the next iteration if i is 3:
The else Statement
With the else statement we can run a block of code once when the 
condition no longer is true:
Example
Print a message once the condition is false:
Note: The else block will NOT be executed if the loop is stopped by a break statement.","i = 1

while i < 6:

  print(i)

  i += 1
---
i = 1

while i < 6:

  print(i)

    if i == 3:
    break
  i += 1
---
i = 0

while i < 6:

    i += 1

  if i == 3:
    continue
  print(i)
---
i = 1

while i < 6:

  print(i)

  i += 1
else:
  print(""i is no longer less than 6"")",Python Intermedio
116,While Loops,https://www.w3schools.com/python/python_while_loops.asp,"Python While Loops
Python Loops
Python has two primitive loop commands:
while loops
for loops
The while Loop
With the while loop we can execute a set of statements as long as a condition is true.
Example
Print i as long as i is less than 6:
Note: remember to increment i, or else the loop will continue forever.
The while loop requires relevant variables to be ready, in this example we need to define an indexing variable, i , 
which we set to 1.
The break Statement
With the break statement we can stop the loop even if the 
while condition is true:
Example
Exit the loop when i is 3:
The continue Statement
With the continue statement we can stop the 
current iteration, and continue with the next:
Example
Continue to the next iteration if i is 3:
The else Statement
With the else statement we can run a block of code once when the 
condition no longer is true:
Example
Print a message once the condition is false:
Note: The else block will NOT be executed if the loop is stopped by a break statement.","i = 1

while i < 6:

  print(i)

  i += 1
---
i = 1

while i < 6:

  print(i)

    if i == 3:
    break
  i += 1
---
i = 0

while i < 6:

    i += 1

  if i == 3:
    continue
  print(i)
---
i = 1

while i < 6:

  print(i)

  i += 1
else:
  print(""i is no longer less than 6"")",Python Intermedio
117,Code Challenge,https://www.w3schools.com/python/python_challenges_while_loops.asp,"Python While Loops Code Challenge
Challenge: While Loops
Test your understanding of Python while loops by completing a small coding challenge.",,Python Intermedio
118,Python For Loops,https://www.w3schools.com/python/python_for_loops.asp,"Python For Loops
Python For Loops
A for loop is used for iterating over a sequence (that is either a list, a tuple, 
a dictionary, a set, or a string).
This is less like the for keyword in other programming languages, and works more like an iterator method as found in other object-orientated programming languages.
With the for loop we can execute a set of statements, once for each item in a list, tuple, set etc.
Example
Print each fruit in a fruit list:
The for loop does not require an indexing variable to set beforehand.
Looping Through a String
Even strings are iterable objects, they contain a sequence of characters:
Example
Loop through the letters in the word ""banana"":
The break Statement
With the break statement we can stop the 
loop before it has looped through all the items:
Example
Exit the loop when x is ""banana"":
Example
Exit the loop when x is ""banana"", 
but this time the break comes before the print:
The continue Statement
With the continue statement we can stop the 
current iteration of the loop, and continue with the next:
Example
Do not print banana:
The range() Function
To loop through a set of code a specified number of times, we can use the range() function,
The range() function returns a sequence of numbers, starting from 0 by default, and increments by 1 (by default), and ends at a specified number.
Example
Using the range() function:
Note that range(6) is not the values of 0 to 6, but the values 0 to 5.
The range() function defaults to 0 as a starting value, however it is possible to specify the starting value by adding a parameter: range(2, 6) , which 
means values from 2 to 6 (but not including 6):
Example
Using the start parameter:
The range() function defaults to increment the sequence by 1,
however it is possible to specify the increment value by adding a third parameter: range(2, 30, 3 ) :
Example
Increment the sequence with 3 (default is 1):
Else in For Loop
The else keyword in a for loop specifies a block of code to be 
executed when the loop is finished:
Example
Print all numbers from 0 to 5, and print a message when the loop has ended:
Note: The else block will NOT be executed if the loop is stopped by a break statement.
Example
Break the loop when x is 3, and see what happens with the else block:
Nested Loops
A nested loop is a loop inside a loop.
The ""inner loop"" will be executed one time for each iteration of the ""outer 
loop"":
Example
Print each adjective for every fruit:
The pass Statement
for loops cannot be empty, but if you for 
some reason have a for loop with no content, put in the pass statement to avoid getting an error.
Example","fruits = [""apple"", ""banana"", ""cherry""]
for
  x in fruits:


	print(x)
---
for x in ""banana"":
  print(x)
---
fruits = [""apple"", ""banana"", ""cherry""]
for x in fruits:
  print(x)

  if x ==
  ""banana"":
    break
---
fruits = [""apple"", ""banana"", ""cherry""]
for x in fruits:
  if x ==
  ""banana"":
    break
  print(x)
---
fruits = [""apple"", ""banana"", ""cherry""]
for x in fruits:
  if x ==
  ""banana"":
    continue
  print(x)
---
for x in range(6):


	print(x)
---
for x in range(2, 6):


	print(x)
---
for x in range(2, 30, 3):


	print(x)
---
for x in range(6):

	print(x)
else:

	print(""Finally finished!"")
---
for x in range(6):
  if x == 3: break

	print(x)
else:

	print(""Finally finished!"")
---
adj = [""red"", ""big"", ""tasty""]
fruits = [""apple"", ""banana"", ""cherry""]


for x in adj:
  for y in fruits:
    print(x, y)
---
for x in [0, 1, 2]:
  pass",Python Intermedio
119,For Loops,https://www.w3schools.com/python/python_for_loops.asp,"Python For Loops
Python For Loops
A for loop is used for iterating over a sequence (that is either a list, a tuple, 
a dictionary, a set, or a string).
This is less like the for keyword in other programming languages, and works more like an iterator method as found in other object-orientated programming languages.
With the for loop we can execute a set of statements, once for each item in a list, tuple, set etc.
Example
Print each fruit in a fruit list:
The for loop does not require an indexing variable to set beforehand.
Looping Through a String
Even strings are iterable objects, they contain a sequence of characters:
Example
Loop through the letters in the word ""banana"":
The break Statement
With the break statement we can stop the 
loop before it has looped through all the items:
Example
Exit the loop when x is ""banana"":
Example
Exit the loop when x is ""banana"", 
but this time the break comes before the print:
The continue Statement
With the continue statement we can stop the 
current iteration of the loop, and continue with the next:
Example
Do not print banana:
The range() Function
To loop through a set of code a specified number of times, we can use the range() function,
The range() function returns a sequence of numbers, starting from 0 by default, and increments by 1 (by default), and ends at a specified number.
Example
Using the range() function:
Note that range(6) is not the values of 0 to 6, but the values 0 to 5.
The range() function defaults to 0 as a starting value, however it is possible to specify the starting value by adding a parameter: range(2, 6) , which 
means values from 2 to 6 (but not including 6):
Example
Using the start parameter:
The range() function defaults to increment the sequence by 1,
however it is possible to specify the increment value by adding a third parameter: range(2, 30, 3 ) :
Example
Increment the sequence with 3 (default is 1):
Else in For Loop
The else keyword in a for loop specifies a block of code to be 
executed when the loop is finished:
Example
Print all numbers from 0 to 5, and print a message when the loop has ended:
Note: The else block will NOT be executed if the loop is stopped by a break statement.
Example
Break the loop when x is 3, and see what happens with the else block:
Nested Loops
A nested loop is a loop inside a loop.
The ""inner loop"" will be executed one time for each iteration of the ""outer 
loop"":
Example
Print each adjective for every fruit:
The pass Statement
for loops cannot be empty, but if you for 
some reason have a for loop with no content, put in the pass statement to avoid getting an error.
Example","fruits = [""apple"", ""banana"", ""cherry""]
for
  x in fruits:


	print(x)
---
for x in ""banana"":
  print(x)
---
fruits = [""apple"", ""banana"", ""cherry""]
for x in fruits:
  print(x)

  if x ==
  ""banana"":
    break
---
fruits = [""apple"", ""banana"", ""cherry""]
for x in fruits:
  if x ==
  ""banana"":
    break
  print(x)
---
fruits = [""apple"", ""banana"", ""cherry""]
for x in fruits:
  if x ==
  ""banana"":
    continue
  print(x)
---
for x in range(6):


	print(x)
---
for x in range(2, 6):


	print(x)
---
for x in range(2, 30, 3):


	print(x)
---
for x in range(6):

	print(x)
else:

	print(""Finally finished!"")
---
for x in range(6):
  if x == 3: break

	print(x)
else:

	print(""Finally finished!"")
---
adj = [""red"", ""big"", ""tasty""]
fruits = [""apple"", ""banana"", ""cherry""]


for x in adj:
  for y in fruits:
    print(x, y)
---
for x in [0, 1, 2]:
  pass",Python Intermedio
120,Code Challenge,https://www.w3schools.com/python/python_challenges_for_loops.asp,"Python For Loops Code Challenge
Challenge: For Loops
Test your understanding of Python for loops by completing a small coding challenge.",,Python Intermedio
121,Python Functions,https://www.w3schools.com/python/python_functions.asp,"Python Functions
Python Functions
A function is a block of code which only runs when it is called.
A function can return data as a result.
A function helps avoiding code repetition.
Creating a Function
In Python, a function is defined using the def keyword, followed by a function name and parentheses:
Example
This creates a function named my_function that prints ""Hello from a function"" when called.
The code inside the function must be indented. Python uses indentation to define code blocks.
Calling a Function
To call a function, write its name followed by parentheses:
Example
You can call the same function multiple times:
Example
Function Names
Function names follow the same rules as variable names in Python:
A function name must start with a letter or underscore
A function name can only contain letters, numbers, and underscores
Function names are case-sensitive ( myFunction and myfunction are different)
Example
Valid function names:
It's good practice to use descriptive names that explain what the function does.
Why Use Functions?
Imagine you need to convert temperatures from Fahrenheit to Celsius several times in your program. Without functions, you would have to write the same calculation code repeatedly:
Example
Without functions - repetitive code:
With functions, you write the code once and reuse it:
Example
With functions - reusable code:
Return Values
Functions can send data back to the code that called them using the return statement.
When a function reaches a return statement, it stops executing and sends the result back:
Example
A function that returns a value:
You can use the returned value directly:
Example
Using the return value directly:
If a function doesn't have a return statement, it returns None by default.
The pass Statement
Function definitions cannot be empty. If you need to create a function placeholder without any code, use the pass statement:
Example
The pass statement is often used when developing, allowing you to define the structure first and implement details later.","def my_function():
  print(""Hello from a function"")
---
def my_function():
  print(""Hello from a function"")


my_function()
---
def my_function():
  print(""Hello from a function"")


my_function()
my_function()
my_function()
---
calculate_sum()

_private_function()

myFunction2()
---
temp1 = 77
celsius1 = (temp1 - 32) * 5 / 9
print(celsius1)

  temp2 = 95
celsius2 = (temp2 - 32) * 5 / 9
print(celsius2)

  temp3 = 50
celsius3 = (temp3 - 32) * 5 / 9
print(celsius3)
---
def fahrenheit_to_celsius(fahrenheit):
  return (fahrenheit - 32) * 5 / 9

  print(fahrenheit_to_celsius(77))
print(fahrenheit_to_celsius(95))
print(fahrenheit_to_celsius(50))
---
def get_greeting():
  return ""Hello from a function""

  message = get_greeting()
print(message)
---
def get_greeting():
  return ""Hello from a function""

  print(get_greeting())
---
def my_function():
  pass",Python Intermedio
122,Python Functions,https://www.w3schools.com/python/python_functions.asp,"Python Functions
Python Functions
A function is a block of code which only runs when it is called.
A function can return data as a result.
A function helps avoiding code repetition.
Creating a Function
In Python, a function is defined using the def keyword, followed by a function name and parentheses:
Example
This creates a function named my_function that prints ""Hello from a function"" when called.
The code inside the function must be indented. Python uses indentation to define code blocks.
Calling a Function
To call a function, write its name followed by parentheses:
Example
You can call the same function multiple times:
Example
Function Names
Function names follow the same rules as variable names in Python:
A function name must start with a letter or underscore
A function name can only contain letters, numbers, and underscores
Function names are case-sensitive ( myFunction and myfunction are different)
Example
Valid function names:
It's good practice to use descriptive names that explain what the function does.
Why Use Functions?
Imagine you need to convert temperatures from Fahrenheit to Celsius several times in your program. Without functions, you would have to write the same calculation code repeatedly:
Example
Without functions - repetitive code:
With functions, you write the code once and reuse it:
Example
With functions - reusable code:
Return Values
Functions can send data back to the code that called them using the return statement.
When a function reaches a return statement, it stops executing and sends the result back:
Example
A function that returns a value:
You can use the returned value directly:
Example
Using the return value directly:
If a function doesn't have a return statement, it returns None by default.
The pass Statement
Function definitions cannot be empty. If you need to create a function placeholder without any code, use the pass statement:
Example
The pass statement is often used when developing, allowing you to define the structure first and implement details later.","def my_function():
  print(""Hello from a function"")
---
def my_function():
  print(""Hello from a function"")


my_function()
---
def my_function():
  print(""Hello from a function"")


my_function()
my_function()
my_function()
---
calculate_sum()

_private_function()

myFunction2()
---
temp1 = 77
celsius1 = (temp1 - 32) * 5 / 9
print(celsius1)

  temp2 = 95
celsius2 = (temp2 - 32) * 5 / 9
print(celsius2)

  temp3 = 50
celsius3 = (temp3 - 32) * 5 / 9
print(celsius3)
---
def fahrenheit_to_celsius(fahrenheit):
  return (fahrenheit - 32) * 5 / 9

  print(fahrenheit_to_celsius(77))
print(fahrenheit_to_celsius(95))
print(fahrenheit_to_celsius(50))
---
def get_greeting():
  return ""Hello from a function""

  message = get_greeting()
print(message)
---
def get_greeting():
  return ""Hello from a function""

  print(get_greeting())
---
def my_function():
  pass",Python Intermedio
123,Python Arguments,https://www.w3schools.com/python/python_arguments.asp,"Python Function Arguments
Arguments
Information can be passed into functions as arguments.
Arguments are specified after the function name, inside the parentheses.
You can add as many arguments as you want, just separate them with a comma.
The following example has a function with one argument (fname).
When the function is called, we pass along a first name,
which is used inside the function to print the full name:
Example
A function with one argument:
Parameters vs Arguments
The terms parameter and argument can be used for the same thing: information that are passed into a function.
From a function's perspective:
A parameter is the variable listed inside the parentheses in the function definition.
An argument is the actual value that is sent to the function when it is called.
Example
Number of Arguments
By default, a function must be called with the correct number of arguments.
If your function expects 2 arguments, you must call it with exactly 2 arguments.
Example
This function expects 2 arguments, and gets 2 arguments::
If you try to call the function with the wrong number of arguments, you will get an error:
Example
This function expects 2 arguments, but gets only 1:
Default Parameter Values
You can assign default values to parameters. If the function is called without an argument, it uses the default value:
Example
Example
Default value for country parameter:
Keyword Arguments
You can send arguments with the key = value syntax.
Example
This way, with keyword arguments, the order of the arguments does not matter.
Example
The phrase Keyword Arguments is often shortened to kwargs in Python documentation.
Positional Arguments
When you call a function with arguments without using keywords, they are called positional arguments.
Positional arguments must be in the correct order:
Example
The order matters with positional arguments:
Example
Switching the order changes the result:
Mixing Positional and Keyword Arguments
You can mix positional and keyword arguments in a function call.
However, positional arguments must come before keyword arguments:
Example
Passing Different Data Types
You can send any data type as an argument to a function (string, number, list, dictionary, etc.).
The data type will be preserved inside the function:
Example
Sending a list as an argument:
Example
Sending a dictionary as an argument:
Return Values
Functions can return values using the return statement:
Example
Returning Different Data Types
Functions can return any data type, including lists, tuples, dictionaries, and more.
Example
A function that returns a list:
Example
A function that returns a tuple:
Positional-Only Arguments
You can specify that a function can have ONLY positional arguments.
To specify positional-only arguments, add , / after the arguments:
Example
Without the , / you are actually allowed to use keyword arguments even if the function
  expects positional arguments:
Example
With , / , you will get an error if you try to use keyword arguments:
Example
Keyword-Only Arguments
To specify that a function can have only keyword arguments, add *, before the arguments:
Example
Without *, , you are allowed to use positional arguments even if the function expects keyword arguments:
Example
With *, , you will get an error if you try to use positional arguments:
Example
Combining Positional-Only and Keyword-Only
You can combine both argument types in the same function.
Arguments before / are positional-only, and arguments after * are keyword-only:
Example","def my_function(
fname
):
  print(
fname
 + "" Refsnes"")

  my_function(""
Emil
"")
my_function(""
Tobias
"")
my_function(""
Linus
"")
---
def my_function(name): # name is a
parameter
  print(""Hello"", name)

  my_function(""Emil"") # ""Emil"" is an
argument
---
def my_function(fname, lname):
  print(fname + "" "" + lname)

  my_function(""Emil"", ""Refsnes"")
---
def my_function(fname, lname):
  print(fname + "" "" + lname)

  my_function(""Emil"")
---
def my_function(name
 = ""friend""
):
  print(""Hello"", name)

  my_function(""Emil"")
my_function(""Tobias"")
my_function()
my_function(""Linus"")
---
def my_function(country
 = ""Norway""
):
  print(""I am from"", country)

  my_function(""Sweden"")
my_function(""India"")
my_function()
my_function(""Brazil"")
---
def my_function(animal, name):
  print(""I have a"", animal)
  print(""My"", animal + ""'s name is"", name)

  my_function(animal = ""dog"", name = ""Buddy"")
---
def my_function(animal, name):
  print(""I have a"", animal)
  print(""My"", animal + ""'s name is"", name)

  my_function(name = ""Buddy"", animal = ""dog"")
---
def my_function(animal, name):
  print(""I have a"", animal)
  print(""My"", animal + ""'s name is"", name)

  my_function(""dog"", ""Buddy"")
---
def my_function(animal, name):
  print(""I have a"", animal)
  print(""My"", animal + ""'s name is"", name)

  my_function(""Buddy"", ""dog"")
---
def my_function(animal, name, age):
  print(""I have a"", age, ""year old"", animal, ""named"", name)

  my_function(""dog"", name = ""Buddy"", age = 5)
---
def my_function(fruits):
  for fruit in fruits:
    print(fruit)

  my_fruits = [""apple"", ""banana"", ""cherry""]
my_function(my_fruits)
---
def my_function(person):
  print(""Name:"", person[""name""])
  print(""Age:"", person[""age""])

  my_person = {""name"": ""Emil"", ""age"": 25}
my_function(my_person)
---
def my_function(x, y):

return x + y

  result = my_function(5, 3)
print(result)
---
def my_function():

return [""apple"", ""banana"", ""cherry""]

  fruits = my_function()
print(fruits[0])
print(fruits[1])
print(fruits[2])
---
def my_function():

return (10, 20)

  x, y = my_function()
print(""x:"", x)
print(""y:"", y)
---
def my_function(name, /):
  print(""Hello"", name)

  my_function(""Emil"")
---
def my_function(name):
  print(""Hello"", name)

  my_function(name = ""Emil"")
---
def my_function(name, /):
  print(""Hello"", name)

  my_function(name = ""Emil"")
---
def my_function(*, name):
  print(""Hello"", name)

  my_function(name = ""Emil"")
---
def my_function(name):
  print(""Hello"", name)

  my_function(""Emil"")
---
def my_function(*, name):
  print(""Hello"", name)

  my_function(""Emil"")
---
def my_function(a, b, /, *, c, d):
  return a + b + c + d

  result = my_function(5, 10, c = 15, d = 20)
print(result)",Python Intermedio
124,Python *args / **kwargs,https://www.w3schools.com/python/python_args_kwargs.asp,"Python *args and **kwargs
*args and **kwargs
By default, a function must be called with the correct number of arguments.
However, sometimes you may not know how many arguments that will be passed into your function.
*args and **kwargs allow functions to accept a unknown number of arguments.
Arbitrary Arguments - *args
If you do not know how many arguments will be passed into your function, add a * before the parameter name.
This way, the function will receive a tuple of arguments and can access the items accordingly:
Example
Using *args to accept any number of arguments:
Arbitrary Arguments are often shortened to *args in Python documentation.
What is *args?
The *args parameter allows a function to accept any number of positional arguments.
Inside the function, args becomes a tuple containing all the passed arguments:
Example
Accessing individual arguments from *args:
Using *args with Regular Arguments
You can combine regular parameters with *args.
Regular parameters must come before *args:
Example
In this example, ""Hello"" is assigned to greeting , and the rest are collected in names .
Practical Example with *args
*args is useful when you want to create flexible functions:
Example
A function that calculates the sum of any number of values:
Example
Finding the maximum value:
Arbitrary Keyword Arguments - **kwargs
If you do not know how many keyword arguments will be passed into your function, add two asterisks ** before the parameter name.
This way, the function will receive a dictionary of arguments and can access the items accordingly:
Example
Using **kwargs to accept any number of keyword arguments:
Arbitrary Keyword Arguments are often shortened to **kwargs in Python documentation.
What is **kwargs?
The **kwargs parameter allows a function to accept any number of keyword arguments.
Inside the function, kwargs becomes a dictionary containing all the keyword arguments:
Example
Accessing values from **kwargs:
Using **kwargs with Regular Arguments
You can combine regular parameters with **kwargs.
Regular parameters must come before **kwargs:
Example
Combining *args and **kwargs
You can use both *args and **kwargs in the same function.
The order must be: regular parameters *args **kwargs
regular parameters
*args
**kwargs
Example
Unpacking Arguments
The * and ** operators can also be used when calling functions to unpack (expand) a list or dictionary into separate arguments.
Unpacking Lists with *
If you have values stored in a list, you can use * to unpack them into individual arguments:
Example
Using * to unpack a list into arguments:
Unpacking Dictionaries with **
If you have keyword arguments stored in a dictionary, you can use ** to unpack them:
Example
Using ** to unpack a dictionary into keyword arguments:
Remember: Use * and ** in function definitions to collect arguments, and use them in function calls to unpack arguments.","def my_function(
*kids
):
  print(""The youngest child is "" + kids[2])

  my_function(""Emil"", ""Tobias"", ""Linus"")
---
def my_function(*args):
  print(""Type:"", type(args))
  print(""First argument:"", args[0])
  print(""Second argument:"", args[1])
  print(""All arguments:"", args)

  my_function(""Emil"", ""Tobias"", ""Linus"")
---
def my_function(greeting, *names):
  for name in names:
    print(greeting, name)

  my_function(""Hello"", ""Emil"", ""Tobias"", ""Linus"")
---
def my_function(*numbers):
  total = 0
  for num in numbers:
    total += num
  return total

  print(my_function(1, 2, 3))
print(my_function(10, 20, 30, 40))
print(my_function(5))
---
def my_function(*numbers):
  if len(numbers) == 0:
    return None
  max_num = numbers[0]
  for num in numbers:
    if num > max_num:
      max_num = num
  return max_num

  print(my_function(3, 7, 2, 9, 1))
---
def my_function(
**kid
):
  print(""His last name is "" + kid[""lname""])

  my_function(fname = ""Tobias"", lname = ""Refsnes"")
---
def my_function(**myvar):
  print(""Type:"", type(myvar))
  print(""Name:"", myvar[""name""])
  print(""Age:"", myvar[""age""])
  print(""All data:"", myvar)

  my_function(name = ""Tobias"", age = 30, city = ""Bergen"")
---
def my_function(username, **details):
  print(""Username:"", username)
  print(""Additional details:"")
  for key, value in details.items():
    print("" "", key + "":"", value)

  my_function(""emil123"", age = 25, city = ""Oslo"", hobby = ""coding"")
---
def my_function(title, *args, **kwargs):
  print(""Title:"", title)
  print(""Positional arguments:"", args)
  print(""Keyword arguments:"", kwargs)

  my_function(""User Info"", ""Emil"", ""Tobias"", age = 25, city = ""Oslo"")
---
def my_function(a, b, c):
  return a + b + c

  numbers = [1, 2, 3]
result = my_function(*numbers)  # Same as: my_function(1, 2, 3)
print(result)
---
def my_function(fname, lname):
  print(""Hello"", fname, lname)

  person = {""fname"": ""Emil"", ""lname"": ""Refsnes""}
my_function(**person)  # Same as: my_function(fname=""Emil"", lname=""Refsnes"")",Python Intermedio
125,Python Scope,https://www.w3schools.com/python/python_scope.asp,"Python Scope
Scope
A variable is only available from inside the region it is 
created. This is called scope .
Local Scope
A variable created inside a function belongs to the local scope of 
that function, and can only be used inside that function.
Example
A variable created inside a function is available inside that function:
Function Inside Function
As explained in the example above, the variable x is not available outside the function, 
but it is available for any function inside the function:
Example
The local variable can be accessed from a function within the function:
Global Scope
A variable created in the main body of the Python code is a global variable 
and belongs to the global scope.
Global variables are available from within any scope, global and local.
Example
A variable created outside of a function is global and can be used by 
  anyone:
Naming Variables
If you operate with the same variable name inside and outside of a function, Python will treat them as two 
separate variables,
one available in the global scope (outside the function) and one available in the local scope (inside the function):
Example
The function will print the local x , and 
  then the code will print the global x :
Global Keyword
If you need to create a global variable, but are stuck in the local scope, you can use the global keyword.
The global keyword makes the variable global.
Example
If you use the global keyword, the variable belongs to the global scope:
Also, use the global keyword if you want to 
make a change to a global variable inside a function.
Example
To change the value of a global variable inside a function, refer to the 
  variable by using the global keyword:
Nonlocal Keyword
The nonlocal keyword is used to work with variables inside nested functions.
The nonlocal keyword makes the variable belong to the outer function.
Example
If you use the nonlocal keyword, the variable will belong to the outer function:
The LEGB Rule
Python follows the LEGB rule when looking up variable names, and searches for them in this order:
L ocal - Inside the current function
E nclosing - Inside enclosing functions (from inner to outer)
G lobal - At the top level of the module
B uilt-in - In Python's built-in namespace
Example
Understanding the LEGB rule:","def myfunc():
  x = 300
  print(x)
myfunc()
---
def myfunc():
  x = 300
  def myinnerfunc():
    print(x)

  myinnerfunc()
myfunc()
---
x = 300
def myfunc():
  print(x)
myfunc()
print(x)
---
x = 300
def myfunc():
  x = 200

    print(x)
myfunc()
print(x)
---
def myfunc():
  global x
  x = 300
myfunc()

    print(x)
---
x = 300
def myfunc():
  global x
  x = 200
myfunc()


print(x)
---
def myfunc1():

  x = ""Jane""

  def myfunc2():

    nonlocal x

    x = ""hello""

  myfunc2()

  return x



print(myfunc1())
---
x = ""global""



def outer():

  x = ""enclosing""

  def inner():

    x = ""local""

    print(""Inner:"", x)

  inner()

  print(""Outer:"", x)



outer()

print(""Global:"", x)",Python Intermedio
126,Python Decorators,https://www.w3schools.com/python/python_decorators.asp,"Python Decorators
Decorators let you add extra behavior to a function, without changing the function's code.
A decorator is a function that takes another function as input and returns a new function.
Basic Decorator
Define the decorator first, then apply it with @decorator_name above the function.
Example
A basic decorator that uppercases the return value of the decorated function.
By placing @changecase directly above the function definition,
the function myfunction is being ""decorated"" with the changecase function.
The function changecase is the decorator.
The function myfunction is the function that gets decorated.
Multiple Decorator Calls
A decorator can be called multiple times. Just place the decorator above the function you want to decorate.
Example
Using the @changecase decorator on two functions:
Arguments in the Decorated Function
Functions that requires arguments can also be decorated, just make sure you pass the arguments to the wrapper function:
Example
Functions with arguments can also be decorated:
*args and **kwargs
Sometimes the decorator function has no control over the arguments passed from decorated function, to solve this problem,
  add ( *args , **kwargs ) to the wrapper function, this way the wrapper function can accept any number, and any type of arguments, and pass them to the decorated function.
Example
Secure the function with *args and **kwargs arguments:
Decorator With Arguments
Decorators can accept their own arguments by adding another wrapper level.
Example
A decorator factory that takes an argument and transforms the casing based on the argument value.
Multiple Decorators
You can use multiple decorators on one function.
This is done by placing the decorator calls on top of each other.
Decorators are called in the reverse order, starting with the one closest to the function.
Example
One decorator for upper case, and one for adding a greeting:
Preserving Function Metadata
Functions in Python has metadata that can be accessed using the __name__ and __doc__ attributes.
Example
Normally, a function's name can be returned with the __name__ attribute:
But, when a function is decorated, the metadata of the original function is lost.
Example
Try returning the name from a decorated function and you will not get the same result:
To fix this, Python has a built-in function called functools.wraps that can be used to preserve the original function's name and docstring.
Example
Import functools.wraps to preserve the original function name and docstring.","def changecase(func):

  def myinner():

    return func().upper()

  return myinner



@changecase

def myfunction():

  return ""Hello Sally""



print(myfunction())
---
def changecase(func):

  def myinner():

    return func().upper()

  return myinner



@changecase

def myfunction():

  return ""Hello Sally""



@changecase

def otherfunction():

  return ""I am speed!""



print(myfunction())

print(otherfunction())
---
def changecase(func):

  def myinner(x):

    return func(x).upper()

  return myinner



@changecase

def myfunction(nam):

  return ""Hello "" + nam



print(myfunction(""John""))
---
def changecase(func):

    def myinner(*args, **kwargs):

      return func(*args, **kwargs).upper()

    return myinner



  @changecase

  def myfunction(nam):

    return ""Hello "" + nam



  print(myfunction(""John""))
---
def changecase(n):

  def changecase(func):

    def myinner():

      if n == 1:

        a = func().lower()

      else:

        a = func().upper()

      return a

    return myinner

  return changecase



@changecase(1)

def myfunction():

  return ""Hello Linus""



print(myfunction())
---
def changecase(func):

  def myinner():

    return func().upper()

  return myinner



def addgreeting(func):

  def myinner():

    return ""Hello "" + func() + "" Have a good day!""

  return myinner



@changecase

@addgreeting

def myfunction():

  return ""Tobias""



print(myfunction())
---
def myfunction():

  return ""Have a great day!""



print(myfunction.__name__)
---
def changecase(func):

  def myinner():

    return func().upper()

  return myinner



@changecase

def myfunction():

  return ""Have a great day!""



print(myfunction.__name__)
---
import functools



def changecase(func):

  @functools.wraps(func)

  def myinner():

    return func().upper()

  return myinner



@changecase

def myfunction():

  return ""Have a great day!""



print(myfunction.__name__)",Python Intermedio
127,Python Lambda,https://www.w3schools.com/python/python_lambda.asp,"Python Lambda
Lambda Functions
A lambda function is a small anonymous function.
A lambda function can take any number of arguments, but can only have one expression.
Syntax
The expression is executed and the result is returned:
Example
Add 10 to argument a , and 
  return the result:
Lambda functions can take any number of arguments:
Example
Multiply argument a with argument b and return the 
  result:
Example
Summarize argument a , b , and c and 
  return the 
  result:
Why Use Lambda Functions?
The power of lambda is better shown when you use them as an anonymous 
function inside another function.
Say you have a function definition that takes one argument, and that argument 
will be multiplied with an unknown number:
Use that function definition to make a function that always doubles the 
number you send in:
Example
Or, use the same function definition to make a function that always triples the 
number you send in:
Example
Or, use the same function definition to make both functions, in the same 
program:
Example
Use lambda functions when an anonymous function is required for a short period of time.
Lambda with Built-in Functions
Lambda functions are commonly used with built-in functions like map() , filter() , and sorted() .
Using Lambda with map()
The map() function applies a function to every item in an iterable:
Example
Double all numbers in a list:
Using Lambda with filter()
The filter() function creates a list of items for which a function returns True :
Example
Filter out even numbers from a list:
Using Lambda with sorted()
The sorted() function can use a lambda as a key for custom sorting:
Example
Sort a list of tuples by the second element:
Example
Sort strings by length:","lambda
arguments
:
expression
---
x = lambda a : a + 10
print(x(5))
---
x = lambda a, b : a * b
print(x(5, 6))
---
x = lambda a, b, c : a + b + c
print(x(5, 6,
  2))
---
def myfunc(n):

  return lambda a : a * n
---
def myfunc(n):

  return lambda a : a * n



  mydoubler = myfunc(2)


print(mydoubler(11))
---
def myfunc(n):

  return lambda a : a * n



  mytripler = myfunc(3)


print(mytripler(11))
---
def myfunc(n):

  return lambda a : a * n



  mydoubler = myfunc(2)
mytripler = myfunc(3)


print(mydoubler(11))
print(mytripler(11))
---
numbers = [1, 2, 3, 4, 5]

doubled = list(map(lambda x: x * 2, numbers))

print(doubled)
---
numbers = [1, 2, 3, 4, 5, 6, 7, 8]

odd_numbers = list(filter(lambda x: x % 2 != 0, numbers))

print(odd_numbers)
---
students = [(""Emil"", 25), (""Tobias"", 22), (""Linus"", 28)]

sorted_students = sorted(students, key=lambda x: x[1])

print(sorted_students)
---
words = [""apple"", ""pie"", ""banana"", ""cherry""]

sorted_words = sorted(words, key=lambda x: len(x))

print(sorted_words)",Python Intermedio
128,Python Recursion,https://www.w3schools.com/python/python_recursion.asp,"Python Recursion
Recursion
Recursion is when a function calls itself.
Recursion is a common mathematical and programming concept.
  It means that a function calls itself.
  This has the benefit of meaning that you can loop through data to reach a result.
The developer should be very careful with recursion as it can be quite easy to slip into writing a function which never terminates,
  or one that uses excess amounts of memory or processor power.
  However, when written correctly recursion can be a very efficient and mathematically-elegant approach to programming.
Example
A simple recursive function that counts down from 5:
Base Case and Recursive Case
Every recursive function must have two parts:
A base case - A condition that stops the recursion
A recursive case - The function calling itself with a modified argument
Without a base case, the function would call itself forever, causing a stack overflow error.
Example
Identifying base case and recursive case:
The base case is crucial. Always make sure your recursive function has a condition that will eventually be met.
Fibonacci Sequence
The Fibonacci sequence is a classic example where each number is the sum of the two preceding ones. The sequence starts with 0 and 1:
0, 1, 1, 2, 3, 5, 8, 13, ...
The sequence continues indefinitely, with each number being the sum of the two preceding ones.
We can use recursion to find a specific number in the sequence:
Example
Find the 7th number in the Fibonacci sequence:
Recursion with Lists
Recursion can be used to process lists by handling one element at a time:
Example
Calculate the sum of all elements in a list:
Example
Find the maximum value in a list:
Recursion Depth Limit
Python has a limit on how deep recursion can go. The default limit is usually around 1000 recursive calls.
Example
Check the recursion limit:
If you need deeper recursion, you can increase the limit, but be careful as this can cause crashes:
Example
Increasing the recursion limit should be done with caution. For very deep recursion, consider using iteration instead.","def countdown(n):
  if n <= 0:
    print(""Done!"")
  else:
    print(n)
    countdown(n - 1)

countdown(5)
---
def factorial(n):
  # Base case
  if n == 0 or n == 1:
    return 1
  # Recursive case
  else:
    return n * factorial(n - 1)

print(factorial(5))
---
def fibonacci(n):
  if n <= 1:
    return n
  else:
    return fibonacci(n - 1) + fibonacci(n - 2)

print(fibonacci(7))
---
def sum_list(numbers):
  if len(numbers) == 0:
    return 0
  else:
    return numbers[0] + sum_list(numbers[1:])

my_list = [1, 2, 3, 4, 5]

print(sum_list(my_list))
---
def find_max(numbers):
  if len(numbers) == 1:
    return numbers[0]
  else:
    max_of_rest = find_max(numbers[1:])
    return numbers[0] if numbers[0] > max_of_rest else max_of_rest

my_list = [3, 7, 2, 9, 1]

print(find_max(my_list))
---
import sys

print(sys.getrecursionlimit())
---
import sys

sys.setrecursionlimit(2000)

print(sys.getrecursionlimit())",Python Intermedio
129,Python Generators,https://www.w3schools.com/python/python_generators.asp,"Python Generators
Generators
Generators are functions that can pause and resume their execution.
When a generator function is called, it returns a generator object , which is an iterator.
The code inside the function is not executed yet, it is only compiled. The function only executes when you iterate over the generator.
Example
A simple generator function:
Generators allow you to iterate over data without storing the entire dataset in memory.
Instead of using return , generators use the yield keyword.
The yield Keyword
The yield keyword is what makes a function a generator.
When yield is encountered, the function's state is saved, and the value is returned. The next time the generator is called, it continues from where it left off.
Example
Generator that yields numbers:
Unlike return , which terminates the function, yield pauses it and can be called multiple times.
Generators Saves Memory
Generators are memory-efficient because they generate values on-the-fly instead of storing everything in memory.
For large datasets, generators save memory:
Example
Generator for large sequences:
Using next() with Generators
You can manually iterate through a generator using the next() function:
Example
When there are no more values to yield, the generator raises a StopIteration exception:
Example
Generator Expressions
Similar to list comprehensions, you can create generators using generator expressions with parentheses instead of square brackets:
Example
List comprehension vs generator expression:
Example
Using a generator expression with sum:
Fibonacci Sequence Generator
Generators can be used to create the Fibonacci sequence.
It can continue generating values indefinitely, without running out of memory:
Example
Generate 100 Fibonacci numbers:
Generator Methods
Generators have special methods for advanced control:
send() Method
The send() method allows you to send a value to the generator:
Example
close() Method
The close() method stops the generator:
Example","def my_generator():
  yield 1
  yield 2
  yield 3

for value in my_generator():
  print(value)
---
def count_up_to(n):
  count = 1
  while count <= n:
    yield count
    count += 1

for num in count_up_to(5):
  print(num)
---
def large_sequence(n):
  for i in range(n):
    yield i

# This doesn't create a million numbers in memory

gen = large_sequence(1000000)

print(next(gen))

print(next(gen))

print(next(gen))
---
def simple_gen():
  yield ""Emil""
  yield ""Tobias""
  yield ""Linus""

gen = simple_gen()

print(next(gen))

print(next(gen))

print(next(gen))
---
def simple_gen():
  yield 1
  yield 2

gen = simple_gen()

print(next(gen))

print(next(gen))

print(next(gen))  # This will raise StopIteration
---
# List comprehension - creates a list

list_comp = [x * x for x in range(5)]

print(list_comp)

# Generator expression - creates a generator

gen_exp = (x * x for x in range(5))

print(gen_exp)

print(list(gen_exp))
---
# Calculate sum of squares without creating a list

total = sum(x * x for x in range(10))

print(total)
---
def fibonacci():
  a, b = 0, 1
  while True:
    yield a
    a, b = b, a + b

# Get first 100 Fibonacci numbers

gen = fibonacci()

for _ in range(100):
  print(next(gen))
---
def echo_generator():
  while True:
    received = yield
    print(""Received:"", received)

gen = echo_generator()

next(gen)  # Prime the generator

gen.send(""Hello"")

gen.send(""World"")
---
def my_gen():
  try:
    yield 1
    yield 2
    yield 3
  finally:
    print(""Generator closed"")

gen = my_gen()

print(next(gen))

gen.close()",Python Intermedio
130,Code Challenge,https://www.w3schools.com/python/python_challenges_functions_basics.asp,"Python Functions Code Challenge
Challenge: Functions Basics
Test your understanding of creating functions, parameters, return values, and *args.",,Python Intermedio
131,Python Range,https://www.w3schools.com/python/python_range.asp,"Python range
Python range
The built-in range() function returns an immutable sequence of numbers, commonly used for looping a specific number of times.
This set of numbers has its own data type called range .
Creating ranges
The range() function can be called with 1, 2, or 3 arguments, using this syntax:
range( start , stop , step )
Call range() With One Argument
If the range function is called with only one argument, the argument represents the stop value. The start argument is optional, and if not provided, it defaults to 0. range(10) returns a sequence of each number from 0 to 9. (The start argument, 0 is inclusive, and the stop argument, 10 is exclusive). Example Create a range of numbers from 0 to 9: x = range(10) Call range() With Two Arguments If the range function is called with two arguments,
    the first argument represents the start value,
    and the second argument represents the stop value. range(3, 10) returns a sequence of each number from 3 to 9: Example Create a range of numbers from 3 to 9: x = range(3, 10) Call range() With Three Arguments If the range function is called with three arguments, the third argument represents the step value. The step value means the difference between each number in the sequence. It is optional, and if not provided, it defaults to 1. range(3, 10, 2) returns a sequence of each number from 3 to 9, with a step of 2: Example Create a range of numbers from 3 to 9: x = range(3, 10, 2) Using ranges Ranges are often used in for loops to iterate over a sequence of numbers. Example Iterate over each value in a range: for i in range(10): print(i) Using List to Display Ranges The range object is a data type that represents an immutable sequence of numbers, and it is not directly displayable. Therefore, ranges are often converted to lists for display. Example Convert different ranges to lists: print(list(range(5))) print(list(range(1, 6))) print(list(range(5, 20, 3))) Slicing Ranges Like other sequences, ranges can be sliced to extract a subsequence. Example Extract a subsequence from a range: r = range(10) print(r[2]) print(r[:3]) Note: The first print statement returns the value at index 2, and the second print statement returns a new range object, from index 0 to 3. Membership Testing Ranges support membership testing with the in operator. Example Test if the numbers 6 and 7 are present in a range: r = range(0, 10, 2) print(6 in r) print(7 in r) The return value is True when the number is present in the range, and False when it is not. Length Ranges support the len() function to get the number of elements in the range. Example Get the length of a range: r = range(0, 10, 2) print(len(r)) ★ +1 Sign in to track progress
The start argument is optional, and if not provided, it defaults to 0. range(10) returns a sequence of each number from 0 to 9. (The start argument, 0 is inclusive, and the stop argument, 10 is exclusive). Example Create a range of numbers from 0 to 9: x = range(10) Call range() With Two Arguments If the range function is called with two arguments,
    the first argument represents the start value,
    and the second argument represents the stop value. range(3, 10) returns a sequence of each number from 3 to 9: Example Create a range of numbers from 3 to 9: x = range(3, 10) Call range() With Three Arguments If the range function is called with three arguments, the third argument represents the step value. The step value means the difference between each number in the sequence. It is optional, and if not provided, it defaults to 1. range(3, 10, 2) returns a sequence of each number from 3 to 9, with a step of 2: Example Create a range of numbers from 3 to 9: x = range(3, 10, 2) Using ranges Ranges are often used in for loops to iterate over a sequence of numbers. Example Iterate over each value in a range: for i in range(10): print(i) Using List to Display Ranges The range object is a data type that represents an immutable sequence of numbers, and it is not directly displayable. Therefore, ranges are often converted to lists for display. Example Convert different ranges to lists: print(list(range(5))) print(list(range(1, 6))) print(list(range(5, 20, 3))) Slicing Ranges Like other sequences, ranges can be sliced to extract a subsequence. Example Extract a subsequence from a range: r = range(10) print(r[2]) print(r[:3]) Note: The first print statement returns the value at index 2, and the second print statement returns a new range object, from index 0 to 3. Membership Testing Ranges support membership testing with the in operator. Example Test if the numbers 6 and 7 are present in a range: r = range(0, 10, 2) print(6 in r) print(7 in r) The return value is True when the number is present in the range, and False when it is not. Length Ranges support the len() function to get the number of elements in the range. Example Get the length of a range: r = range(0, 10, 2) print(len(r)) ★ +1 Sign in to track progress
The start argument is optional, and if not provided, it defaults to 0.
range(10) returns a sequence of each number from 0 to 9. (The start argument, 0 is inclusive, and the stop argument, 10 is exclusive).
Example
Create a range of numbers from 0 to 9:
Call range() With Two Arguments
If the range function is called with two arguments,
    the first argument represents the start value,
    and the second argument represents the stop value.
range(3, 10) returns a sequence of each number from 3 to 9:
Example
Create a range of numbers from 3 to 9:
Call range() With Three Arguments
If the range function is called with three arguments, the third argument represents the step value.
The step value means the difference between each number in the sequence. It is optional, and if not provided, it defaults to 1.
range(3, 10, 2) returns a sequence of each number from 3 to 9, with a step of 2:
Example
Create a range of numbers from 3 to 9:
Using ranges
Ranges are often used in for loops to iterate over a sequence of numbers.
Example
Iterate over each value in a range:
Using List to Display Ranges
The range object is a data type that represents an immutable sequence of numbers, and it is not directly displayable.
Therefore, ranges are often converted to lists for display.
Example
Convert different ranges to lists:
Slicing Ranges
Like other sequences, ranges can be sliced to extract a subsequence.
Example
Extract a subsequence from a range:
Membership Testing
Ranges support membership testing with the in operator.
Example
Test if the numbers 6 and 7 are present in a range:
The return value is True when the number is present in the range, and False when it is not.
Length
Ranges support the len() function to get the number of elements in the range.
Example
Get the length of a range:","x = range(10)
---
x = range(3, 10)
---
x = range(3, 10, 2)
---
for i in range(10):

  print(i)
---
print(list(range(5)))

print(list(range(1, 6)))

print(list(range(5, 20, 3)))
---
r = range(10)

print(r[2])

print(r[:3])
---
r = range(0, 10, 2)

print(6 in r)

print(7 in r)
---
r = range(0, 10, 2)

print(len(r))",Python Intermedio
132,Range,https://www.w3schools.com/python/python_range.asp,"Python range
Python range
The built-in range() function returns an immutable sequence of numbers, commonly used for looping a specific number of times.
This set of numbers has its own data type called range .
Creating ranges
The range() function can be called with 1, 2, or 3 arguments, using this syntax:
range( start , stop , step )
Call range() With One Argument
If the range function is called with only one argument, the argument represents the stop value. The start argument is optional, and if not provided, it defaults to 0. range(10) returns a sequence of each number from 0 to 9. (The start argument, 0 is inclusive, and the stop argument, 10 is exclusive). Example Create a range of numbers from 0 to 9: x = range(10) Call range() With Two Arguments If the range function is called with two arguments,
    the first argument represents the start value,
    and the second argument represents the stop value. range(3, 10) returns a sequence of each number from 3 to 9: Example Create a range of numbers from 3 to 9: x = range(3, 10) Call range() With Three Arguments If the range function is called with three arguments, the third argument represents the step value. The step value means the difference between each number in the sequence. It is optional, and if not provided, it defaults to 1. range(3, 10, 2) returns a sequence of each number from 3 to 9, with a step of 2: Example Create a range of numbers from 3 to 9: x = range(3, 10, 2) Using ranges Ranges are often used in for loops to iterate over a sequence of numbers. Example Iterate over each value in a range: for i in range(10): print(i) Using List to Display Ranges The range object is a data type that represents an immutable sequence of numbers, and it is not directly displayable. Therefore, ranges are often converted to lists for display. Example Convert different ranges to lists: print(list(range(5))) print(list(range(1, 6))) print(list(range(5, 20, 3))) Slicing Ranges Like other sequences, ranges can be sliced to extract a subsequence. Example Extract a subsequence from a range: r = range(10) print(r[2]) print(r[:3]) Note: The first print statement returns the value at index 2, and the second print statement returns a new range object, from index 0 to 3. Membership Testing Ranges support membership testing with the in operator. Example Test if the numbers 6 and 7 are present in a range: r = range(0, 10, 2) print(6 in r) print(7 in r) The return value is True when the number is present in the range, and False when it is not. Length Ranges support the len() function to get the number of elements in the range. Example Get the length of a range: r = range(0, 10, 2) print(len(r)) ★ +1 Sign in to track progress
The start argument is optional, and if not provided, it defaults to 0. range(10) returns a sequence of each number from 0 to 9. (The start argument, 0 is inclusive, and the stop argument, 10 is exclusive). Example Create a range of numbers from 0 to 9: x = range(10) Call range() With Two Arguments If the range function is called with two arguments,
    the first argument represents the start value,
    and the second argument represents the stop value. range(3, 10) returns a sequence of each number from 3 to 9: Example Create a range of numbers from 3 to 9: x = range(3, 10) Call range() With Three Arguments If the range function is called with three arguments, the third argument represents the step value. The step value means the difference between each number in the sequence. It is optional, and if not provided, it defaults to 1. range(3, 10, 2) returns a sequence of each number from 3 to 9, with a step of 2: Example Create a range of numbers from 3 to 9: x = range(3, 10, 2) Using ranges Ranges are often used in for loops to iterate over a sequence of numbers. Example Iterate over each value in a range: for i in range(10): print(i) Using List to Display Ranges The range object is a data type that represents an immutable sequence of numbers, and it is not directly displayable. Therefore, ranges are often converted to lists for display. Example Convert different ranges to lists: print(list(range(5))) print(list(range(1, 6))) print(list(range(5, 20, 3))) Slicing Ranges Like other sequences, ranges can be sliced to extract a subsequence. Example Extract a subsequence from a range: r = range(10) print(r[2]) print(r[:3]) Note: The first print statement returns the value at index 2, and the second print statement returns a new range object, from index 0 to 3. Membership Testing Ranges support membership testing with the in operator. Example Test if the numbers 6 and 7 are present in a range: r = range(0, 10, 2) print(6 in r) print(7 in r) The return value is True when the number is present in the range, and False when it is not. Length Ranges support the len() function to get the number of elements in the range. Example Get the length of a range: r = range(0, 10, 2) print(len(r)) ★ +1 Sign in to track progress
The start argument is optional, and if not provided, it defaults to 0.
range(10) returns a sequence of each number from 0 to 9. (The start argument, 0 is inclusive, and the stop argument, 10 is exclusive).
Example
Create a range of numbers from 0 to 9:
Call range() With Two Arguments
If the range function is called with two arguments,
    the first argument represents the start value,
    and the second argument represents the stop value.
range(3, 10) returns a sequence of each number from 3 to 9:
Example
Create a range of numbers from 3 to 9:
Call range() With Three Arguments
If the range function is called with three arguments, the third argument represents the step value.
The step value means the difference between each number in the sequence. It is optional, and if not provided, it defaults to 1.
range(3, 10, 2) returns a sequence of each number from 3 to 9, with a step of 2:
Example
Create a range of numbers from 3 to 9:
Using ranges
Ranges are often used in for loops to iterate over a sequence of numbers.
Example
Iterate over each value in a range:
Using List to Display Ranges
The range object is a data type that represents an immutable sequence of numbers, and it is not directly displayable.
Therefore, ranges are often converted to lists for display.
Example
Convert different ranges to lists:
Slicing Ranges
Like other sequences, ranges can be sliced to extract a subsequence.
Example
Extract a subsequence from a range:
Membership Testing
Ranges support membership testing with the in operator.
Example
Test if the numbers 6 and 7 are present in a range:
The return value is True when the number is present in the range, and False when it is not.
Length
Ranges support the len() function to get the number of elements in the range.
Example
Get the length of a range:","x = range(10)
---
x = range(3, 10)
---
x = range(3, 10, 2)
---
for i in range(10):

  print(i)
---
print(list(range(5)))

print(list(range(1, 6)))

print(list(range(5, 20, 3)))
---
r = range(10)

print(r[2])

print(r[:3])
---
r = range(0, 10, 2)

print(6 in r)

print(7 in r)
---
r = range(0, 10, 2)

print(len(r))",Python Intermedio
133,Code Challenge,https://www.w3schools.com/python/python_challenges_range.asp,"Python Range Code Challenge
Challenge: Range
Test your understanding of Python range by completing a small coding challenge.",,Python Intermedio
134,Python Arrays,https://www.w3schools.com/python/python_arrays.asp,"Python Arrays
Note: Python does not have built-in support for Arrays, 
  but Python Lists can be used instead.
Arrays
Note: This page shows you how to use LISTS as ARRAYS, however, to work with arrays in Python you will have to import
  a library, like the NumPy library .
Arrays are used to store multiple values in one single variable:
Example
Create an array containing car names:
What is an Array?
An array is a special variable, which can hold more than one value at a time.
If you have a list of items (a list of car names, for example), storing the 
cars in single variables could look like this:
However, what if you want to loop through the cars and find a specific one? 
And what if you had not 3 cars, but 300?
The solution is an array!
An array can hold many values under a single name, and you can 
access the values by referring to an index number.
Access the Elements of an Array
You refer to an array element by referring to the index number .
Example
Get the value of the first array item:
Example
Modify the value of the first array item:
The Length of an Array
Use the len() method to return the length of 
an array (the number of elements in an array).
Example
Return the number of elements in the cars array:
Note: The length of an array is always one more than the highest array index.
Looping Array Elements
You can use the for in loop to loop through all the elements of an array.
Example
Print each item in the cars array:
Adding Array Elements
You can use the append() method to add an element to an array.
Example
Add one more element to the cars array:
Removing Array Elements
You can use the pop() method to remove an element from the array.
Example
Delete the second element of the cars array:
You can also use the remove() method to remove an element from the array.
Example
Delete the element that has the value ""Volvo"":
Note: The list's remove() method 
  only removes the first occurrence of the specified value.
Array Methods
Python has a set of built-in methods that you can use on lists/arrays.
Method
Description
append()
Adds an element at 
  the end of the list
clear()
Removes all the 
  elements from the list
copy()
Returns a copy of the 
  list
count()
Returns the number of 
  elements with the specified value
extend()
Add the elements of a 
  list (or any iterable), to the end of the current list
index()
Returns the index of 
  the first element with the specified value
insert()
Adds an element at 
  the specified position
pop()
Removes the element at the 
  specified position
remove()
Removes the first 
  item with the specified value
reverse()
Reverses the order 
  of the list
sort()
Sorts the list
Note: Python does not have built-in support for Arrays, 
  but Python Lists can be used instead.","cars = [""Ford"", ""Volvo"", ""BMW""]
---
car1 = ""Ford""

  car2 = ""Volvo""

  car3 = ""BMW""
---
x = cars[0]
---
cars[0] = ""Toyota""
---
x = len(cars)
---
for x in cars:
  print(x)
---
cars.append(""Honda"")
---
cars.pop(1)
---
cars.remove(""Volvo"")",Python Intermedio
135,Arrays,https://www.w3schools.com/python/python_arrays.asp,"Python Arrays
Note: Python does not have built-in support for Arrays, 
  but Python Lists can be used instead.
Arrays
Note: This page shows you how to use LISTS as ARRAYS, however, to work with arrays in Python you will have to import
  a library, like the NumPy library .
Arrays are used to store multiple values in one single variable:
Example
Create an array containing car names:
What is an Array?
An array is a special variable, which can hold more than one value at a time.
If you have a list of items (a list of car names, for example), storing the 
cars in single variables could look like this:
However, what if you want to loop through the cars and find a specific one? 
And what if you had not 3 cars, but 300?
The solution is an array!
An array can hold many values under a single name, and you can 
access the values by referring to an index number.
Access the Elements of an Array
You refer to an array element by referring to the index number .
Example
Get the value of the first array item:
Example
Modify the value of the first array item:
The Length of an Array
Use the len() method to return the length of 
an array (the number of elements in an array).
Example
Return the number of elements in the cars array:
Note: The length of an array is always one more than the highest array index.
Looping Array Elements
You can use the for in loop to loop through all the elements of an array.
Example
Print each item in the cars array:
Adding Array Elements
You can use the append() method to add an element to an array.
Example
Add one more element to the cars array:
Removing Array Elements
You can use the pop() method to remove an element from the array.
Example
Delete the second element of the cars array:
You can also use the remove() method to remove an element from the array.
Example
Delete the element that has the value ""Volvo"":
Note: The list's remove() method 
  only removes the first occurrence of the specified value.
Array Methods
Python has a set of built-in methods that you can use on lists/arrays.
Method
Description
append()
Adds an element at 
  the end of the list
clear()
Removes all the 
  elements from the list
copy()
Returns a copy of the 
  list
count()
Returns the number of 
  elements with the specified value
extend()
Add the elements of a 
  list (or any iterable), to the end of the current list
index()
Returns the index of 
  the first element with the specified value
insert()
Adds an element at 
  the specified position
pop()
Removes the element at the 
  specified position
remove()
Removes the first 
  item with the specified value
reverse()
Reverses the order 
  of the list
sort()
Sorts the list
Note: Python does not have built-in support for Arrays, 
  but Python Lists can be used instead.","cars = [""Ford"", ""Volvo"", ""BMW""]
---
car1 = ""Ford""

  car2 = ""Volvo""

  car3 = ""BMW""
---
x = cars[0]
---
cars[0] = ""Toyota""
---
x = len(cars)
---
for x in cars:
  print(x)
---
cars.append(""Honda"")
---
cars.pop(1)
---
cars.remove(""Volvo"")",Python Intermedio
136,Code Challenge,https://www.w3schools.com/python/python_challenges_arrays.asp,"Python Arrays Code Challenge
Challenge: Arrays
Test your understanding of Python arrays by completing a small coding challenge.",,Python Intermedio
137,Python Iterators,https://www.w3schools.com/python/python_iterators.asp,"Python Iterators
Python Iterators
An iterator is an object that contains a countable number of values.
An iterator is an object that can be iterated upon, meaning that you can 
traverse through all the values.
Technically, in Python, an iterator is an object which implements the 
iterator protocol, which consist of the methods __iter__() and __next__() .
Iterator vs Iterable
Lists, tuples, dictionaries, and sets are all iterable objects. They are iterable containers which you can get an iterator from.
All these objects have a iter() method which is used to get an iterator:
Example
Return an iterator from a tuple, and print each value:
Even strings are iterable objects, and can return an iterator:
Example
Strings are also iterable objects, containing a sequence of characters:
Looping Through an Iterator
We can also use a for loop to iterate through an iterable object:
Example
Iterate the values of a tuple:
Example
Iterate the characters of a string:
The for loop actually creates an iterator object and executes the next() method for each loop.
Create an Iterator
To create an object/class as an iterator you have to implement the methods __iter__() and __next__() to your object.
As you will learn in the Python 
Classes/Objects chapter, all classes have a function called __init__() , which allows you to do some 
initializing when the object is being created.
The __iter__() method acts similar, you can 
do operations (initializing etc.), but must always return the iterator object 
itself.
The __next__() method also allows you to do 
operations, and must return the next item in the sequence.
Example
Create an iterator that returns numbers, starting with 1, and each sequence 
will increase by one (returning 1,2,3,4,5 etc.):
StopIteration
The example above would continue forever if you had enough next() statements, or if it was used in a for loop.
To prevent the iteration from going on forever, we can use the StopIteration statement.
In the __next__() method, we can add a terminating condition to raise an error if the iteration is done a specified number of times:
Example
Stop after 20 iterations:","mytuple = (""apple"", ""banana"", ""cherry"")
myit = iter(mytuple)

    print(next(myit))
print(next(myit))
print(next(myit))
---
mystr = ""banana""
myit = iter(mystr)

    print(next(myit))
print(next(myit))
print(next(myit))

    print(next(myit))
print(next(myit))
print(next(myit))
---
mytuple = (""apple"", ""banana"", ""cherry"")


for x in mytuple:

      print(x)
---
mystr = ""banana""


for x in mystr:

      print(x)
---
class MyNumbers:
  def __iter__(self):
    self.a =
  1
    return self
  def __next__(self):

  x = self.a
    self.a += 1
    return x


myclass = MyNumbers()
myiter =
   iter(myclass)
print(next(myiter))

  print(next(myiter))
print(next(myiter))
print(next(myiter))

  print(next(myiter))
---
class MyNumbers:
  def __iter__(self):
    self.a =
  1
    return self
  def __next__(self):

  if self.a <= 20:
      x = self.a

  self.a += 1
      return x

  else:
      raise StopIteration
myclass =
  MyNumbers()
myiter =
   iter(myclass)
for x in myiter:

  print(x)",Python Intermedio
138,Iterators,https://www.w3schools.com/python/python_iterators.asp,"Python Iterators
Python Iterators
An iterator is an object that contains a countable number of values.
An iterator is an object that can be iterated upon, meaning that you can 
traverse through all the values.
Technically, in Python, an iterator is an object which implements the 
iterator protocol, which consist of the methods __iter__() and __next__() .
Iterator vs Iterable
Lists, tuples, dictionaries, and sets are all iterable objects. They are iterable containers which you can get an iterator from.
All these objects have a iter() method which is used to get an iterator:
Example
Return an iterator from a tuple, and print each value:
Even strings are iterable objects, and can return an iterator:
Example
Strings are also iterable objects, containing a sequence of characters:
Looping Through an Iterator
We can also use a for loop to iterate through an iterable object:
Example
Iterate the values of a tuple:
Example
Iterate the characters of a string:
The for loop actually creates an iterator object and executes the next() method for each loop.
Create an Iterator
To create an object/class as an iterator you have to implement the methods __iter__() and __next__() to your object.
As you will learn in the Python 
Classes/Objects chapter, all classes have a function called __init__() , which allows you to do some 
initializing when the object is being created.
The __iter__() method acts similar, you can 
do operations (initializing etc.), but must always return the iterator object 
itself.
The __next__() method also allows you to do 
operations, and must return the next item in the sequence.
Example
Create an iterator that returns numbers, starting with 1, and each sequence 
will increase by one (returning 1,2,3,4,5 etc.):
StopIteration
The example above would continue forever if you had enough next() statements, or if it was used in a for loop.
To prevent the iteration from going on forever, we can use the StopIteration statement.
In the __next__() method, we can add a terminating condition to raise an error if the iteration is done a specified number of times:
Example
Stop after 20 iterations:","mytuple = (""apple"", ""banana"", ""cherry"")
myit = iter(mytuple)

    print(next(myit))
print(next(myit))
print(next(myit))
---
mystr = ""banana""
myit = iter(mystr)

    print(next(myit))
print(next(myit))
print(next(myit))

    print(next(myit))
print(next(myit))
print(next(myit))
---
mytuple = (""apple"", ""banana"", ""cherry"")


for x in mytuple:

      print(x)
---
mystr = ""banana""


for x in mystr:

      print(x)
---
class MyNumbers:
  def __iter__(self):
    self.a =
  1
    return self
  def __next__(self):

  x = self.a
    self.a += 1
    return x


myclass = MyNumbers()
myiter =
   iter(myclass)
print(next(myiter))

  print(next(myiter))
print(next(myiter))
print(next(myiter))

  print(next(myiter))
---
class MyNumbers:
  def __iter__(self):
    self.a =
  1
    return self
  def __next__(self):

  if self.a <= 20:
      x = self.a

  self.a += 1
      return x

  else:
      raise StopIteration
myclass =
  MyNumbers()
myiter =
   iter(myclass)
for x in myiter:

  print(x)",Python Intermedio
139,Code Challenge,https://www.w3schools.com/python/python_challenges_iterators.asp,"Python Iterators Code Challenge
Challenge: Iterators
Test your understanding of Python iterators by completing a small coding challenge.",,Python Intermedio
140,Python Modules,https://www.w3schools.com/python/python_modules.asp,"Python Modules
What is a Module?
Consider a module to be the same as a code library.
A file containing a set of functions you want to include in your application.
Create a Module
To create a module just save the code you want in a file with the file extension .py :
Example
Save this code in a file named mymodule.py
Use a Module
Now we can use the module we just created, by using the import statement:
Example
Import the module named mymodule, and call the greeting function:
Note: When using a function from a module, use the syntax: module_name.function_name .
Variables in Module
The module can contain functions, as already described, but also variables of 
all types (arrays, dictionaries, objects etc):
Example
Save this code in the file mymodule.py
Example
Import the module named mymodule, and access the person1 dictionary:
Naming a Module
You can name the module file whatever you like, but it must have the file extension .py
Re-naming a Module
You can create an alias when you import a module, by using the as keyword:
Example
Create an alias for mymodule called mx :
Built-in Modules
There are several built-in modules in Python, which you can import whenever you like.
Example
Import and use the platform module:
Using the dir() Function
There is a built-in function to list all the function names (or variable 
names) in a module. The dir() function:
Example
List all the defined names belonging to the platform module:
Note: The dir() function can be used on all modules, also the ones you create yourself.
Import From Module
You can choose to import only parts from a module, by using the from keyword.
Example
The module named mymodule has one function 
and one dictionary:
Example
Import only the person1 dictionary from the module:
Note: When importing using the from keyword, do not use the module name when referring to elements in the module. 
  Example: person1[""age""] , not mymodule.person1[""age""]","def greeting(name):
  print(""Hello, "" + name)
---
import mymodule
mymodule.greeting(""Jonathan"")
---
person1 = {
  ""name"": ""John"",
  ""age"": 36,

  ""country"": ""Norway""
}
---
import mymodule
a = mymodule.person1[""age""]
print(a)
---
import mymodule as mx
a = mx.person1[""age""]
print(a)
---
import platform
x = platform.system()
print(x)
---
import platform
x = dir(platform)
print(x)
---
def greeting(name):
  print(""Hello, "" + name)
person1
  = {
  ""name"": ""John"",
  ""age"": 36,
  ""country"":
  ""Norway""
}
---
from mymodule import person1
print (person1[""age""])",Python Intermedio
141,Modules,https://www.w3schools.com/python/python_modules.asp,"Python Modules
What is a Module?
Consider a module to be the same as a code library.
A file containing a set of functions you want to include in your application.
Create a Module
To create a module just save the code you want in a file with the file extension .py :
Example
Save this code in a file named mymodule.py
Use a Module
Now we can use the module we just created, by using the import statement:
Example
Import the module named mymodule, and call the greeting function:
Note: When using a function from a module, use the syntax: module_name.function_name .
Variables in Module
The module can contain functions, as already described, but also variables of 
all types (arrays, dictionaries, objects etc):
Example
Save this code in the file mymodule.py
Example
Import the module named mymodule, and access the person1 dictionary:
Naming a Module
You can name the module file whatever you like, but it must have the file extension .py
Re-naming a Module
You can create an alias when you import a module, by using the as keyword:
Example
Create an alias for mymodule called mx :
Built-in Modules
There are several built-in modules in Python, which you can import whenever you like.
Example
Import and use the platform module:
Using the dir() Function
There is a built-in function to list all the function names (or variable 
names) in a module. The dir() function:
Example
List all the defined names belonging to the platform module:
Note: The dir() function can be used on all modules, also the ones you create yourself.
Import From Module
You can choose to import only parts from a module, by using the from keyword.
Example
The module named mymodule has one function 
and one dictionary:
Example
Import only the person1 dictionary from the module:
Note: When importing using the from keyword, do not use the module name when referring to elements in the module. 
  Example: person1[""age""] , not mymodule.person1[""age""]","def greeting(name):
  print(""Hello, "" + name)
---
import mymodule
mymodule.greeting(""Jonathan"")
---
person1 = {
  ""name"": ""John"",
  ""age"": 36,

  ""country"": ""Norway""
}
---
import mymodule
a = mymodule.person1[""age""]
print(a)
---
import mymodule as mx
a = mx.person1[""age""]
print(a)
---
import platform
x = platform.system()
print(x)
---
import platform
x = dir(platform)
print(x)
---
def greeting(name):
  print(""Hello, "" + name)
person1
  = {
  ""name"": ""John"",
  ""age"": 36,
  ""country"":
  ""Norway""
}
---
from mymodule import person1
print (person1[""age""])",Python Intermedio
142,Code Challenge,https://www.w3schools.com/python/python_challenges_modules.asp,"Python Modules Code Challenge
Challenge: Modules
Test your understanding of Python modules by completing a small coding challenge.",,Python Intermedio
143,Python Dates,https://www.w3schools.com/python/python_datetime.asp,"Python Datetime
Python Dates
A date in Python is not a data type of its own, but we can import a module 
named datetime to work with dates as date 
objects.
Example
Import the datetime module and display the current date:
Date Output
When we execute the code from the example above the result will be:
The date contains year, month, day, hour, minute, second, and microsecond.
The datetime module has many methods to return information about the date 
object.
Here are a few examples, you will learn more about them later in this 
chapter:
Example
Return the year and name of weekday:
Creating Date Objects
To create a date, we can use the datetime() class (constructor) of the datetime module.
The datetime() class requires three parameters to create a date: year, 
month, day.
Example
Create a date object:
The datetime() class also takes parameters for time and timezone (hour, 
minute, second, microsecond, tzone), but they are optional, and has a default 
value of 0 , ( None for timezone).
The strftime() Method
The datetime object has a method for formatting date objects into readable strings.
The method is called strftime() , and takes one parameter, format , to specify the format of the returned string:
Example
Display the name of the month:
A reference of all the legal format codes:
Directive
Description
Example
Try it
%a
Weekday, short version
Wed
%A
Weekday, full version
Wednesday
%w
Weekday as a number 0-6, 0 is Sunday
3
%d
Day of month 01-31
31
%b
Month name, short version
Dec
%B
Month name, full version
December
%m
Month as a number 01-12
12
%y
Year, short version, without century
18
%Y
Year, full version
2018
%H
Hour 00-23
17
%I
Hour 00-12
05
%p
AM/PM
PM
%M
Minute 00-59
41
%S
Second 00-59
08
%f
Microsecond 000000-999999
548513
%z
UTC offset
+0100
%Z
Timezone
CST
%j
Day number of year 001-366
365
%U
Week number of year, Sunday as the first day of week, 00-53
52
%W
Week number of year, Monday as the first day of week, 00-53
52
%c
Local version of date and time
Mon Dec 31 17:41:00 2018
%C
Century
20
%x
Local version of date
12/31/18
%X
Local version of time
17:41:00
%%
A % character
%
%G
ISO 8601 year
2018
%u
ISO 8601 weekday (1-7)
1
%V
ISO 8601 weeknumber (01-53)
01","import datetime
x = datetime.datetime.now()
print(x)
---
import datetime
x = datetime.datetime.now()
print(x.year)

  print(x.strftime(""%A""))
---
import datetime
x = datetime.datetime(2020, 5, 17)


print(x)
---
import datetime
x = datetime.datetime(2018, 6, 1)
print(x.strftime(""%B""))",Python Intermedio
144,Dates,https://www.w3schools.com/python/python_datetime.asp,"Python Datetime
Python Dates
A date in Python is not a data type of its own, but we can import a module 
named datetime to work with dates as date 
objects.
Example
Import the datetime module and display the current date:
Date Output
When we execute the code from the example above the result will be:
The date contains year, month, day, hour, minute, second, and microsecond.
The datetime module has many methods to return information about the date 
object.
Here are a few examples, you will learn more about them later in this 
chapter:
Example
Return the year and name of weekday:
Creating Date Objects
To create a date, we can use the datetime() class (constructor) of the datetime module.
The datetime() class requires three parameters to create a date: year, 
month, day.
Example
Create a date object:
The datetime() class also takes parameters for time and timezone (hour, 
minute, second, microsecond, tzone), but they are optional, and has a default 
value of 0 , ( None for timezone).
The strftime() Method
The datetime object has a method for formatting date objects into readable strings.
The method is called strftime() , and takes one parameter, format , to specify the format of the returned string:
Example
Display the name of the month:
A reference of all the legal format codes:
Directive
Description
Example
Try it
%a
Weekday, short version
Wed
%A
Weekday, full version
Wednesday
%w
Weekday as a number 0-6, 0 is Sunday
3
%d
Day of month 01-31
31
%b
Month name, short version
Dec
%B
Month name, full version
December
%m
Month as a number 01-12
12
%y
Year, short version, without century
18
%Y
Year, full version
2018
%H
Hour 00-23
17
%I
Hour 00-12
05
%p
AM/PM
PM
%M
Minute 00-59
41
%S
Second 00-59
08
%f
Microsecond 000000-999999
548513
%z
UTC offset
+0100
%Z
Timezone
CST
%j
Day number of year 001-366
365
%U
Week number of year, Sunday as the first day of week, 00-53
52
%W
Week number of year, Monday as the first day of week, 00-53
52
%c
Local version of date and time
Mon Dec 31 17:41:00 2018
%C
Century
20
%x
Local version of date
12/31/18
%X
Local version of time
17:41:00
%%
A % character
%
%G
ISO 8601 year
2018
%u
ISO 8601 weekday (1-7)
1
%V
ISO 8601 weeknumber (01-53)
01","import datetime
x = datetime.datetime.now()
print(x)
---
import datetime
x = datetime.datetime.now()
print(x.year)

  print(x.strftime(""%A""))
---
import datetime
x = datetime.datetime(2020, 5, 17)


print(x)
---
import datetime
x = datetime.datetime(2018, 6, 1)
print(x.strftime(""%B""))",Python Intermedio
145,Code Challenge,https://www.w3schools.com/python/python_challenges_datetime.asp,"Python Dates Code Challenge
Challenge: Dates
Test your understanding of Python dates by completing a small coding challenge.",,Python Intermedio
146,Python Math,https://www.w3schools.com/python/python_math.asp,"Python Math
Python has a set of built-in math functions, including an extensive math module, that allows you to perform mathematical tasks on numbers.
Built-in Math Functions
The min() and max() functions can be used to find the lowest or highest value in an iterable:
Example
The abs() function returns the absolute (positive) value of the specified number:
Example
The pow( x , y ) function returns the value of x to the power of y (x y ).
Example
Return the value of 4 to the power of 3 (same as 4 * 4 * 4):
The Math Module
Python has also a built-in module called math , which extends the list of mathematical functions.
To use it, you must import the math module:
When you have imported the math module, you 
can start using methods and constants of the module.
The math.sqrt() method for example, returns the square root of a number:
Example
The math.ceil() method rounds a number upwards to 
its nearest integer, and the math.floor() method rounds a number downwards to its nearest integer, and returns the result:
Example
The math.pi constant, returns the value of 
PI (3.14...):
Example
Complete Math Module Reference
In our Math Module Reference you will 
find a complete reference of all methods and constants that belongs to the Math module.","x = min(5, 10, 25)
y = max(5, 10, 25)
print(x)
print(y)
---
x = abs(-7.25)
print(x)
---
x = pow(4, 3)
print(x)
---
import math
---
import
    math
x = math.sqrt(64)
print(x)
---
import
    math
x = math.ceil(1.4)
y = math.floor(1.4)
print(x) #
    returns 2
print(y) # returns 1
---
import
    math
x = math.pi
print(x)",Python Intermedio
147,Math,https://www.w3schools.com/python/python_math.asp,"Python Math
Python has a set of built-in math functions, including an extensive math module, that allows you to perform mathematical tasks on numbers.
Built-in Math Functions
The min() and max() functions can be used to find the lowest or highest value in an iterable:
Example
The abs() function returns the absolute (positive) value of the specified number:
Example
The pow( x , y ) function returns the value of x to the power of y (x y ).
Example
Return the value of 4 to the power of 3 (same as 4 * 4 * 4):
The Math Module
Python has also a built-in module called math , which extends the list of mathematical functions.
To use it, you must import the math module:
When you have imported the math module, you 
can start using methods and constants of the module.
The math.sqrt() method for example, returns the square root of a number:
Example
The math.ceil() method rounds a number upwards to 
its nearest integer, and the math.floor() method rounds a number downwards to its nearest integer, and returns the result:
Example
The math.pi constant, returns the value of 
PI (3.14...):
Example
Complete Math Module Reference
In our Math Module Reference you will 
find a complete reference of all methods and constants that belongs to the Math module.","x = min(5, 10, 25)
y = max(5, 10, 25)
print(x)
print(y)
---
x = abs(-7.25)
print(x)
---
x = pow(4, 3)
print(x)
---
import math
---
import
    math
x = math.sqrt(64)
print(x)
---
import
    math
x = math.ceil(1.4)
y = math.floor(1.4)
print(x) #
    returns 2
print(y) # returns 1
---
import
    math
x = math.pi
print(x)",Python Intermedio
148,Code Challenge,https://www.w3schools.com/python/python_challenges_math.asp,"Python Math Code Challenge
Challenge: Math
Test your understanding of Python math by completing a small coding challenge.",,Python Intermedio
149,Python JSON,https://www.w3schools.com/python/python_json.asp,"Python JSON
JSON is a syntax for storing and exchanging data.
JSON is text, written with JavaScript object notation.
JSON in Python
Python has a built-in package called json , which can be used to work with JSON data.
Example
Import the json module:
Parse JSON - Convert from JSON to Python
If you have a JSON string, you can parse it by using the json.loads() method.
The result will be a Python dictionary .
Example
Convert from JSON to Python:
Convert from Python to JSON
If you have a Python object, you can convert it into a JSON string by 
using the json.dumps() method.
Example
Convert from Python to JSON:
You can convert Python objects of the following types, into JSON strings:
dict
list
tuple
string
int
float
True
False
None
Example
Convert Python objects into JSON strings, and print the values:
When you convert from Python to JSON, Python objects are converted into the JSON (JavaScript) equivalent:
Python
JSON
dict
Object
list
Array
tuple
Array
str
String
int
Number
float
Number
True
true
False
false
None
null
Example
Convert a Python object containing all the legal data types:
Format the Result
The example above prints a JSON string, but it is not very easy to read, with no indentations and line breaks.
The json.dumps() method has parameters to 
make it easier to read the result:
Example
Use the indent parameter to define the numbers 
of indents:
You can also define the separators, default value is ("", "", "": ""), which 
means using a comma and a space to separate each object, and a colon and a space 
to separate keys from values:
Example
Use the separators parameter to change the 
default separator:
Order the Result
The json.dumps() method has parameters to 
order the keys in the result:
Example
Use the sort_keys parameter to specify if 
the result should be sorted or not:","import json
---
import json
# some JSON:
x =  '{ ""name"":""John"", ""age"":30, ""city"":""New
  York""}'
# parse x:
y = json.loads(x)
# the result is a
  Python dictionary:
print(y[""age""])
---
import json
# a Python object (dict):
x = {
  ""name"":
  ""John"",
  ""age"": 30,
  ""city"": ""New York""
}
#
  convert into JSON:
y = json.dumps(x)
# the result is a JSON string:

  print(y)
---
import json
print(json.dumps({""name"": ""John"", ""age"": 30}))
print(json.dumps([""apple"",
  ""bananas""]))
print(json.dumps((""apple"", ""bananas"")))

  print(json.dumps(""hello""))
print(json.dumps(42))
print(json.dumps(31.76))
print(json.dumps(True))
print(json.dumps(False))
print(json.dumps(None))
---
import json
x = {
  ""name"":
  ""John"",
  ""age"": 30,
  ""married"": True,

  ""divorced"": False,
  ""children"": (""Ann"",""Billy""),
  ""pets"":
  None,
  ""cars"": [
    {""model"": ""BMW 230"", ""mpg"":
  27.5},
    {""model"": ""Ford Edge"", ""mpg"": 24.1}
  ]

  }
print(json.dumps(x))
---
json.dumps(x, indent=4)
---
json.dumps(x, indent=4, separators=("". "", "" = ""))
---
json.dumps(x, indent=4, sort_keys=True)",Python Intermedio
150,JSON,https://www.w3schools.com/python/python_json.asp,"Python JSON
JSON is a syntax for storing and exchanging data.
JSON is text, written with JavaScript object notation.
JSON in Python
Python has a built-in package called json , which can be used to work with JSON data.
Example
Import the json module:
Parse JSON - Convert from JSON to Python
If you have a JSON string, you can parse it by using the json.loads() method.
The result will be a Python dictionary .
Example
Convert from JSON to Python:
Convert from Python to JSON
If you have a Python object, you can convert it into a JSON string by 
using the json.dumps() method.
Example
Convert from Python to JSON:
You can convert Python objects of the following types, into JSON strings:
dict
list
tuple
string
int
float
True
False
None
Example
Convert Python objects into JSON strings, and print the values:
When you convert from Python to JSON, Python objects are converted into the JSON (JavaScript) equivalent:
Python
JSON
dict
Object
list
Array
tuple
Array
str
String
int
Number
float
Number
True
true
False
false
None
null
Example
Convert a Python object containing all the legal data types:
Format the Result
The example above prints a JSON string, but it is not very easy to read, with no indentations and line breaks.
The json.dumps() method has parameters to 
make it easier to read the result:
Example
Use the indent parameter to define the numbers 
of indents:
You can also define the separators, default value is ("", "", "": ""), which 
means using a comma and a space to separate each object, and a colon and a space 
to separate keys from values:
Example
Use the separators parameter to change the 
default separator:
Order the Result
The json.dumps() method has parameters to 
order the keys in the result:
Example
Use the sort_keys parameter to specify if 
the result should be sorted or not:","import json
---
import json
# some JSON:
x =  '{ ""name"":""John"", ""age"":30, ""city"":""New
  York""}'
# parse x:
y = json.loads(x)
# the result is a
  Python dictionary:
print(y[""age""])
---
import json
# a Python object (dict):
x = {
  ""name"":
  ""John"",
  ""age"": 30,
  ""city"": ""New York""
}
#
  convert into JSON:
y = json.dumps(x)
# the result is a JSON string:

  print(y)
---
import json
print(json.dumps({""name"": ""John"", ""age"": 30}))
print(json.dumps([""apple"",
  ""bananas""]))
print(json.dumps((""apple"", ""bananas"")))

  print(json.dumps(""hello""))
print(json.dumps(42))
print(json.dumps(31.76))
print(json.dumps(True))
print(json.dumps(False))
print(json.dumps(None))
---
import json
x = {
  ""name"":
  ""John"",
  ""age"": 30,
  ""married"": True,

  ""divorced"": False,
  ""children"": (""Ann"",""Billy""),
  ""pets"":
  None,
  ""cars"": [
    {""model"": ""BMW 230"", ""mpg"":
  27.5},
    {""model"": ""Ford Edge"", ""mpg"": 24.1}
  ]

  }
print(json.dumps(x))
---
json.dumps(x, indent=4)
---
json.dumps(x, indent=4, separators=("". "", "" = ""))
---
json.dumps(x, indent=4, sort_keys=True)",Python Intermedio
151,Code Challenge,https://www.w3schools.com/python/python_challenges_json.asp,"Python JSON Code Challenge
Challenge: JSON
Test your understanding of Python json by completing a small coding challenge.",,Python Intermedio
152,Python RegEx,https://www.w3schools.com/python/python_regex.asp,"Python RegEx
A RegEx, or Regular Expression, is a sequence of characters that forms a search pattern.
RegEx can be used to check if a string contains the specified search pattern.
RegEx Module
Python has a built-in package called re , which can be used to work with 
Regular Expressions.
Import the re module:
RegEx in Python
When you have imported the re module, you 
can start using regular expressions:
Example
Search the string to see if it starts with ""The"" and ends with ""Spain"":
RegEx Functions
The re module offers a set of functions that allows 
us to search a string for a match:
Function
Description
findall
Returns a list containing all matches
search
Returns a Match object if there is a match anywhere in the string
split
Returns a list where the string has been split at each match
sub
Replaces one or many matches with a string
Metacharacters
Metacharacters are characters with a special meaning:
Character
Description
Example
Try it
[]
A set of characters
""[a-m]""
\
Signals a special sequence (can also be used to escape special characters)
""\d""
.
Any character (except newline character)
""he..o""
^
Starts with
""^hello""
$
Ends with
""planet$""
*
Zero or more occurrences
""he.*o""
+
One or more occurrences
""he.+o""
?
Zero or one occurrences
""he.?o""
{}
Exactly the specified number of occurrences
""he.{2}o""
|
Either or
""falls|stays""
()
Capture and group
Flags
You can add flags to the pattern when using regular expressions.
Flag
Shorthand
Description
Try it
re.ASCII
re.A
Returns only ASCII matches
re.DEBUG
Returns debug information
re.DOTALL
re.S
Makes the . character match all characters (including newline character)
re.IGNORECASE
re.I
Case-insensitive matching
re.MULTILINE
re.M
Returns only matches at the beginning of each line
re.NOFLAG
Specifies that no flag is set for this pattern
re.UNICODE
re.U
Returns Unicode matches. This is default from Python 3. For Python 2: use this flag to return only Unicode matches
re.VERBOSE
re.X
Allows whitespaces and comments inside patterns. Makes the pattern more readable
Special Sequences
A special sequence is a \ followed by one of the characters in the list below, and has a special meaning:
Character
Description
Example
Try it
\A
Returns a match if the specified characters are at the beginning of the 
string
""\AThe""
\b
Returns a match where the specified characters are at the beginning or at the 
end of a word (the ""r"" in the beginning is making sure that the string is 
being treated as a ""raw string"")
r""\bain"" r""ain\b""
\B
Returns a match where the specified characters are present, but NOT at the beginning 
(or at 
the end) of a word (the ""r"" in the beginning is making sure that the string 
is being treated as a ""raw string"")
r""\Bain"" r""ain\B""
\d
Returns a match where the string contains digits (numbers from 0-9)
""\d""
\D
Returns a match where the string DOES NOT contain digits
""\D""
\s
Returns a match where the string contains a white space character
""\s""
\S
Returns a match where the string DOES NOT contain a white space character
""\S""
\w
Returns a match where the string contains any word characters (characters from 
a to Z, digits from 0-9, and the underscore _ character)
""\w""
\W
Returns a match where the string DOES NOT contain any word characters
""\W""
\Z
Returns a match if the specified characters are at the end of the string
""Spain\Z""
Sets
A set is a set of characters inside a pair of square brackets [] with a special meaning:
Set
Description
Try it
[arn]
Returns a match where one of the specified characters ( a , r , or n ) is 
present
[a-n]
Returns a match for any lower case character, alphabetically between a and n
[^arn]
Returns a match for any character EXCEPT a , r , and n
[0123]
Returns a match where any of the specified digits ( 0 , 1 , 2 , or 3 ) are 
present
[0-9]
Returns a match for any digit between 0 and 9
[0-5][0-9]
Returns a match for any two-digit numbers from 00 and 59
[a-zA-Z]
Returns a match for any character alphabetically between a and z , lower case OR upper case
[+]
In sets, + , * , . , | , () , $ , {} has no special meaning, so [+] means: return a match for any + character in the string
The findall() Function
The findall() function returns a list containing all matches.
Example
Print a list of all matches:
The list contains the matches in the order they are found.
If no matches are found, an empty list is returned:
Example
Return an empty list if no match was found:
The search() Function
The search() function searches the string 
for a match, and returns a Match object if there is a 
match.
If there is more than one match, 
only the first occurrence of the match will be returned:
Example
Search for the first white-space character in the string:
If no matches are found, the value None is returned:
Example
Make a search that returns no match:
The split() Function
The split() function returns a list where 
the string has been split at each match:
Example
Split at each white-space character:
You can control the number of occurrences by specifying the maxsplit parameter:
Example
Split the string only at the first occurrence:
The sub() Function
The sub() function replaces the matches with 
the text of your choice:
Example
Replace every white-space character with the number 9:
You can control the number of replacements by specifying the count parameter:
Example
Replace the first 2 occurrences:
Match Object
A Match Object is an object containing information 
about the search and the result.
Note: If there is no match, the value None will be 
returned, instead of the Match Object.
Example
Do a search that will return a Match Object:
The Match object has properties and methods used to retrieve information 
about the search, and the result:
.span() returns a tuple containing the start-, and end positions of the match. .string returns the string passed into the function .group() returns the part of the string where there was a match
Example
Print the position (start- and end-position) of the first match occurrence.
The regular expression looks for any words that starts with an upper case 
  ""S"":
Example
Print the string passed into the function:
Example
Print the part of the string where there was a match.
The regular expression looks for any words that starts with an upper case 
  ""S"":
Note: If there is no match, the value None will be 
returned, instead of the Match Object.","import re
---
import
    re
txt = ""The rain in Spain""
x = re.search(""^The.*Spain$"", txt)
---
import re
txt = ""The rain in Spain""
x = re.findall(""ai"",
  txt)

  print(x)
---
import re
txt = ""The rain in Spain""
x = re.findall(""Portugal"",
  txt)

  print(x)
---
import re
txt = ""The rain in Spain""
x = re.search(""\s"",
  txt)


print(""The first white-space character is located in
  position:"", x.start())
---
import re
txt = ""The rain in Spain""
x = re.search(""Portugal"",
  txt)

  print(x)
---
import re
txt = ""The rain in Spain""
x = re.split(""\s"",
  txt)

  print(x)
---
import re
txt = ""The rain in Spain""
x = re.split(""\s"",
  txt,
  1)

  print(x)
---
import re
txt = ""The rain in Spain""
x = re.sub(""\s"",
  ""9"", txt)

  print(x)
---
import re
txt = ""The rain in Spain""
x = re.sub(""\s"",
  ""9"", txt, 2)

  print(x)
---
import re
txt = ""The rain in Spain""
x = re.search(""ai"",
  txt)

  print(x) #this will print an object
---
import re

    txt = ""The rain in Spain""

    x = re.search(r""\bS\w+"", txt)

    print(
x.span()
)
---
import re

    txt = ""The rain in Spain""

    x = re.search(r""\bS\w+"", txt)

    print(
x.string
)
---
import re

    txt = ""The rain in Spain""

    x = re.search(r""\bS\w+"", txt)

    print(
x.group()
)",Python Intermedio
153,RegEx,https://www.w3schools.com/python/python_regex.asp,"Python RegEx
A RegEx, or Regular Expression, is a sequence of characters that forms a search pattern.
RegEx can be used to check if a string contains the specified search pattern.
RegEx Module
Python has a built-in package called re , which can be used to work with 
Regular Expressions.
Import the re module:
RegEx in Python
When you have imported the re module, you 
can start using regular expressions:
Example
Search the string to see if it starts with ""The"" and ends with ""Spain"":
RegEx Functions
The re module offers a set of functions that allows 
us to search a string for a match:
Function
Description
findall
Returns a list containing all matches
search
Returns a Match object if there is a match anywhere in the string
split
Returns a list where the string has been split at each match
sub
Replaces one or many matches with a string
Metacharacters
Metacharacters are characters with a special meaning:
Character
Description
Example
Try it
[]
A set of characters
""[a-m]""
\
Signals a special sequence (can also be used to escape special characters)
""\d""
.
Any character (except newline character)
""he..o""
^
Starts with
""^hello""
$
Ends with
""planet$""
*
Zero or more occurrences
""he.*o""
+
One or more occurrences
""he.+o""
?
Zero or one occurrences
""he.?o""
{}
Exactly the specified number of occurrences
""he.{2}o""
|
Either or
""falls|stays""
()
Capture and group
Flags
You can add flags to the pattern when using regular expressions.
Flag
Shorthand
Description
Try it
re.ASCII
re.A
Returns only ASCII matches
re.DEBUG
Returns debug information
re.DOTALL
re.S
Makes the . character match all characters (including newline character)
re.IGNORECASE
re.I
Case-insensitive matching
re.MULTILINE
re.M
Returns only matches at the beginning of each line
re.NOFLAG
Specifies that no flag is set for this pattern
re.UNICODE
re.U
Returns Unicode matches. This is default from Python 3. For Python 2: use this flag to return only Unicode matches
re.VERBOSE
re.X
Allows whitespaces and comments inside patterns. Makes the pattern more readable
Special Sequences
A special sequence is a \ followed by one of the characters in the list below, and has a special meaning:
Character
Description
Example
Try it
\A
Returns a match if the specified characters are at the beginning of the 
string
""\AThe""
\b
Returns a match where the specified characters are at the beginning or at the 
end of a word (the ""r"" in the beginning is making sure that the string is 
being treated as a ""raw string"")
r""\bain"" r""ain\b""
\B
Returns a match where the specified characters are present, but NOT at the beginning 
(or at 
the end) of a word (the ""r"" in the beginning is making sure that the string 
is being treated as a ""raw string"")
r""\Bain"" r""ain\B""
\d
Returns a match where the string contains digits (numbers from 0-9)
""\d""
\D
Returns a match where the string DOES NOT contain digits
""\D""
\s
Returns a match where the string contains a white space character
""\s""
\S
Returns a match where the string DOES NOT contain a white space character
""\S""
\w
Returns a match where the string contains any word characters (characters from 
a to Z, digits from 0-9, and the underscore _ character)
""\w""
\W
Returns a match where the string DOES NOT contain any word characters
""\W""
\Z
Returns a match if the specified characters are at the end of the string
""Spain\Z""
Sets
A set is a set of characters inside a pair of square brackets [] with a special meaning:
Set
Description
Try it
[arn]
Returns a match where one of the specified characters ( a , r , or n ) is 
present
[a-n]
Returns a match for any lower case character, alphabetically between a and n
[^arn]
Returns a match for any character EXCEPT a , r , and n
[0123]
Returns a match where any of the specified digits ( 0 , 1 , 2 , or 3 ) are 
present
[0-9]
Returns a match for any digit between 0 and 9
[0-5][0-9]
Returns a match for any two-digit numbers from 00 and 59
[a-zA-Z]
Returns a match for any character alphabetically between a and z , lower case OR upper case
[+]
In sets, + , * , . , | , () , $ , {} has no special meaning, so [+] means: return a match for any + character in the string
The findall() Function
The findall() function returns a list containing all matches.
Example
Print a list of all matches:
The list contains the matches in the order they are found.
If no matches are found, an empty list is returned:
Example
Return an empty list if no match was found:
The search() Function
The search() function searches the string 
for a match, and returns a Match object if there is a 
match.
If there is more than one match, 
only the first occurrence of the match will be returned:
Example
Search for the first white-space character in the string:
If no matches are found, the value None is returned:
Example
Make a search that returns no match:
The split() Function
The split() function returns a list where 
the string has been split at each match:
Example
Split at each white-space character:
You can control the number of occurrences by specifying the maxsplit parameter:
Example
Split the string only at the first occurrence:
The sub() Function
The sub() function replaces the matches with 
the text of your choice:
Example
Replace every white-space character with the number 9:
You can control the number of replacements by specifying the count parameter:
Example
Replace the first 2 occurrences:
Match Object
A Match Object is an object containing information 
about the search and the result.
Note: If there is no match, the value None will be 
returned, instead of the Match Object.
Example
Do a search that will return a Match Object:
The Match object has properties and methods used to retrieve information 
about the search, and the result:
.span() returns a tuple containing the start-, and end positions of the match. .string returns the string passed into the function .group() returns the part of the string where there was a match
Example
Print the position (start- and end-position) of the first match occurrence.
The regular expression looks for any words that starts with an upper case 
  ""S"":
Example
Print the string passed into the function:
Example
Print the part of the string where there was a match.
The regular expression looks for any words that starts with an upper case 
  ""S"":
Note: If there is no match, the value None will be 
returned, instead of the Match Object.","import re
---
import
    re
txt = ""The rain in Spain""
x = re.search(""^The.*Spain$"", txt)
---
import re
txt = ""The rain in Spain""
x = re.findall(""ai"",
  txt)

  print(x)
---
import re
txt = ""The rain in Spain""
x = re.findall(""Portugal"",
  txt)

  print(x)
---
import re
txt = ""The rain in Spain""
x = re.search(""\s"",
  txt)


print(""The first white-space character is located in
  position:"", x.start())
---
import re
txt = ""The rain in Spain""
x = re.search(""Portugal"",
  txt)

  print(x)
---
import re
txt = ""The rain in Spain""
x = re.split(""\s"",
  txt)

  print(x)
---
import re
txt = ""The rain in Spain""
x = re.split(""\s"",
  txt,
  1)

  print(x)
---
import re
txt = ""The rain in Spain""
x = re.sub(""\s"",
  ""9"", txt)

  print(x)
---
import re
txt = ""The rain in Spain""
x = re.sub(""\s"",
  ""9"", txt, 2)

  print(x)
---
import re
txt = ""The rain in Spain""
x = re.search(""ai"",
  txt)

  print(x) #this will print an object
---
import re

    txt = ""The rain in Spain""

    x = re.search(r""\bS\w+"", txt)

    print(
x.span()
)
---
import re

    txt = ""The rain in Spain""

    x = re.search(r""\bS\w+"", txt)

    print(
x.string
)
---
import re

    txt = ""The rain in Spain""

    x = re.search(r""\bS\w+"", txt)

    print(
x.group()
)",Python Intermedio
154,Code Challenge,https://www.w3schools.com/python/python_challenges_regex.asp,"Python RegEx Code Challenge
Challenge: RegEx
Test your understanding of Python regex by completing a small coding challenge.",,Python Intermedio
155,Python PIP,https://www.w3schools.com/python/python_pip.asp,"Python PIP
What is PIP?
PIP is a package manager for Python packages, or modules if you like.
Note: If you have Python version 3.4 or later, PIP is included by default.
What is a Package?
A package contains all the files you need for a module.
Modules are Python code libraries you can include in your project.
Check if PIP is Installed
Navigate your command line to the location of Python's script directory, and type the following:
Example
Check PIP version:
Install PIP
If you do not have PIP installed, you can download and install it from this page: https://pypi.org/project/pip/
Download a Package
Downloading a package is very easy.
Open the command line interface and tell PIP to download the package you 
want.
Navigate your command line to the location of Python's script directory, and type the following:
Example
Download a package named ""camelcase"":
Now you have downloaded and installed your first package!
Using a Package
Once the package is installed, it is ready to use.
Import the ""camelcase"" package into your project.
Example
Import and use ""camelcase"":
Find Packages
Find more packages at https://pypi.org/ .
Remove a Package
Use the uninstall command to remove a package:
Example
Uninstall the package named ""camelcase"":
The PIP Package Manager will ask you to confirm that you want to remove the 
camelcase package:
Press y and the package will be removed.
List Packages
Use the list command to list all the packages installed on your system:
Example
List installed packages:
Result:","C:\Users\
Your Name
\AppData\Local\Programs\Python\Python36-32\Scripts>pip --version
---
C:\Users\
Your Name
\AppData\Local\Programs\Python\Python36-32\Scripts>pip
  install camelcase
---
import camelcase
c = camelcase.CamelCase()
txt = ""hello world""


print(c.hump(txt))
---
C:\Users\
Your Name
\AppData\Local\Programs\Python\Python36-32\Scripts>pip
  uninstall camelcase
---
Uninstalling camelcase-02.1:
  Would remove:
    c:\users\
Your Name
\appdata\local\programs\python\python36-32\lib\site-packages\camelcase-0.2-py3.6.egg-info

  c:\users\
Your Name
\appdata\local\programs\python\python36-32\lib\site-packages\camelcase\*

  Proceed (y/n)?
---
C:\Users\
Your Name
\AppData\Local\Programs\Python\Python36-32\Scripts>pip list
---
Package         Version

  -----------------------
camelcase       0.2
mysql-connector 2.1.6

  pip
  18.1
pymongo         3.6.1

  setuptools      39.0.1",Python Intermedio
156,Python Try...Except,https://www.w3schools.com/python/python_try_except.asp,"Python Try Except
The try block lets you test a 
block of code for errors.
The except block lets you 
handle the error.
The else block lets you 
execute code when there is no error.
The finally block lets you 
execute code, regardless of the result of the try- and except blocks.
Exception Handling
When an error occurs, or exception as we call it, Python will normally stop and 
generate an error message.
These exceptions can be handled using the try statement:
Example
The try block will generate an exception, 
  because x is not defined:
Since the try block raises an error, the except block will be executed.
Without the try block, the program will crash and raise an error:
Example
This statement will raise an error, 
  because x is not defined:
Many Exceptions
You can define as many exception blocks as you want, e.g. if you want to execute a 
special block of code for a special kind of error:
Example
Print one message if the try block raises a NameError and another 
  for other errors:
See more Error types in our Python Built-in Exceptions Reference .
Else
You can use the else keyword to define a 
block of code to be executed if no errors were raised:
Example
In this example, the try block does not 
  generate any error:
Finally
The finally block, if specified, will be executed 
regardless if the try block 
raises an error or not.
Example
This can be useful to close objects and clean up resources:
Example
Try to open and write to a file that is not writable:
The program can continue, without leaving the file object open.
Raise an exception
As a Python developer you can choose to throw an exception if a condition occurs.
To throw (or raise) an exception, use the raise keyword.
Example
Raise an error and stop the program if x is lower than 0:
The raise keyword is used to raise an 
exception.
You can define what kind of error to raise, and the text to print to the user.
Example
Raise a TypeError if x is not an integer:","try:
  print(x)
except:
  print(""An exception occurred"")
---
print(x)
---
try:
  print(x)
except NameError:
  print(""Variable x
  is not defined"")
except:
  print(""Something else went
  wrong"")
---
try:
  print(""Hello"")
except:
  print(""Something went
  wrong"")
else:
  print(""Nothing went wrong"")
---
try:
  print(x)
except:
  print(""Something went
  wrong"")
finally:
  print(""The 'try except' is finished"")
---
try:
  f = open(""demofile.txt"")
  try:

  f.write(""Lorum Ipsum"")
  except:

  print(""Something went wrong when writing to the file"")
  finally:

  f.close()
except:
  print(""Something went wrong when opening the
  file"")
---
x = -1
if x < 0:
  raise Exception(""Sorry, no numbers below
    zero"")
---
x = ""hello""
if not type(x) is int:
  raise TypeError(""Only
    integers are allowed"")",Python Intermedio
157,Try...Except,https://www.w3schools.com/python/python_try_except.asp,"Python Try Except
The try block lets you test a 
block of code for errors.
The except block lets you 
handle the error.
The else block lets you 
execute code when there is no error.
The finally block lets you 
execute code, regardless of the result of the try- and except blocks.
Exception Handling
When an error occurs, or exception as we call it, Python will normally stop and 
generate an error message.
These exceptions can be handled using the try statement:
Example
The try block will generate an exception, 
  because x is not defined:
Since the try block raises an error, the except block will be executed.
Without the try block, the program will crash and raise an error:
Example
This statement will raise an error, 
  because x is not defined:
Many Exceptions
You can define as many exception blocks as you want, e.g. if you want to execute a 
special block of code for a special kind of error:
Example
Print one message if the try block raises a NameError and another 
  for other errors:
See more Error types in our Python Built-in Exceptions Reference .
Else
You can use the else keyword to define a 
block of code to be executed if no errors were raised:
Example
In this example, the try block does not 
  generate any error:
Finally
The finally block, if specified, will be executed 
regardless if the try block 
raises an error or not.
Example
This can be useful to close objects and clean up resources:
Example
Try to open and write to a file that is not writable:
The program can continue, without leaving the file object open.
Raise an exception
As a Python developer you can choose to throw an exception if a condition occurs.
To throw (or raise) an exception, use the raise keyword.
Example
Raise an error and stop the program if x is lower than 0:
The raise keyword is used to raise an 
exception.
You can define what kind of error to raise, and the text to print to the user.
Example
Raise a TypeError if x is not an integer:","try:
  print(x)
except:
  print(""An exception occurred"")
---
print(x)
---
try:
  print(x)
except NameError:
  print(""Variable x
  is not defined"")
except:
  print(""Something else went
  wrong"")
---
try:
  print(""Hello"")
except:
  print(""Something went
  wrong"")
else:
  print(""Nothing went wrong"")
---
try:
  print(x)
except:
  print(""Something went
  wrong"")
finally:
  print(""The 'try except' is finished"")
---
try:
  f = open(""demofile.txt"")
  try:

  f.write(""Lorum Ipsum"")
  except:

  print(""Something went wrong when writing to the file"")
  finally:

  f.close()
except:
  print(""Something went wrong when opening the
  file"")
---
x = -1
if x < 0:
  raise Exception(""Sorry, no numbers below
    zero"")
---
x = ""hello""
if not type(x) is int:
  raise TypeError(""Only
    integers are allowed"")",Python Intermedio
158,Code Challenge,https://www.w3schools.com/python/python_challenges_try_except.asp,"Python Try...Except Code Challenge
Challenge: Try...Except
Test your understanding of Python try...except by completing a small coding challenge.",,Python Intermedio
159,Python String Formatting,https://www.w3schools.com/python/python_string_formatting.asp,"Python String Formatting
F-String was introduced in Python 3.6,
and is now the preferred way of formatting strings.
Before Python 3.6 we had to use the format() method.
F-Strings
F-string allows you to format selected parts of a string.
To specify a string as an f-string, simply put an f in front of the string 
literal, like this:
Example
Create an f-string:
Placeholders and Modifiers
To format values in an f-string, add placeholders {} , 
a placeholder can contain variables,
operations, functions, and modifiers to format the value.
Example
Add a placeholder for the price variable:
A placeholder can also include a modifier to format the value.
A modifier is included by adding a colon : followed by a legal formatting type, like .2f which means fixed point number with 2 decimals:
Example
Display the price with 2 decimals:
You can also format a value directly without keeping it in a variable:
Example
Display the value 95 with 2 decimals:
Perform Operations in F-Strings
You can perform Python operations inside the placeholders.
You can do math operations:
Example
Perform a math operation in the placeholder, and return the result:
You can perform math operations on variables:
Example
Add taxes before displaying the price:
You can perform if...else statements inside the placeholders:
Example
Return ""Expensive"" if the price is over 50, otherwise return ""Cheap"":
Execute Functions in F-Strings
You can execute functions inside the placeholder:
Example
Use the string method upper() to convert a 
value into upper case letters:
The function does not have to be a built-in Python method, you can create your own functions and use them:
Example
Create a function that converts feet into meters:
More Modifiers
At the beginning of this chapter we explained how to use the .2f modifier to 
format a number into a fixed point number with 2 decimals.
There are several other modifiers that can be used to format values:
Example
Use a comma as a thousand separator:
Here is a list of all the formatting types.
Formatting Types
:<
Left aligns the result (within the available space)
:>
Right aligns the result (within the available space)
:^
Center aligns the result (within the available space)
:=
Places the sign to the left most position
:+
Use a plus sign to indicate if the result is positive or negative
:-
Use a minus sign for negative values only
:
Use a space to insert an extra space before positive numbers (and a minus sign 
  before negative numbers)
:,
Use a comma as a thousand separator
:_
Use a underscore as a thousand separator
:b
Binary format
:c
Converts the value into the corresponding Unicode character
:d
Decimal format
:e
Scientific format, with a lower case e
:E
Scientific format, with an upper case E
:f
Fix point number format
:F
Fix point number format, in uppercase format (show inf and nan as INF and NAN )
:g
General format
:G
General format (using a upper case E for scientific notations)
:o
Octal format
:x
Hex format, lower case
:X
Hex format, upper case
:n
Number format
:%
Percentage format
String format()
Before Python 3.6 we used the format() method to format strings.
The format() method can still be used,
but f-strings are faster and the preferred way to format strings.
The next examples in this page demonstrates how to format strings with the format() method.
The format() method also uses curly brackets as placeholders {} , but the syntax is slightly different:
Example
Add a placeholder where you want to display the price:
You can add parameters inside the curly brackets to specify how to convert 
the value:
Example
Format the price to be displayed as a number with two decimals:
Check out all formatting types in our String format() Reference .
Multiple Values
If you want to use more values, just add more values to the format() method:
And add more placeholders:
Example
Index Numbers
You can use index numbers (a number inside the curly brackets {0} ) to be sure the 
values are placed 
in the correct placeholders:
Example
Also, if you want to refer to the same value more than once, use the index number:
Example
Named Indexes
You can also use named indexes by entering a name inside the curly brackets {carname} , 
but then you must use names when you pass the parameter values txt.format(carname = ""Ford"") :
Example","txt = f""The price is 49 dollars""


print(txt)
---
price = 59


txt = f""The price is {price} dollars""


print(txt)
---
price = 59


txt = f""The price is {price:.2f} dollars""


print(txt)
---
txt = f""The price is {95:.2f} dollars""


print(txt)
---
txt = f""The price is {20 * 59} dollars""


print(txt)
---
price = 59

tax = 0.25

txt = f""The price is {price + (price * tax)} dollars""


print(txt)
---
price = 49

txt = f""It is very {'Expensive' if price>50 else 'Cheap'}""



print(txt)
---
fruit = ""apples""

txt = f""I love {fruit.upper()}""


print(txt)
---
def myconverter(x):

  return x * 0.3048



txt = f""The plane is flying at a {myconverter(30000)} meter altitude""


print(txt)
---
price = 59000


txt = f""The price is {price:,} dollars""


print(txt)
---
price = 49
txt = ""The price is {} dollars""
print(txt.format(price))
---
txt = ""The price is {:.2f} dollars""
---
print(txt.format(price, itemno, count))
---
quantity = 3
itemno = 567
price = 49
myorder = ""I want {} pieces of
  item number {} for {:.2f} dollars.""
print(myorder.format(quantity, itemno, price))
---
quantity = 3
itemno = 567
price = 49
myorder = ""I want {0} pieces of
  item number {1} for {2:.2f} dollars.""
print(myorder.format(quantity, itemno, price))
---
age = 36
name = ""John""
txt = ""His name is {1}. {1} is {0} years old.""
print(txt.format(age,
  name))
---
myorder = ""I have a {carname}, it is a {model}.""
print(myorder.format(carname
  = ""Ford"", model = ""Mustang""))",Python Intermedio
160,String Formatting,https://www.w3schools.com/python/python_string_formatting.asp,"Python String Formatting
F-String was introduced in Python 3.6,
and is now the preferred way of formatting strings.
Before Python 3.6 we had to use the format() method.
F-Strings
F-string allows you to format selected parts of a string.
To specify a string as an f-string, simply put an f in front of the string 
literal, like this:
Example
Create an f-string:
Placeholders and Modifiers
To format values in an f-string, add placeholders {} , 
a placeholder can contain variables,
operations, functions, and modifiers to format the value.
Example
Add a placeholder for the price variable:
A placeholder can also include a modifier to format the value.
A modifier is included by adding a colon : followed by a legal formatting type, like .2f which means fixed point number with 2 decimals:
Example
Display the price with 2 decimals:
You can also format a value directly without keeping it in a variable:
Example
Display the value 95 with 2 decimals:
Perform Operations in F-Strings
You can perform Python operations inside the placeholders.
You can do math operations:
Example
Perform a math operation in the placeholder, and return the result:
You can perform math operations on variables:
Example
Add taxes before displaying the price:
You can perform if...else statements inside the placeholders:
Example
Return ""Expensive"" if the price is over 50, otherwise return ""Cheap"":
Execute Functions in F-Strings
You can execute functions inside the placeholder:
Example
Use the string method upper() to convert a 
value into upper case letters:
The function does not have to be a built-in Python method, you can create your own functions and use them:
Example
Create a function that converts feet into meters:
More Modifiers
At the beginning of this chapter we explained how to use the .2f modifier to 
format a number into a fixed point number with 2 decimals.
There are several other modifiers that can be used to format values:
Example
Use a comma as a thousand separator:
Here is a list of all the formatting types.
Formatting Types
:<
Left aligns the result (within the available space)
:>
Right aligns the result (within the available space)
:^
Center aligns the result (within the available space)
:=
Places the sign to the left most position
:+
Use a plus sign to indicate if the result is positive or negative
:-
Use a minus sign for negative values only
:
Use a space to insert an extra space before positive numbers (and a minus sign 
  before negative numbers)
:,
Use a comma as a thousand separator
:_
Use a underscore as a thousand separator
:b
Binary format
:c
Converts the value into the corresponding Unicode character
:d
Decimal format
:e
Scientific format, with a lower case e
:E
Scientific format, with an upper case E
:f
Fix point number format
:F
Fix point number format, in uppercase format (show inf and nan as INF and NAN )
:g
General format
:G
General format (using a upper case E for scientific notations)
:o
Octal format
:x
Hex format, lower case
:X
Hex format, upper case
:n
Number format
:%
Percentage format
String format()
Before Python 3.6 we used the format() method to format strings.
The format() method can still be used,
but f-strings are faster and the preferred way to format strings.
The next examples in this page demonstrates how to format strings with the format() method.
The format() method also uses curly brackets as placeholders {} , but the syntax is slightly different:
Example
Add a placeholder where you want to display the price:
You can add parameters inside the curly brackets to specify how to convert 
the value:
Example
Format the price to be displayed as a number with two decimals:
Check out all formatting types in our String format() Reference .
Multiple Values
If you want to use more values, just add more values to the format() method:
And add more placeholders:
Example
Index Numbers
You can use index numbers (a number inside the curly brackets {0} ) to be sure the 
values are placed 
in the correct placeholders:
Example
Also, if you want to refer to the same value more than once, use the index number:
Example
Named Indexes
You can also use named indexes by entering a name inside the curly brackets {carname} , 
but then you must use names when you pass the parameter values txt.format(carname = ""Ford"") :
Example","txt = f""The price is 49 dollars""


print(txt)
---
price = 59


txt = f""The price is {price} dollars""


print(txt)
---
price = 59


txt = f""The price is {price:.2f} dollars""


print(txt)
---
txt = f""The price is {95:.2f} dollars""


print(txt)
---
txt = f""The price is {20 * 59} dollars""


print(txt)
---
price = 59

tax = 0.25

txt = f""The price is {price + (price * tax)} dollars""


print(txt)
---
price = 49

txt = f""It is very {'Expensive' if price>50 else 'Cheap'}""



print(txt)
---
fruit = ""apples""

txt = f""I love {fruit.upper()}""


print(txt)
---
def myconverter(x):

  return x * 0.3048



txt = f""The plane is flying at a {myconverter(30000)} meter altitude""


print(txt)
---
price = 59000


txt = f""The price is {price:,} dollars""


print(txt)
---
price = 49
txt = ""The price is {} dollars""
print(txt.format(price))
---
txt = ""The price is {:.2f} dollars""
---
print(txt.format(price, itemno, count))
---
quantity = 3
itemno = 567
price = 49
myorder = ""I want {} pieces of
  item number {} for {:.2f} dollars.""
print(myorder.format(quantity, itemno, price))
---
quantity = 3
itemno = 567
price = 49
myorder = ""I want {0} pieces of
  item number {1} for {2:.2f} dollars.""
print(myorder.format(quantity, itemno, price))
---
age = 36
name = ""John""
txt = ""His name is {1}. {1} is {0} years old.""
print(txt.format(age,
  name))
---
myorder = ""I have a {carname}, it is a {model}.""
print(myorder.format(carname
  = ""Ford"", model = ""Mustang""))",Python Intermedio
161,Code Challenge,https://www.w3schools.com/python/python_challenges_string_formatting.asp,"Python String Formatting Code Challenge
Challenge: String Formatting
Test your understanding of Python string formatting by completing a small coding challenge.",,Python Intermedio
162,Python None,https://www.w3schools.com/python/python_none.asp,"Python None
Python None
None is a special constant in Python that represents the absence of a value.
Its data type is NoneType , and None is the only instance of a NoneType object.
NoneType
Variables can be assigned None to indicate ""no value"" or ""not set"".
Example
Assign and display a None value:
Use type() to see the type of a None value.
Example
Assign and print the data type of a None value:
Comparing to None
To compare a value to None , use the identity operator is or is not
Example
Use the identity operator is for comparisons with None :
Example
Similar example, but using is not instead:
True or False
None evaluates to False in a boolean context.
Example
Check truthiness:
Functions returning None
Functions that do not explicitly return a value return None by default.
Example
A function without a return statement returns None :","x = None

print(x)
---
x = None

print(type(x))
---
result = None

if result is None:

  print(""No result yet"")

else:

  print(""Result is ready"")
---
result = None

if result is not None:

  print(""Result is ready"")

else:

  print(""No result yet"")
---
print(bool(None))
---
def myfunc():

  x = 5



x = myfunc()

print(x)",Python Intermedio
163,None,https://www.w3schools.com/python/python_none.asp,"Python None
Python None
None is a special constant in Python that represents the absence of a value.
Its data type is NoneType , and None is the only instance of a NoneType object.
NoneType
Variables can be assigned None to indicate ""no value"" or ""not set"".
Example
Assign and display a None value:
Use type() to see the type of a None value.
Example
Assign and print the data type of a None value:
Comparing to None
To compare a value to None , use the identity operator is or is not
Example
Use the identity operator is for comparisons with None :
Example
Similar example, but using is not instead:
True or False
None evaluates to False in a boolean context.
Example
Check truthiness:
Functions returning None
Functions that do not explicitly return a value return None by default.
Example
A function without a return statement returns None :","x = None

print(x)
---
x = None

print(type(x))
---
result = None

if result is None:

  print(""No result yet"")

else:

  print(""Result is ready"")
---
result = None

if result is not None:

  print(""Result is ready"")

else:

  print(""No result yet"")
---
print(bool(None))
---
def myfunc():

  x = 5



x = myfunc()

print(x)",Python Intermedio
164,Code Challenge,https://www.w3schools.com/python/python_challenges_none.asp,"Python None Code Challenge
Challenge: None
Test your understanding of Python's None value by completing a small coding challenge.",,Python Intermedio
165,Python User Input,https://www.w3schools.com/python/python_user_input.asp,"Python User Input
User Input
Python allows for user input.
That means we are able to ask the user for input.
The following example asks for your name, and when you enter a name, it gets printed on the screen:
Example
Ask for user input:
Python stops executing when it comes to the input() function, and continues 
when the user has given some input.
Using prompt
In the example above, the user had to input their name on a new line. The Python input() function has a prompt parameter,
which acts as a message you can put in front of the user input, on the same line:
Example
Add a message in front of the user input:
Multiple Inputs
You can add as many inputs as you want, Python will stop executing at each of them,
waiting for user input:
Example
Multiple inputs:
Input Number
The input from the user is treated as a string. Even if, in the example above, you can input a number,
the Python interpreter will still treat it as a string.
You can convert the input into a number with the float() function:
Example
To find the square root, the input has to be converted into a number:
Validate Input
It is a good practice to validate any input from the user. In the example above, 
an error will occur if the user inputs something other than a number.
To avoid getting an error, we can test the input, and if it is not a number, the user could get a message like ""Wrong input, please try again"",
and allowed to make a new input:
Example
Keep asking until you get a number:","print(""Enter your name:"")

name = input()

print(f""Hello {name}"")
---
name = input(""Enter your name:"")

print(f""Hello {name}"")
---
name = input(""Enter your name:"")

print(f""Hello {name}"")

fav1 = input(""What is your favorite animal:"")

fav2 = input(""What is your favorite color:"")

fav3 = input(""What is your favorite number:"")

print(f""Do you want a {fav2} {fav1} with {fav3} legs?"")
---
x = input(""Enter a number:"")



#find the square root of the number:

y = math.sqrt(float(x))



print(f""The square root of {x} is {y}"")
---
y = True

while y == True:

  x = input(""Enter a number:"")

  try:
    x = float(x);
    y = False

  except:
    print(""Wrong input, please try again."")



print(""Thank you!"")",Python Intermedio
166,Python VirtualEnv,https://www.w3schools.com/python/python_virtualenv.asp,"Python Virtual Environment
What is a Virtual Environment?
A virtual environment in Python is an isolated environment on your computer, where you can run and test your Python projects.
It allows you to manage project-specific dependencies without interfering with other projects or the original Python installation.
Think of a virtual environment as a separate container for each Python project. Each container:
Has its own Python interpreter
Has its own set of installed packages
Is isolated from other virtual environments
Can have different versions of the same package
Using virtual environments is important because:
It prevents package version conflicts between projects
Makes projects more portable and reproducible
Keeps your system Python installation clean
Allows testing with different Python versions
Creating a Virtual Environment
Python has the built-in venv module for creating virtual environments.
To create a virtual environment on your computer, open the command prompt, and navigate to the folder where you want to create your project, then type this command:
Example
Run this command to create a virtual environment named myfirstproject :
This will set up a virtual environment, and create a folder named ""myfirstproject"" with subfolders and files, like this:
Result
The file/folder structure will look like this:
Activate Virtual Environment
To use the virtual environment, you have to activate it with this command:
Example
Activate the virtual environment:
After activation, your prompt will change to show that you are now working in the active environment:
Result
The command line will look like this when the virtual environment is active:
Install Packages
Once your virtual environment is activated, you can install packages in it, using pip .
We will install a package called 'cowsay':
Example
Install 'cowsay' in the virtual environment:
Result
'cowsay' is installed only in the virtual environment:
Using Package
Now that the 'cowsay' module is installed in your virtual environment, lets use it to display a talking cow.
Create a file called test.py on your computer. You can place it wherever you want, but I will place it in the same location as the myfirstproject folder -not in the folder, but in the same location.
Open the file and insert these three lines in it:
Example
Insert two lines in test.py :
Then, try to execute the file while you are in the virtual environment:
Example
Execute test.py in the virtual environment:
As a result a cow will appear in you terminal:
Result
The purpose of the 'cowsay' module is to draw a cow that says whatever input 
you give it:
Deactivate Virtual Environment
To deactivate the virtual environment use this command:
Example
Deactivate the virtual environment:
As a result, you are now back in the normal command line interface:
Result
Normal command line interface:
If you try to execute the test.py file outside of the virtual environment, you will get an error because 'cowsay' is missing.
It was only installed in the virtual environment:
Example
Execute test.py outside of the virtual environment:
Result
Error because 'cowsay' is missing:
Note: The virtual environment myfirstproject still exists, it is just not activated.
  If you activate the virtual environment again, you can execute the test.py file, and the diagram will be displayed.
Delete Virtual Environment
Another nice thing about working with a virtual environment is that when you, for some reason want to delete it,
there are no other projects depend on it, and only the modules and files in the specified virtual environment are deleted.
To delete a virtual environment, you can simply delete its folder with all its content. Either directly in the file system, or use the command line interface like this:
Example
Delete myfirstproject from the command line interface:","C:\Users\
Your Name
>
 python -m venv myfirstproject
---
$
 python -m venv myfirstproject
---
myfirstproject

  Include

  Lib

  Scripts

  .gitignore

  pyvenv.cfg
---
C:\Users\
Your Name
>
 myfirstproject\Scripts\activate
---
$
 source myfirstproject/bin/activate
---
(myfirstproject) C:\Users\
Your Name
>
---
(myfirstproject) ... $
---
(myfirstproject) C:\Users\
Your Name
>
 pip install cowsay
---
(myfirstproject) ... $
 pip install cowsay
---
Collecting cowsay

  Downloading cowsay-6.1-py3-none-any.whl.metadata (5.6 kB)

Downloading cowsay-6.1-py3-none-any.whl (25 kB)

Installing collected packages: cowsay

Successfully installed cowsay-6.1



[
notice
] A new release of pip is available:
25.0.1
 ->
25.1.1

[
notice
] To update, run:
python.exe -m pip install --upgrade pip
---
import cowsay



cowsay.cow(""Good Mooooorning!"")
---
(myfirstproject) C:\Users\
Your Name
>
 python test.py
---
(myfirstproject) ... $
 python test.py
---
_________________
| Good Mooooorning! |
  =================
                 \
                  \
                    ^__^
                    (oo)\_______
                    (__)\       )\/\
                        ||----w |
                        ||     ||
---
(myfirstproject) C:\Users\
Your Name
>
 deactivate
---
(myfirstproject) ... $
 deactivate
---
C:\Users\
Your Name
>
---
$
---
C:\Users\
Your Name
>
 python test.py
---
$
 python test.py
---
Traceback (most recent call last):

  File
""C:\Users\
Your Name
\test.py""
, line
1
, in
<module>

    import cowsay


ModuleNotFoundError
:
No module named 'cowsay'
---
C:\Users\
Your Name
>
 rmdir /s /q myfirstproject
---
$
 rm -rf myfirstproject",Python Intermedio
167,Python OOP,https://www.w3schools.com/python/python_oop.asp,"Python OOP
What is OOP?
OOP stands for Object-Oriented Programming .
Python is an object-oriented language, allowing you to structure your code using classes and objects for better organization and reusability.
Advantages of OOP
Provides a clear structure to programs
Makes code easier to maintain, reuse, and debug
Helps keep your code DRY ( Don't Repeat Yourself )
Allows you to build reusable applications with less code
Tip: The DRY principle means you should avoid writing the same code more than once. Move repeated code into functions or classes and reuse it.
What are Classes and Objects?
Classes and objects are the two core concepts in object-oriented programming.
A class defines what an object should look like, and an object is created based on that class. For example:
Class
Objects
Fruit
Apple, Banana, Mango
Car
Volvo, Audi, Toyota
When you create an object from a class, it inherits all the variables and functions defined inside that class.
In the next chapters, you will learn about:
Classes and objects
The __init__() method
The self parameter
Properties and methods
Inheritance and polymorphism
Encapsulation and inner classes",,Python Intermedio
168,Python Classes/Objects,https://www.w3schools.com/python/python_classes.asp,"Python Classes and Objects
Python Classes/Objects
Python is an object oriented programming language.
Almost everything in Python is an object, with its properties and methods.
A Class is like an object constructor, or a ""blueprint"" for creating objects.
Create a Class
To create a class, use the keyword class :
Example
Create a class named MyClass, with a property named x:
Create Object
Now we can use the class named MyClass to create objects:
Example
Create an object named p1, and print the value of x:
Delete Objects
You can delete objects by using the del keyword:
Example
Delete the p1 object:
Multiple Objects
You can create multiple objects from the same class:
Example
Create three objects from the MyClass class:
Note: Each object is independent and has its own copy of the class properties.
The pass Statement
class definitions cannot be empty, but if 
you for some reason have a class definition with no content, put in the pass statement to avoid getting an error.
Example","class MyClass:
  x = 5
---
p1 = MyClass()
print(p1.x)
---
del p1
---
p1 = MyClass()
p2 = MyClass()
p3 = MyClass()
print(p1.x)
print(p2.x)
print(p3.x)
---
class Person:
  pass",Python Intermedio
169,Classes/Objects,https://www.w3schools.com/python/python_classes.asp,"Python Classes and Objects
Python Classes/Objects
Python is an object oriented programming language.
Almost everything in Python is an object, with its properties and methods.
A Class is like an object constructor, or a ""blueprint"" for creating objects.
Create a Class
To create a class, use the keyword class :
Example
Create a class named MyClass, with a property named x:
Create Object
Now we can use the class named MyClass to create objects:
Example
Create an object named p1, and print the value of x:
Delete Objects
You can delete objects by using the del keyword:
Example
Delete the p1 object:
Multiple Objects
You can create multiple objects from the same class:
Example
Create three objects from the MyClass class:
Note: Each object is independent and has its own copy of the class properties.
The pass Statement
class definitions cannot be empty, but if 
you for some reason have a class definition with no content, put in the pass statement to avoid getting an error.
Example","class MyClass:
  x = 5
---
p1 = MyClass()
print(p1.x)
---
del p1
---
p1 = MyClass()
p2 = MyClass()
p3 = MyClass()
print(p1.x)
print(p2.x)
print(p3.x)
---
class Person:
  pass",Python Intermedio
170,Code Challenge,https://www.w3schools.com/python/python_challenges_classes.asp,"Python Classes/Objects Code Challenge
Challenge: Classes/Objects
Test your understanding of Python classes by completing a small coding challenge.",,Python Intermedio
171,Python __init__ Method,https://www.w3schools.com/python/python_class_init.asp,"Python __init__() Method
The __init__() Method
All classes have a built-in method called __init__() , which is always executed when the class is being initiated.
The __init__() method is used to assign values to object properties, or to perform operations that are necessary when the object is being created.
Example
Create a class named Person, use the __init__() method to assign values for name and age:
Note: The __init__() method is called automatically every time the class is being used to create a new object.
Why Use __init__()?
Without the __init__() method, you would need to set properties manually for each object:
Example
Create a class without __init__() :
Using __init__() makes it easier to create objects with initial values:
Example
With __init__() , you can set initial values when creating the object:
Default Values in __init__()
You can also set default values for parameters in the __init__() method:
Example
Set a default value for the age parameter:
Multiple Parameters
The __init__() method can have as many parameters as you need:
Example
Create a Person class with multiple parameters:","class Person:
  def __init__(self, name, age):
    self.name = name
    self.age = age
p1 = Person(""Emil"", 36)
print(p1.name)
print(p1.age)
---
class Person:
  pass
p1 = Person()
p1.name = ""Tobias""
p1.age = 25
print(p1.name)
print(p1.age)
---
class Person:
  def __init__(self, name, age):
    self.name = name
    self.age = age
p1 = Person(""Linus"", 28)
print(p1.name)
print(p1.age)
---
class Person:
  def __init__(self, name, age=18):
    self.name = name
    self.age = age
p1 = Person(""Emil"")
p2 = Person(""Tobias"", 25)
print(p1.name, p1.age)
print(p2.name, p2.age)
---
class Person:
  def __init__(self, name, age, city, country):
    self.name = name
    self.age = age
    self.city = city
    self.country = country
p1 = Person(""Linus"", 30, ""Oslo"", ""Norway"")
print(p1.name)
print(p1.age)
print(p1.city)
print(p1.country)",Python Intermedio
172,__init__ Method,https://www.w3schools.com/python/python_class_init.asp,"Python __init__() Method
The __init__() Method
All classes have a built-in method called __init__() , which is always executed when the class is being initiated.
The __init__() method is used to assign values to object properties, or to perform operations that are necessary when the object is being created.
Example
Create a class named Person, use the __init__() method to assign values for name and age:
Note: The __init__() method is called automatically every time the class is being used to create a new object.
Why Use __init__()?
Without the __init__() method, you would need to set properties manually for each object:
Example
Create a class without __init__() :
Using __init__() makes it easier to create objects with initial values:
Example
With __init__() , you can set initial values when creating the object:
Default Values in __init__()
You can also set default values for parameters in the __init__() method:
Example
Set a default value for the age parameter:
Multiple Parameters
The __init__() method can have as many parameters as you need:
Example
Create a Person class with multiple parameters:","class Person:
  def __init__(self, name, age):
    self.name = name
    self.age = age
p1 = Person(""Emil"", 36)
print(p1.name)
print(p1.age)
---
class Person:
  pass
p1 = Person()
p1.name = ""Tobias""
p1.age = 25
print(p1.name)
print(p1.age)
---
class Person:
  def __init__(self, name, age):
    self.name = name
    self.age = age
p1 = Person(""Linus"", 28)
print(p1.name)
print(p1.age)
---
class Person:
  def __init__(self, name, age=18):
    self.name = name
    self.age = age
p1 = Person(""Emil"")
p2 = Person(""Tobias"", 25)
print(p1.name, p1.age)
print(p2.name, p2.age)
---
class Person:
  def __init__(self, name, age, city, country):
    self.name = name
    self.age = age
    self.city = city
    self.country = country
p1 = Person(""Linus"", 30, ""Oslo"", ""Norway"")
print(p1.name)
print(p1.age)
print(p1.city)
print(p1.country)",Python Intermedio
173,Code Challenge,https://www.w3schools.com/python/python_challenges_classes_basics.asp,"Python __init__ Method Code Challenge
Challenge: __init__ Method
Test your understanding of creating classes, __init__, properties, methods, and objects.",,Python Intermedio
174,Python self Parameter,https://www.w3schools.com/python/python_class_self.asp,"Python self Parameter
The self Parameter
The self parameter is a reference to the current instance of the class.
It is used to access properties and methods that belong to the class.
Example
Use self to access class properties:
Note: The self parameter must be the first parameter of any method in the class.
Why Use self?
Without self , Python would not know which object's properties you want to access:
Example
The self parameter links the method to the specific object:
self Does Not Have to Be Named ""self""
It does not have to be named self , you can call it whatever you like, but it has to be the first parameter of any method in the class:
Example
Use the words myobject and abc instead of self :
Note: While you can use a different name, it is strongly recommended to use self as it is the convention in Python and makes your code more readable to others.
Accessing Properties with self
You can access any property of the class using self :
Example
Access multiple properties using self :
Calling Methods with self
You can also call other methods within the class using self :
Example
Call one method from another method using self :","class Person:
  def __init__(self, name, age):
    self.name = name
    self.age = age
  def greet(self):
    print(""Hello, my name is "" + self.name)
p1 = Person(""Emil"", 25)
p1.greet()
---
class Person:
  def __init__(self, name):
    self.name = name
  def printname(self):
    print(self.name)
p1 = Person(""Tobias"")
p2 = Person(""Linus"")
p1.printname()
p2.printname()
---
class Person:
  def __init__(myobject, name, age):
    myobject.name = name
    myobject.age = age
  def greet(abc):
    print(""Hello, my name is "" + abc.name)
p1 = Person(""Emil"", 36)
p1.greet()
---
class Car:
  def __init__(self, brand, model, year):
    self.brand = brand
    self.model = model
    self.year = year
  def display_info(self):
    print(f""{self.year} {self.brand} {self.model}"")
car1 = Car(""Toyota"", ""Corolla"", 2020)
car1.display_info()
---
class Person:
  def __init__(self, name):
    self.name = name
  def greet(self):
    return ""Hello, "" + self.name
  def welcome(self):
    message = self.greet()
    print(message + ""! Welcome to our website."")
p1 = Person(""Tobias"")
p1.welcome()",Python Intermedio
175,self Parameter,https://www.w3schools.com/python/python_class_self.asp,"Python self Parameter
The self Parameter
The self parameter is a reference to the current instance of the class.
It is used to access properties and methods that belong to the class.
Example
Use self to access class properties:
Note: The self parameter must be the first parameter of any method in the class.
Why Use self?
Without self , Python would not know which object's properties you want to access:
Example
The self parameter links the method to the specific object:
self Does Not Have to Be Named ""self""
It does not have to be named self , you can call it whatever you like, but it has to be the first parameter of any method in the class:
Example
Use the words myobject and abc instead of self :
Note: While you can use a different name, it is strongly recommended to use self as it is the convention in Python and makes your code more readable to others.
Accessing Properties with self
You can access any property of the class using self :
Example
Access multiple properties using self :
Calling Methods with self
You can also call other methods within the class using self :
Example
Call one method from another method using self :","class Person:
  def __init__(self, name, age):
    self.name = name
    self.age = age
  def greet(self):
    print(""Hello, my name is "" + self.name)
p1 = Person(""Emil"", 25)
p1.greet()
---
class Person:
  def __init__(self, name):
    self.name = name
  def printname(self):
    print(self.name)
p1 = Person(""Tobias"")
p2 = Person(""Linus"")
p1.printname()
p2.printname()
---
class Person:
  def __init__(myobject, name, age):
    myobject.name = name
    myobject.age = age
  def greet(abc):
    print(""Hello, my name is "" + abc.name)
p1 = Person(""Emil"", 36)
p1.greet()
---
class Car:
  def __init__(self, brand, model, year):
    self.brand = brand
    self.model = model
    self.year = year
  def display_info(self):
    print(f""{self.year} {self.brand} {self.model}"")
car1 = Car(""Toyota"", ""Corolla"", 2020)
car1.display_info()
---
class Person:
  def __init__(self, name):
    self.name = name
  def greet(self):
    return ""Hello, "" + self.name
  def welcome(self):
    message = self.greet()
    print(message + ""! Welcome to our website."")
p1 = Person(""Tobias"")
p1.welcome()",Python Intermedio
176,Code Challenge,https://www.w3schools.com/python/python_challenges_class_self.asp,"Python self Parameter Code Challenge
Challenge: self Parameter
Test your understanding of the self parameter by completing a small coding challenge.",,Python Intermedio
177,Python Class Properties,https://www.w3schools.com/python/python_class_properties.asp,"Python Class Properties
Class Properties
Properties are variables that belong to a class. They store data for each object created from the class.
Example
Create a class with properties:
Access Properties
You can access object properties using dot notation:
Example
Access the properties of an object:
Modify Properties
You can modify the value of properties on objects:
Example
Change the age property:
Delete Properties
You can delete properties from objects using the del keyword:
Example
Delete the age property:
Class Properties vs Object Properties
Properties defined inside __init__() belong to each object (instance properties).
Properties defined outside methods belong to the class itself (class properties) and are shared by all objects:
Example
Class property vs instance property:
Modifying Class Properties
When you modify a class property, it affects all objects:
Example
Change a class property:
Add New Properties
You can add new properties to existing objects:
Example
Add a new property to an object:
Note: Adding properties this way only adds them to that specific object, not to all objects of the class.","class Person:
  def __init__(self, name, age):
    self.name = name
    self.age = age
p1 = Person(""Emil"", 36)
print(p1.name)
print(p1.age)
---
class Car:
  def __init__(self, brand, model):
    self.brand = brand
    self.model = model
car1 = Car(""Toyota"", ""Corolla"")
print(car1.brand)
print(car1.model)
---
class Person:
  def __init__(self, name, age):
    self.name = name
    self.age = age
p1 = Person(""Tobias"", 25)
print(p1.age)
p1.age = 26
print(p1.age)
---
class Person:
  def __init__(self, name, age):
    self.name = name
    self.age = age
p1 = Person(""Linus"", 30)
del p1.age
print(p1.name)  # This works
# print(p1.age)  # This would cause an error
---
class Person:
  species = ""Human""  # Class property
  def __init__(self, name):
    self.name = name  # Instance property
p1 = Person(""Emil"")
p2 = Person(""Tobias"")
print(p1.name)
print(p2.name)
print(p1.species)
print(p2.species)
---
class Person:
  lastname = """"
  def __init__(self, name):
    self.name = name
p1 = Person(""Linus"")
p2 = Person(""Emil"")
Person.lastname = ""Refsnes""
print(p1.lastname)
print(p2.lastname)
---
class Person:
  def __init__(self, name):
    self.name = name
p1 = Person(""Tobias"")
p1.age = 25
p1.city = ""Oslo""
print(p1.name)
print(p1.age)
print(p1.city)",Python Intermedio
178,Class Properties,https://www.w3schools.com/python/python_class_properties.asp,"Python Class Properties
Class Properties
Properties are variables that belong to a class. They store data for each object created from the class.
Example
Create a class with properties:
Access Properties
You can access object properties using dot notation:
Example
Access the properties of an object:
Modify Properties
You can modify the value of properties on objects:
Example
Change the age property:
Delete Properties
You can delete properties from objects using the del keyword:
Example
Delete the age property:
Class Properties vs Object Properties
Properties defined inside __init__() belong to each object (instance properties).
Properties defined outside methods belong to the class itself (class properties) and are shared by all objects:
Example
Class property vs instance property:
Modifying Class Properties
When you modify a class property, it affects all objects:
Example
Change a class property:
Add New Properties
You can add new properties to existing objects:
Example
Add a new property to an object:
Note: Adding properties this way only adds them to that specific object, not to all objects of the class.","class Person:
  def __init__(self, name, age):
    self.name = name
    self.age = age
p1 = Person(""Emil"", 36)
print(p1.name)
print(p1.age)
---
class Car:
  def __init__(self, brand, model):
    self.brand = brand
    self.model = model
car1 = Car(""Toyota"", ""Corolla"")
print(car1.brand)
print(car1.model)
---
class Person:
  def __init__(self, name, age):
    self.name = name
    self.age = age
p1 = Person(""Tobias"", 25)
print(p1.age)
p1.age = 26
print(p1.age)
---
class Person:
  def __init__(self, name, age):
    self.name = name
    self.age = age
p1 = Person(""Linus"", 30)
del p1.age
print(p1.name)  # This works
# print(p1.age)  # This would cause an error
---
class Person:
  species = ""Human""  # Class property
  def __init__(self, name):
    self.name = name  # Instance property
p1 = Person(""Emil"")
p2 = Person(""Tobias"")
print(p1.name)
print(p2.name)
print(p1.species)
print(p2.species)
---
class Person:
  lastname = """"
  def __init__(self, name):
    self.name = name
p1 = Person(""Linus"")
p2 = Person(""Emil"")
Person.lastname = ""Refsnes""
print(p1.lastname)
print(p2.lastname)
---
class Person:
  def __init__(self, name):
    self.name = name
p1 = Person(""Tobias"")
p1.age = 25
p1.city = ""Oslo""
print(p1.name)
print(p1.age)
print(p1.city)",Python Intermedio
179,Code Challenge,https://www.w3schools.com/python/python_challenges_class_properties.asp,"Python Class Properties Code Challenge
Challenge: Class Properties
Test your understanding of class properties by completing a small coding challenge.",,Python Intermedio
180,Python Class Methods,https://www.w3schools.com/python/python_class_methods.asp,"Python Class Methods
Class Methods
Methods are functions that belong to a class. They define the behavior of objects created from the class.
Example
Create a method in a class:
Note: All methods must have self as the first parameter.
Methods with Parameters
Methods can accept parameters just like regular functions:
Example
Create a method with parameters:
Methods Accessing Properties
Methods can access and modify object properties using self :
Example
A method that accesses object properties:
Methods Modifying Properties
Methods can modify the properties of an object:
Example
A method that changes a property value:
The __str__() Method
The __str__() method is a special method that controls what is returned when the object is printed:
Example
Without the __str__() method:
Example
With the __str__() method:
Multiple Methods
A class can have multiple methods that work together:
Example
Create multiple methods in a class:
Delete Methods
You can delete methods from a class using the del keyword:
Example
Delete a method from a class:","class Person:
  def __init__(self, name):
    self.name = name
  def greet(self):
    print(""Hello, my name is "" + self.name)
p1 = Person(""Emil"")
p1.greet()
---
class Calculator:
  def add(self, a, b):
    return a + b
  def multiply(self, a, b):
    return a * b
calc = Calculator()
print(calc.add(5, 3))
print(calc.multiply(4, 7))
---
class Person:
  def __init__(self, name, age):
    self.name = name
    self.age = age
  def get_info(self):
    return f""{self.name} is {self.age} years old""
p1 = Person(""Tobias"", 28)
print(p1.get_info())
---
class Person:
  def __init__(self, name, age):
    self.name = name
    self.age = age
  def celebrate_birthday(self):
    self.age += 1
    print(f""Happy birthday! You are now {self.age}"")
p1 = Person(""Linus"", 25)
p1.celebrate_birthday()
p1.celebrate_birthday()
---
class Person:
  def __init__(self, name, age):
    self.name = name
    self.age = age
p1 = Person(""Emil"", 36)
print(p1)
---
class Person:
  def __init__(self, name, age):
    self.name = name
    self.age = age
  def __str__(self):
    return f""{self.name} ({self.age})""
p1 = Person(""Tobias"", 36)
print(p1)
---
class Playlist:
  def __init__(self, name):
    self.name = name
    self.songs = []
  def add_song(self, song):
    self.songs.append(song)
    print(f""Added: {song}"")
  def remove_song(self, song):
    if song in self.songs:
      self.songs.remove(song)
      print(f""Removed: {song}"")
  def show_songs(self):
    print(f""Playlist '{self.name}':"")
    for song in self.songs:
      print(f""- {song}"")
my_playlist = Playlist(""Favorites"")
my_playlist.add_song(""Bohemian Rhapsody"")
my_playlist.add_song(""Stairway to Heaven"")
my_playlist.show_songs()
---
class Person:
  def __init__(self, name):
    self.name = name
  def greet(self):
    print(""Hello!"")
p1 = Person(""Emil"")
del Person.greet
p1.greet()  # This will cause an error",Python Intermedio
181,Class Methods,https://www.w3schools.com/python/python_class_methods.asp,"Python Class Methods
Class Methods
Methods are functions that belong to a class. They define the behavior of objects created from the class.
Example
Create a method in a class:
Note: All methods must have self as the first parameter.
Methods with Parameters
Methods can accept parameters just like regular functions:
Example
Create a method with parameters:
Methods Accessing Properties
Methods can access and modify object properties using self :
Example
A method that accesses object properties:
Methods Modifying Properties
Methods can modify the properties of an object:
Example
A method that changes a property value:
The __str__() Method
The __str__() method is a special method that controls what is returned when the object is printed:
Example
Without the __str__() method:
Example
With the __str__() method:
Multiple Methods
A class can have multiple methods that work together:
Example
Create multiple methods in a class:
Delete Methods
You can delete methods from a class using the del keyword:
Example
Delete a method from a class:","class Person:
  def __init__(self, name):
    self.name = name
  def greet(self):
    print(""Hello, my name is "" + self.name)
p1 = Person(""Emil"")
p1.greet()
---
class Calculator:
  def add(self, a, b):
    return a + b
  def multiply(self, a, b):
    return a * b
calc = Calculator()
print(calc.add(5, 3))
print(calc.multiply(4, 7))
---
class Person:
  def __init__(self, name, age):
    self.name = name
    self.age = age
  def get_info(self):
    return f""{self.name} is {self.age} years old""
p1 = Person(""Tobias"", 28)
print(p1.get_info())
---
class Person:
  def __init__(self, name, age):
    self.name = name
    self.age = age
  def celebrate_birthday(self):
    self.age += 1
    print(f""Happy birthday! You are now {self.age}"")
p1 = Person(""Linus"", 25)
p1.celebrate_birthday()
p1.celebrate_birthday()
---
class Person:
  def __init__(self, name, age):
    self.name = name
    self.age = age
p1 = Person(""Emil"", 36)
print(p1)
---
class Person:
  def __init__(self, name, age):
    self.name = name
    self.age = age
  def __str__(self):
    return f""{self.name} ({self.age})""
p1 = Person(""Tobias"", 36)
print(p1)
---
class Playlist:
  def __init__(self, name):
    self.name = name
    self.songs = []
  def add_song(self, song):
    self.songs.append(song)
    print(f""Added: {song}"")
  def remove_song(self, song):
    if song in self.songs:
      self.songs.remove(song)
      print(f""Removed: {song}"")
  def show_songs(self):
    print(f""Playlist '{self.name}':"")
    for song in self.songs:
      print(f""- {song}"")
my_playlist = Playlist(""Favorites"")
my_playlist.add_song(""Bohemian Rhapsody"")
my_playlist.add_song(""Stairway to Heaven"")
my_playlist.show_songs()
---
class Person:
  def __init__(self, name):
    self.name = name
  def greet(self):
    print(""Hello!"")
p1 = Person(""Emil"")
del Person.greet
p1.greet()  # This will cause an error",Python Intermedio
182,Code Challenge,https://www.w3schools.com/python/python_challenges_class_methods.asp,"Python Class Methods Code Challenge
Challenge: Class Methods
Test your understanding of class methods by completing a small coding challenge.",,Python Intermedio
183,Python Inheritance,https://www.w3schools.com/python/python_inheritance.asp,"Python Inheritance
Python Inheritance
Inheritance allows us to define a class that inherits all the methods and properties from another class.
Parent class is the class being inherited from, also called 
base class.
Child class is the class that inherits from another class, 
also called derived class.
Create a Parent Class
Any class can be a parent class, so the syntax is the same as creating any 
other class:
Example
Create a class named Person , with firstname and lastname properties, 
and a printname method:
Create a Child Class
To create a class that inherits the functionality from another class, send the parent class as a parameter when creating the child 
class:
Example
Create a class named Student , which will inherit the properties 
and methods from 
the Person class:
Note: Use the pass keyword when you do not want to add any other properties or methods to the 
  class.
Now the Student class has the same properties and methods as the Person 
class.
Example
Use the Student class to create an object, 
and then execute the printname method:
Add the __init__() Function
So far we have created a child class that inherits the properties and methods 
from its parent.
We want to add the __init__() function to the child class (instead of the pass keyword).
Note: The __init__() function is called automatically every time the class is being used to create a new object.
Example
Add the __init__() function to the Student class:
When you add the __init__() function, the child class will no longer inherit 
the parent's __init__() function.
Note: The child's __init__() function overrides the inheritance of the parent's __init__() function.
To keep the inheritance of the parent's __init__() function, add a call to the 
parent's __init__() function:
Example
Now we have successfully added the __init__() function, and kept the 
inheritance of the parent class, and we are ready to add functionality in the __init__() function.
Use the super() Function
Python also has a super() function that 
will make the child class inherit all the methods and properties from its 
parent:
Example
By using the super() function, you do not 
have to use the name of the parent element, it will automatically inherit the 
methods and properties from its parent.
Add Properties
Example
Add a property called graduationyear to the Student class:
In the example below, the year 2019 should be a variable, and passed into the Student class when creating student objects.
To do so, add another parameter in the __init__() function:
Example
Add a year parameter, and pass the correct 
year when creating objects:
Add Methods
Example
Add a method called welcome to the Student class:
If you add a method in the child class with the same name as a function in 
the parent class, the inheritance of the parent method will be overridden.","class Person:
  def __init__(self, fname, lname):

  self.firstname = fname
    self.lastname = lname

  def printname(self):
    print(self.firstname,
  self.lastname)
#Use the Person class to create an object, and then
  execute the printname method:
x = Person(""John"", ""Doe"")

  x.printname()
---
class Student(Person):
  pass
---
x = Student(""Mike"", ""Olsen"")
x.printname()
---
class Student(Person):
  def __init__(self, fname, lname):

  #add properties etc.
---
class Student(Person):
  def __init__(self, fname, lname):

  Person.__init__(self, fname, lname)
---
class Student(Person):
  def __init__(self, fname, lname):

    super().__init__(fname, lname)
---
class Student(Person):
  def __init__(self, fname, lname):

  super().__init__(fname, lname)
    self.graduationyear
  = 2019
---
class Student(Person):
  def __init__(self, fname, lname, year):

  super().__init__(fname, lname)
    self.graduationyear
  = year
x = Student(""Mike"", ""Olsen"", 2019)
---
class Student(Person):
  def __init__(self, fname, lname, year):

  super().__init__(fname, lname)
    self.graduationyear
  = year
  def welcome(self):
    print(""Welcome"",
  self.firstname, self.lastname, ""to the class of"", self.graduationyear)",Python Intermedio
184,Inheritance,https://www.w3schools.com/python/python_inheritance.asp,"Python Inheritance
Python Inheritance
Inheritance allows us to define a class that inherits all the methods and properties from another class.
Parent class is the class being inherited from, also called 
base class.
Child class is the class that inherits from another class, 
also called derived class.
Create a Parent Class
Any class can be a parent class, so the syntax is the same as creating any 
other class:
Example
Create a class named Person , with firstname and lastname properties, 
and a printname method:
Create a Child Class
To create a class that inherits the functionality from another class, send the parent class as a parameter when creating the child 
class:
Example
Create a class named Student , which will inherit the properties 
and methods from 
the Person class:
Note: Use the pass keyword when you do not want to add any other properties or methods to the 
  class.
Now the Student class has the same properties and methods as the Person 
class.
Example
Use the Student class to create an object, 
and then execute the printname method:
Add the __init__() Function
So far we have created a child class that inherits the properties and methods 
from its parent.
We want to add the __init__() function to the child class (instead of the pass keyword).
Note: The __init__() function is called automatically every time the class is being used to create a new object.
Example
Add the __init__() function to the Student class:
When you add the __init__() function, the child class will no longer inherit 
the parent's __init__() function.
Note: The child's __init__() function overrides the inheritance of the parent's __init__() function.
To keep the inheritance of the parent's __init__() function, add a call to the 
parent's __init__() function:
Example
Now we have successfully added the __init__() function, and kept the 
inheritance of the parent class, and we are ready to add functionality in the __init__() function.
Use the super() Function
Python also has a super() function that 
will make the child class inherit all the methods and properties from its 
parent:
Example
By using the super() function, you do not 
have to use the name of the parent element, it will automatically inherit the 
methods and properties from its parent.
Add Properties
Example
Add a property called graduationyear to the Student class:
In the example below, the year 2019 should be a variable, and passed into the Student class when creating student objects.
To do so, add another parameter in the __init__() function:
Example
Add a year parameter, and pass the correct 
year when creating objects:
Add Methods
Example
Add a method called welcome to the Student class:
If you add a method in the child class with the same name as a function in 
the parent class, the inheritance of the parent method will be overridden.","class Person:
  def __init__(self, fname, lname):

  self.firstname = fname
    self.lastname = lname

  def printname(self):
    print(self.firstname,
  self.lastname)
#Use the Person class to create an object, and then
  execute the printname method:
x = Person(""John"", ""Doe"")

  x.printname()
---
class Student(Person):
  pass
---
x = Student(""Mike"", ""Olsen"")
x.printname()
---
class Student(Person):
  def __init__(self, fname, lname):

  #add properties etc.
---
class Student(Person):
  def __init__(self, fname, lname):

  Person.__init__(self, fname, lname)
---
class Student(Person):
  def __init__(self, fname, lname):

    super().__init__(fname, lname)
---
class Student(Person):
  def __init__(self, fname, lname):

  super().__init__(fname, lname)
    self.graduationyear
  = 2019
---
class Student(Person):
  def __init__(self, fname, lname, year):

  super().__init__(fname, lname)
    self.graduationyear
  = year
x = Student(""Mike"", ""Olsen"", 2019)
---
class Student(Person):
  def __init__(self, fname, lname, year):

  super().__init__(fname, lname)
    self.graduationyear
  = year
  def welcome(self):
    print(""Welcome"",
  self.firstname, self.lastname, ""to the class of"", self.graduationyear)",Python Intermedio
185,Code Challenge,https://www.w3schools.com/python/python_challenges_inheritance.asp,"Python Inheritance Code Challenge
Challenge: Inheritance
Test your understanding of Python inheritance by completing a small coding challenge.",,Python Intermedio
186,Python Polymorphism,https://www.w3schools.com/python/python_polymorphism.asp,"Python Polymorphism
The word ""polymorphism"" means ""many forms"", and in programming it refers to
methods/functions/operators with the same name that can be executed on many 
objects or classes.
Function Polymorphism
An example of a Python function that can be used on different objects is the len() function.
String
For strings len() returns the number of characters:
Example
Tuple
For tuples len() returns the number of items 
in the tuple:
Example
Dictionary
For dictionaries len() returns the number of key/value pairs 
in the dictionary:
Example
Class Polymorphism
Polymorphism is often used in Class methods, where we can have multiple 
classes with the same method name.
For example, say we have three classes: Car , Boat , and Plane , and they all have 
a method called move() :
Example
Different classes with the same method:
Look at the for loop at the end.
Because of polymorphism we can execute the same method for all three classes.
Inheritance Class Polymorphism
What about classes with child classes with the same name? Can we use polymorphism there?
Yes. If we use the example above and make a parent class called Vehicle , and make Car , Boat , Plane child classes of Vehicle , the child classes 
inherits the Vehicle methods, but can override 
them:
Example
Create a class called Vehicle and make Car , Boat , Plane child classes of Vehicle :
Child classes inherits the properties and methods from the parent class.
In the example above you can see that the Car class is empty, but 
it inherits brand , model , and move() from Vehicle .
The Boat and Plane classes also 
inherit brand , model , 
and move() from Vehicle , but they both override the move() method.
Because of polymorphism we can execute the same method for all classes.","x = ""Hello World!""



print(len(x))
---
mytuple = (""apple"", ""banana"", ""cherry"")



print(len(mytuple))
---
thisdict =	{

  ""brand"": ""Ford"",

  ""model"": ""Mustang"",

  ""year"": 1964

}



print(len(thisdict))
---
class Car:

  def __init__(self, brand, model):

    self.brand = brand

    self.model = model



  def move(self):

    print(""Drive!"")



class Boat:

  def __init__(self, brand, model):

    self.brand = brand

    self.model = model



  def move(self):

    print(""Sail!"")



class Plane:

  def __init__(self, brand, model):

    self.brand = brand

    self.model = model



  def move(self):

    print(""Fly!"")



car1 = Car(""Ford"", ""Mustang"")        #Create a Car object

boat1 = Boat(""Ibiza"", ""Touring 20"") #Create a Boat object

plane1 = Plane(""Boeing"", ""747"")     #Create a Plane object



for x in (car1, boat1, plane1):

  x.move()
---
class Vehicle:
  def __init__(self, brand, model):

    self.brand = brand
    self.model = model

    def move(self):
    print(""Move!"")
class
    Car(Vehicle):
  pass
class Boat(Vehicle):
  def
    move(self):
    print(""Sail!"")
class
    Plane(Vehicle):
  def move(self):

    print(""Fly!"")
car1 = Car(""Ford"", ""Mustang"")       #Create a Car object

    boat1 = Boat(""Ibiza"", ""Touring 20"") #Create a Boat object
plane1 =
    Plane(""Boeing"", ""747"")     #Create a Plane object
for x in (car1, boat1,
    plane1):
  print(x.brand)
  print(x.model)
  x.move()",Python Intermedio
187,Polymorphism,https://www.w3schools.com/python/python_polymorphism.asp,"Python Polymorphism
The word ""polymorphism"" means ""many forms"", and in programming it refers to
methods/functions/operators with the same name that can be executed on many 
objects or classes.
Function Polymorphism
An example of a Python function that can be used on different objects is the len() function.
String
For strings len() returns the number of characters:
Example
Tuple
For tuples len() returns the number of items 
in the tuple:
Example
Dictionary
For dictionaries len() returns the number of key/value pairs 
in the dictionary:
Example
Class Polymorphism
Polymorphism is often used in Class methods, where we can have multiple 
classes with the same method name.
For example, say we have three classes: Car , Boat , and Plane , and they all have 
a method called move() :
Example
Different classes with the same method:
Look at the for loop at the end.
Because of polymorphism we can execute the same method for all three classes.
Inheritance Class Polymorphism
What about classes with child classes with the same name? Can we use polymorphism there?
Yes. If we use the example above and make a parent class called Vehicle , and make Car , Boat , Plane child classes of Vehicle , the child classes 
inherits the Vehicle methods, but can override 
them:
Example
Create a class called Vehicle and make Car , Boat , Plane child classes of Vehicle :
Child classes inherits the properties and methods from the parent class.
In the example above you can see that the Car class is empty, but 
it inherits brand , model , and move() from Vehicle .
The Boat and Plane classes also 
inherit brand , model , 
and move() from Vehicle , but they both override the move() method.
Because of polymorphism we can execute the same method for all classes.","x = ""Hello World!""



print(len(x))
---
mytuple = (""apple"", ""banana"", ""cherry"")



print(len(mytuple))
---
thisdict =	{

  ""brand"": ""Ford"",

  ""model"": ""Mustang"",

  ""year"": 1964

}



print(len(thisdict))
---
class Car:

  def __init__(self, brand, model):

    self.brand = brand

    self.model = model



  def move(self):

    print(""Drive!"")



class Boat:

  def __init__(self, brand, model):

    self.brand = brand

    self.model = model



  def move(self):

    print(""Sail!"")



class Plane:

  def __init__(self, brand, model):

    self.brand = brand

    self.model = model



  def move(self):

    print(""Fly!"")



car1 = Car(""Ford"", ""Mustang"")        #Create a Car object

boat1 = Boat(""Ibiza"", ""Touring 20"") #Create a Boat object

plane1 = Plane(""Boeing"", ""747"")     #Create a Plane object



for x in (car1, boat1, plane1):

  x.move()
---
class Vehicle:
  def __init__(self, brand, model):

    self.brand = brand
    self.model = model

    def move(self):
    print(""Move!"")
class
    Car(Vehicle):
  pass
class Boat(Vehicle):
  def
    move(self):
    print(""Sail!"")
class
    Plane(Vehicle):
  def move(self):

    print(""Fly!"")
car1 = Car(""Ford"", ""Mustang"")       #Create a Car object

    boat1 = Boat(""Ibiza"", ""Touring 20"") #Create a Boat object
plane1 =
    Plane(""Boeing"", ""747"")     #Create a Plane object
for x in (car1, boat1,
    plane1):
  print(x.brand)
  print(x.model)
  x.move()",Python Intermedio
188,Code Challenge,https://www.w3schools.com/python/python_challenges_polymorphism.asp,"Python Polymorphism Code Challenge
Challenge: Polymorphism
Test your understanding of Python polymorphism by completing a small coding challenge.",,Python Intermedio
189,Python Encapsulation,https://www.w3schools.com/python/python_encapsulation.asp,"Python Encapsulation
Python Encapsulation
Encapsulation is about protecting data inside a class.
It means keeping data (properties) and methods together in a class, while controlling how the data can be accessed from outside the class.
This prevents accidental changes to your data and hides the internal details of how your class works.
Private Properties
In Python, you can make properties private by using a double underscore __ prefix:
Example
Create a private class property named __age :
Note: Private properties cannot be accessed directly from outside the class.
Get Private Property Value
To access a private property, you can create a getter method:
Example
Use a getter method to access a private property:
Set Private Property Value
To modify a private property, you can create a setter method.
The setter method can also validate the value before setting it:
Example
Use a setter method to change a private property:
Why Use Encapsulation?
Encapsulation provides several benefits:
Data Protection: Prevents accidental modification of data
Validation: You can validate data before setting it
Flexibility: Internal implementation can change without affecting external code
Control: You have full control over how data is accessed and modified
Example
Use encapsulation to protect and validate data:
Protected Properties
Python also has a convention for protected properties using a single underscore _ prefix:
Example
Create a protected property:
Note: A single underscore _ is just a convention. It tells other programmers that the property is intended for internal use, but Python doesn't enforce this restriction.
Private Methods
You can also make methods private using the double underscore prefix:
Example
Create a private method:
Note: Just like private properties with double underscores, private methods cannot be called directly from outside the class. The __validate method can only be used by other methods inside the class.
Name Mangling
Name mangling is how Python implements private properties and methods.
When you use double underscores __ , Python automatically renames it internally by adding _ClassName in front.
For example, __age becomes _Person__age .
Example
See how Python mangles the name:
Note: While you can access private properties using the mangled name, it's not recommended. It defeats the purpose of encapsulation.","class Person:
  def __init__(self, name, age):
    self.name = name
    self.__age = age  # Private property
p1 = Person(""Emil"", 25)
print(p1.name)
print(p1.__age)  # This will cause an error
---
class Person:
  def __init__(self, name, age):
    self.name = name
    self.__age = age
  def get_age(self):
    return self.__age
p1 = Person(""Tobias"", 25)
print(p1.get_age())
---
class Person:
  def __init__(self, name, age):
    self.name = name
    self.__age = age
  def get_age(self):
    return self.__age
  def set_age(self, age):
    if age > 0:
      self.__age = age
    else:
      print(""Age must be positive"")
p1 = Person(""Tobias"", 25)
print(p1.get_age())
p1.set_age(26)
print(p1.get_age())
---
class Student:
  def __init__(self, name):
    self.name = name
    self.__grade = 0
  def set_grade(self, grade):
    if 0 <= grade <= 100:
      self.__grade = grade
    else:
      print(""Grade must be between 0 and 100"")
  def get_grade(self):
    return self.__grade
  def get_status(self):
    if self.__grade >= 60:
      return ""Passed""
    else:
      return ""Failed""
student = Student(""Emil"")
student.set_grade(85)
print(student.get_grade())
print(student.get_status())
---
class Person:
  def __init__(self, name, salary):
    self.name = name
    self._salary = salary  # Protected property
p1 = Person(""Linus"", 50000)
print(p1.name)
print(p1._salary)  # Can access, but shouldn't
---
class Calculator:
  def __init__(self):
    self.result = 0
  def __validate(self, num):
    if not isinstance(num, (int, float)):
      return False
    return True
  def add(self, num):
    if self.__validate(num):
      self.result += num
    else:
      print(""Invalid number"")
calc = Calculator()
calc.add(10)
calc.add(5)
print(calc.result)
# calc.__validate(5)  # This would cause an error
---
class Person:
  def __init__(self, name, age):
    self.name = name
    self.__age = age
p1 = Person(""Emil"", 30)
# This is how Python mangles the name:
print(p1._Person__age)  # Not recommended!",Python Intermedio
190,Encapsulation,https://www.w3schools.com/python/python_encapsulation.asp,"Python Encapsulation
Python Encapsulation
Encapsulation is about protecting data inside a class.
It means keeping data (properties) and methods together in a class, while controlling how the data can be accessed from outside the class.
This prevents accidental changes to your data and hides the internal details of how your class works.
Private Properties
In Python, you can make properties private by using a double underscore __ prefix:
Example
Create a private class property named __age :
Note: Private properties cannot be accessed directly from outside the class.
Get Private Property Value
To access a private property, you can create a getter method:
Example
Use a getter method to access a private property:
Set Private Property Value
To modify a private property, you can create a setter method.
The setter method can also validate the value before setting it:
Example
Use a setter method to change a private property:
Why Use Encapsulation?
Encapsulation provides several benefits:
Data Protection: Prevents accidental modification of data
Validation: You can validate data before setting it
Flexibility: Internal implementation can change without affecting external code
Control: You have full control over how data is accessed and modified
Example
Use encapsulation to protect and validate data:
Protected Properties
Python also has a convention for protected properties using a single underscore _ prefix:
Example
Create a protected property:
Note: A single underscore _ is just a convention. It tells other programmers that the property is intended for internal use, but Python doesn't enforce this restriction.
Private Methods
You can also make methods private using the double underscore prefix:
Example
Create a private method:
Note: Just like private properties with double underscores, private methods cannot be called directly from outside the class. The __validate method can only be used by other methods inside the class.
Name Mangling
Name mangling is how Python implements private properties and methods.
When you use double underscores __ , Python automatically renames it internally by adding _ClassName in front.
For example, __age becomes _Person__age .
Example
See how Python mangles the name:
Note: While you can access private properties using the mangled name, it's not recommended. It defeats the purpose of encapsulation.","class Person:
  def __init__(self, name, age):
    self.name = name
    self.__age = age  # Private property
p1 = Person(""Emil"", 25)
print(p1.name)
print(p1.__age)  # This will cause an error
---
class Person:
  def __init__(self, name, age):
    self.name = name
    self.__age = age
  def get_age(self):
    return self.__age
p1 = Person(""Tobias"", 25)
print(p1.get_age())
---
class Person:
  def __init__(self, name, age):
    self.name = name
    self.__age = age
  def get_age(self):
    return self.__age
  def set_age(self, age):
    if age > 0:
      self.__age = age
    else:
      print(""Age must be positive"")
p1 = Person(""Tobias"", 25)
print(p1.get_age())
p1.set_age(26)
print(p1.get_age())
---
class Student:
  def __init__(self, name):
    self.name = name
    self.__grade = 0
  def set_grade(self, grade):
    if 0 <= grade <= 100:
      self.__grade = grade
    else:
      print(""Grade must be between 0 and 100"")
  def get_grade(self):
    return self.__grade
  def get_status(self):
    if self.__grade >= 60:
      return ""Passed""
    else:
      return ""Failed""
student = Student(""Emil"")
student.set_grade(85)
print(student.get_grade())
print(student.get_status())
---
class Person:
  def __init__(self, name, salary):
    self.name = name
    self._salary = salary  # Protected property
p1 = Person(""Linus"", 50000)
print(p1.name)
print(p1._salary)  # Can access, but shouldn't
---
class Calculator:
  def __init__(self):
    self.result = 0
  def __validate(self, num):
    if not isinstance(num, (int, float)):
      return False
    return True
  def add(self, num):
    if self.__validate(num):
      self.result += num
    else:
      print(""Invalid number"")
calc = Calculator()
calc.add(10)
calc.add(5)
print(calc.result)
# calc.__validate(5)  # This would cause an error
---
class Person:
  def __init__(self, name, age):
    self.name = name
    self.__age = age
p1 = Person(""Emil"", 30)
# This is how Python mangles the name:
print(p1._Person__age)  # Not recommended!",Python Intermedio
191,Code Challenge,https://www.w3schools.com/python/python_challenges_encapsulation.asp,"Python Encapsulation Code Challenge
Challenge: Encapsulation
Test your understanding of Python encapsulation by completing a small coding challenge.",,Python Intermedio
192,Python Inner Classes,https://www.w3schools.com/python/python_class_inner.asp,"Python Inner Classes
Python Inner Classes
An inner class is a class defined inside another class. The inner class can access the properties and methods of the outer class.
Inner classes are useful for grouping classes that are only used in one place, making your code more organized.
Example
Create an inner class:
Accessing Inner Class from the Outside
To access the inner class, create an object of the outer class, and then create an object of the inner class:
Example
Access the inner class and create an object:
Accessing Outer Class from Inner Class
Inner classes in Python do not automatically have access to the outer class instance.
If you want the inner class to access the outer class, you need to pass the outer class instance as a parameter:
Example
Pass the outer class instance to the inner class:
Practical Example
Inner classes are useful for creating helper classes that are only used within the context of the outer class:
Example
Use an inner class to represent a car's engine:
Multiple Inner Classes
A class can have multiple inner classes:
Example
Create multiple inner classes:","class Outer:
  def __init__(self):
    self.name = ""Outer Class""
  class Inner:
    def __init__(self):
      self.name = ""Inner Class""
    def display(self):
      print(""This is the inner class"")
outer = Outer()
print(outer.name)
---
class Outer:
  def __init__(self):
    self.name = ""Outer""
  class Inner:
    def __init__(self):
      self.name = ""Inner""
    def display(self):
      print(""Hello from inner class"")
outer = Outer()
inner = outer.Inner()
inner.display()
---
class Outer:
  def __init__(self):
    self.name = ""Emil""
  class Inner:
    def __init__(self, outer):
      self.outer = outer
    def display(self):
      print(f""Outer class name: {self.outer.name}"")
outer = Outer()
inner = outer.Inner(outer)
inner.display()
---
class Car:
  def __init__(self, brand, model):
    self.brand = brand
    self.model = model
    self.engine = self.Engine()
  class Engine:
    def __init__(self):
      self.status = ""Off""
    def start(self):
      self.status = ""Running""
      print(""Engine started"")
    def stop(self):
      self.status = ""Off""
      print(""Engine stopped"")
  def drive(self):
    if self.engine.status == ""Running"":
      print(f""Driving the {self.brand} {self.model}"")
    else:
      print(""Start the engine first!"")
car = Car(""Toyota"", ""Corolla"")
car.drive()
car.engine.start()
car.drive()
---
class Computer:
  def __init__(self):
    self.cpu = self.CPU()
    self.ram = self.RAM()
  class CPU:
    def process(self):
      print(""Processing data..."")
  class RAM:
    def store(self):
      print(""Storing data..."")
computer = Computer()
computer.cpu.process()
computer.ram.store()",Python Intermedio
193,Python File Handling,https://www.w3schools.com/python/python_file_handling.asp,"Python File Open
File handling is an important part of any web application.
Python has several functions for creating, reading, updating, and 
deleting files.
File Handling
The key function for working with files in Python is the open() function.
The open() function takes two parameters; filename , and mode .
There are four different methods (modes) for opening a file:
""r"" - Read - Default value. Opens a 
file for reading, error if the file does not exist
""a"" - Append - Opens a file for 
appending, creates the file if it does not exist
""w"" - Write - Opens a file for writing, 
creates the file if it does not exist
""x"" - Create - Creates the specified file, returns 
an error if the file exists
In addition you can specify if the file should be handled as binary or text mode
""t"" - Text - Default value. Text mode
""b"" - Binary - Binary mode (e.g. 
  images)
Syntax
To open a file for reading it is enough to specify the name of the file:
The code above is the same as:
Because ""r"" for read, and ""t"" for text are the default values, you do not need to specify them.
Note: Make sure the file exists, or else you will get an error.","f = open(""demofile.txt"")
---
f = open(""demofile.txt"", ""rt"")",Python Intermedio
194,Python Read Files,https://www.w3schools.com/python/python_file_open.asp,"Python File Open
Open a File on the Server
Assume we have the following file, located in the same folder as Python:
demofile.txt
To open the file, use the built-in open() function.
The open() function returns a file object, which has a read() method for reading the content of the file:
Example
If the file is located in a different location, you will have to specify the file path, 
like this:
Example
Open a file on a different location:
Using the with statement
You can also use the with statement when opening a file:
Example
Using the with keyword:
Then you do not have to worry about closing your files, the with statement takes care of that.
Close Files
It is a good practice to always close the file when you are done with it.
If you are not using the with statement, you must write a close statement in order to close the file:
Example
Close the file when you are finished with it:
Note: You should always close your files. In some cases, due to buffering, changes made to a file may not show until you close the file.
Read Only Parts of the File
By default the read() method returns the whole text, but you can also specify how many characters you want to return:
Example
Return the 5 first characters of the file:
Read Lines
You can return one line by using the readline() method:
Example
Read one line of the file:
By calling readline() two times, you can read the 
two first lines:
Example
Read two lines of the file:
By looping through the lines of the file, you can read the whole file, line by line:
Example
Loop through the file line by line:","Hello! Welcome to demofile.txt
This file is for testing purposes.
Good
  Luck!
---
f = open(""demofile.txt"")
print(f.read())
---
f = open(""D:\\myfiles\welcome.txt"")
print(f.read())
---
with open(""demofile.txt"") as f:

  print(f.read())
---
f = open(""demofile.txt"")
print(f.readline())

  f.close()
---
with open(""demofile.txt"") as f:
  print(f.read(
5
))
---
with open(""demofile.txt"") as f:
  print(f.readline())
---
with open(""demofile.txt"") as f:
  print(f.readline())
  print(f.readline())
---
with open(""demofile.txt"") as f:
  for x in f:
    print(x)",Python Intermedio
195,Python Write/Create Files,https://www.w3schools.com/python/python_file_write.asp,"Python File Write
Write to an Existing File
To write to an existing file, you must add a parameter to the open() function:
""a"" - Append - will append to the end of the file
""w"" - Write - will overwrite any existing content
Example
Open the file ""demofile.txt"" and append content to the file:
Overwrite Existing Content
To overwrite the existing content to the file, use the w parameter:
Example
Open the file ""demofile.txt"" and overwrite the content:
Note: the ""w"" method will overwrite the entire file.
Create a New File
To create a new file in Python, use the open() method, 
with one of the following parameters:
""x"" - Create - will create a file, returns 
an error if the file exists
""a"" - Append - will create a file if the 
specified file does not exists
""w"" - Write - will create a file if the 
specified file does not exists
Example
Create a new file called ""myfile.txt"":
Result: a new empty file is created.
Note: If the file already exists, an error will be raised.","with open(""demofile.txt"", ""a"") as f:
  f.write(""Now the file has more content!"")


#open and read the file after the appending:
with open(""demofile.txt"")
  as f:
  print(f.read())
---
with open(""demofile.txt"", ""w"") as f:


  f.write(""Woops! I have deleted the content!"")

  #open and read the file after the overwriting:
with open(""demofile.txt"")
  as f:


  print(f.read())
---
f = open(""myfile.txt"", ""x"")",Python Intermedio
196,Python Delete Files,https://www.w3schools.com/python/python_file_remove.asp,"Python Delete File
Delete a File
To delete a file, you must import the OS module, and run its os.remove() function:
Example
Remove the file ""demofile.txt"":
Check if File exist:
To avoid getting an error, you might want to check if the file exists before you try to delete it:
Example
Check if file exists, then delete it:
Delete Folder
To delete an entire folder, use the os.rmdir() method:
Example
Remove the folder ""myfolder"":
Note: You can only remove empty folders.","import os
os.remove(""demofile.txt"")
---
import os
if os.path.exists(""demofile.txt""):
  os.remove(""demofile.txt"")

  else:
  print(""The file does not exist"")
---
import os
os.rmdir(""myfolder"")",Python Intermedio
197,NumPy Tutorial,https://www.w3schools.com/python/numpy/default.asp,"NumPy Tutorial
Learn NumPy
NumPy is a Python library.
NumPy is used for working with arrays.
NumPy is short for ""Numerical Python"".
Learning by Reading
We have created 43 tutorial pages for you to learn more about NumPy.
Starting with a basic introduction and ends up with creating and plotting random data sets, and working with NumPy functions:
Basic
Random
ufunc
Learning by Examples
In our ""Try it Yourself"" editor, you can use the NumPy module, and modify the code to see the result.
Example
Create a NumPy array:
Click on the ""Try it Yourself"" button to see how it works.
Learning by Exercises
Many chapters in this tutorial end with an exercise where you can check your level of knowledge.
Learning by Quiz Test
Test your NumPy skills with a quiz test.
Start NumPy Quiz","import numpy as np


arr = np.array([1, 2, 3, 4, 5])
print(arr)

print(type(arr))",Python Intermedio
198,Pandas Tutorial,https://www.w3schools.com/python/pandas/default.asp,"Pandas Tutorial
Learn Pandas
Pandas is a Python library.
Pandas is used to analyze data.
Learning by Reading
We have created 14 tutorial pages for you to learn more about Pandas.
Starting with a basic introduction and ends up with cleaning and plotting data:
Basic
Cleaning Data
Advanced
Learning by Examples
In our ""Try it Yourself"" editor, you can use the Pandas module, and modify the code to see the result.
Example
Load a CSV file into a Pandas DataFrame:
Click on the ""Try it Yourself"" button to see how it works.
Learning by Exercises
Most chapters in this tutorial end with an exercise where you can check your level of knowledge.
Learning by Quiz Test
Test your Pandas skills with a quiz test.
Start Pandas Quiz","import pandas as pd
df = pd.read_csv('data.csv')
print(df.to_string())",Python Intermedio
199,SciPy Tutorial,https://www.w3schools.com/python/scipy/index.php,"SciPy Tutorial
Learn SciPy
SciPy is a scientific computation library that uses NumPy underneath.
SciPy stands for Scientific Python.
Learning by Reading
We have created 10 tutorial pages for you to learn the fundamentals of SciPy:
Basic SciPy
Learning by Examples
In our ""Try it Yourself"" editor, you can use the SciPy module, and modify the code to see the result.
Example
How many cubic meters are in one liter:
Click on the ""Try it Yourself"" button to see how it works.
Learning by Exercises
Many chapters in this tutorial end with an exercise where you can check your level of knowledge.
Learning by Quiz Test
Test your SciPy skills with a quiz test.
Start SciPy Quiz","from scipy import constants


  print(constants.liter)",Python Intermedio
200,Django Tutorial,https://www.w3schools.com/django/index.php,"Django Tutorial
Learn Django
Django is a back-end server side web framework.
Django is free, open source and written in Python.
Django makes it easier to build web pages using Python.
Learning by Doing
In this tutorial you get a step by step guide on how to install and create a Django project.
You will learn how to create a project where you can add, read, update or delete data.
You will learn how to make HTML Templates and use Django Template Tags to insert data within a HTML document.
You will learn how to work with QuerySets to extract, filter, and sort data from the database.
You will also learn how to set up a PostgreSQL database and how to deploy your 
Django project to the world.
Django
Display
Admin
Syntax
QuerySets
Static Files
PostgreSQL
Deploy
Learning by Examples
In the tutorial we will use examples to better explain the various concepts.
Example
Learning by Exercises
Many chapters in this tutorial end with an exercise where you can check your level of knowledge.
Django Quiz
Learn by taking a quiz! The quiz will give you a signal of how much you know about Django.
Start Django Quiz
Track Your Progress
View your completed tutorials, exercises, and quizzes
Keep an eye on your progress and daily streaks
Join the leaderboard and compete with others
Get your own avatar and unlock new skins
Create your own personal website
Sign Up »
Note: This is an optional feature. You can study at W3Schools without creating an account.
Learning by References
You will also find references over the most common Django features:","<ul>
  {% for x in mymembers %}
    <li>{{ x.firstname }}</li>
  {% endfor %}
</ul>",Python Intermedio
201,Matplotlib Intro,https://www.w3schools.com/python/matplotlib_intro.asp,"Matplotlib Tutorial
What is Matplotlib?
Matplotlib is a low level graph plotting library in python that serves as a visualization utility.
Matplotlib was created by John D. Hunter.
Matplotlib is open source and we can use it freely.
Matplotlib is mostly written in python, a few segments are written in C, Objective-C and Javascript for Platform compatibility.
Where is the Matplotlib Codebase?
The source code for Matplotlib is located at this github repository https://github.com/matplotlib/matplotlib",,Python Intermedio
202,Matplotlib Get Started,https://www.w3schools.com/python/matplotlib_getting_started.asp,"Matplotlib Getting Started
Installation of Matplotlib
If you have Python and PIP already installed on a system, then installation of 
Matplotlib is very easy.
Install it using this command:
If this command fails, then use a python distribution that already has Matplotlib installed,  like Anaconda, Spyder etc.
Import Matplotlib
Once Matplotlib is installed, import it in your applications by adding the import module statement:
Now Matplotlib is imported and ready to use:
Checking Matplotlib Version
The version string is stored under __version__ attribute.
Example
Note: two underscore characters are used in __version__ .","C:\Users\
Your Name
>pip install matplotlib
---
import matplotlib
---
import matplotlib
print(matplotlib.__version__)",Python Intermedio
203,Matplotlib Pyplot,https://www.w3schools.com/python/matplotlib_pyplot.asp,"Matplotlib Pyplot
Pyplot
Most of the Matplotlib utilities lies under the pyplot submodule,
and are usually imported under the plt alias:
Now the Pyplot package can be referred to as plt .
Example
Draw a line in a diagram from position (0,0) to position (6,250):
Result:
You will learn more about drawing (plotting) in the next chapters.","import matplotlib.pyplot as plt
---
import matplotlib.pyplot as plt

import numpy as np



  xpoints = np.array([0, 6])
ypoints = np.array([0, 250])
plt.plot(xpoints,
  ypoints)

plt.show()",Python Intermedio
204,Matplotlib Plotting,https://www.w3schools.com/python/matplotlib_plotting.asp,"Matplotlib Plotting
Plotting x and y points
The plot() function is used to draw points (markers) in a diagram.
By default, the plot() function draws a line from point to point.
The function takes parameters for specifying points in the diagram.
Parameter 1 is an array containing the points on the x-axis .
Parameter 2 is an array containing the points on the y-axis .
If we need to plot a line from (1, 3) to (8, 10), we have to pass two arrays [1, 8] and [3, 10] to the plot function.
Example
Draw a line in a diagram from position (1, 3) to position (8, 10):
Result:
The x-axis is the horizontal axis.
The y-axis is the vertical axis.
Plotting Without Line
To plot only the markers, you can use shortcut string notation parameter 'o', which means 'rings'.
Example
Draw two points in the diagram, one at position (1, 3) and one in position (8, 10):
Result:
You will learn more about markers in the next chapter.
Multiple Points
You can plot as many points as you like, just make sure you have the same number of points in both axis.
Example
Draw a line in a diagram from position (1, 3) to (2, 8) then to (6, 1) and finally to position (8, 10):
Result:
Default X-Points
If we do not specify the points on the x-axis, they will get the default values 0, 1, 2, 3 etc., depending on the length of the y-points.
So, if we take the same example as above, and leave out the x-points, the diagram will look like this:
Example
Plotting without x-points:
Result:
The x-points in the example above are [0, 1, 2, 3, 4, 5].","import matplotlib.pyplot as plt

import numpy as np



xpoints = np.array([1, 8])

ypoints = np.array([3, 10])



plt.plot(xpoints, ypoints)

plt.show()
---
import matplotlib.pyplot as plt

import numpy as np



xpoints = np.array([1, 8])

ypoints = np.array([3, 10])



plt.plot(xpoints, ypoints, 'o')

plt.show()
---
import matplotlib.pyplot as plt

import numpy as np



xpoints = np.array([1, 2, 6, 8])

ypoints = np.array([3, 8, 1, 10])



plt.plot(xpoints, ypoints)

plt.show()
---
import matplotlib.pyplot as plt

import numpy as np



  ypoints = np.array([3, 8, 1, 10, 5, 7])



plt.plot(ypoints)

plt.show()",Python Intermedio
205,Matplotlib Markers,https://www.w3schools.com/python/matplotlib_markers.asp,"Matplotlib Markers
Markers
You can use the keyword argument marker to 
emphasize each point with a specified marker:
Example
Mark each point with a circle:
Result:
Example
Mark each point with a star:
Result:
Marker Reference
You can choose any of these markers:
Marker
Description
'o'
Circle
'*'
Star
'.'
Point
','
Pixel
'x'
X
'X'
X (filled)
'+'
Plus
'P'
Plus (filled)
's'
Square
'D'
Diamond
'd'
Diamond (thin)
'p'
Pentagon
'H'
Hexagon
'h'
Hexagon
'v'
Triangle Down
'^'
Triangle Up
'<'
Triangle Left
'>'
Triangle Right
'1'
Tri Down
'2'
Tri Up
'3'
Tri Left
'4'
Tri Right
'|'
Vline
'_'
Hline
Format Strings fmt
You can also use the shortcut string notation parameter to specify the marker.
This parameter is also called fmt , and is written with this syntax:
Example
Mark each point with a circle:
Result:
The marker value can be anything from the Marker Reference above.
The line value can be one of the following:
Line Reference
Line Syntax
Description
'-'
Solid line
':'
Dotted line
'--'
Dashed line
'-.'
Dashed/dotted line
Note: If you leave out the line value in the fmt parameter, no line will be plotted.
The short color value can be one of the following:
Color Reference
Color Syntax
Description
'r'
Red
'g'
Green
'b'
Blue
'c'
Cyan
'm'
Magenta
'y'
Yellow
'k'
Black
'w'
White
Marker Size
You can use the keyword argument markersize or the 
shorter version, ms to set the size of the markers:
Example
Set the size of the markers to 20:
Result:
Marker Color
You can use the keyword argument markeredgecolor or 
the shorter mec to set the color of the edge of the markers:
Example
Set the EDGE color to red:
Result:
You can use the keyword argument markerfacecolor or 
the shorter mfc to set the color inside the edge of the markers:
Example
Set the FACE color to red:
Result:
Use both the mec and mfc arguments to color the entire marker:
Example
Set the color of both the edge and the face to red:
Result:
You can also use Hexadecimal color values :
Example
Mark each point with a beautiful green color:
Result:
Or any of the 140 supported color names .
Example
Mark each point with the color named ""hotpink"":
Result:","import matplotlib.pyplot as plt

import numpy as np



ypoints = np.array([3, 8, 1, 10])



plt.plot(ypoints, marker = 'o')

plt.show()
---
...


plt.plot(ypoints, marker = '*')

...
---
import matplotlib.pyplot as plt

import numpy as np



ypoints = np.array([3, 8, 1, 10])



plt.plot(ypoints, 'o:r')

plt.show()
---
import matplotlib.pyplot as plt

import numpy as np



ypoints = np.array([3, 8, 1, 10])



plt.plot(ypoints, marker = 'o', ms = 20)

plt.show()
---
import matplotlib.pyplot as plt

import numpy as np



ypoints = np.array([3, 8, 1, 10])



plt.plot(ypoints, marker = 'o', ms = 20, mec = 'r')

plt.show()
---
import matplotlib.pyplot as plt

import numpy as np



ypoints = np.array([3, 8, 1, 10])



plt.plot(ypoints, marker = 'o', ms = 20, mfc = 'r')

plt.show()
---
import matplotlib.pyplot as plt

import numpy as np



ypoints = np.array([3, 8, 1, 10])



plt.plot(ypoints, marker = 'o', ms = 20, mec = 'r', mfc = 'r')

plt.show()
---
...


plt.plot(ypoints, marker = 'o', ms = 20, mec = '#4CAF50', mfc = '#4CAF50')

...
---
...


plt.plot(ypoints, marker = 'o', ms = 20, mec = 'hotpink', mfc = 'hotpink')

...",Python Intermedio
206,Matplotlib Line,https://www.w3schools.com/python/matplotlib_line.asp,"Matplotlib Line
Linestyle
You can use the keyword argument linestyle , or shorter ls , to 
change the style of the plotted line:
Example
Use a dotted line:
Result:
Example
Use a dashed line:
Result:
Shorter Syntax
The line style can be written in a shorter syntax:
linestyle can be written as ls .
dotted can be written as : .
dashed can be written as -- .
Example
Shorter syntax:
Result:
Line Styles
You can choose any of these styles:
Style
Or
'solid' (default)
'-'
'dotted'
':'
'dashed'
'--'
'dashdot'
'-.'
'None'
'' or ' '
Line Color
You can use the keyword argument color or 
the shorter c to set the color of the line:
Example
Set the line color to red:
Result:
You can also use Hexadecimal color values :
Example
Plot with a beautiful green line:
Result:
Or any of the 140 supported color names .
Example
Plot with the color named ""hotpink"":
Result:
Line Width
You can use the keyword argument linewidth or 
the shorter lw to change the width of the line.
The value is a floating number, in points:
Example
Plot with a 20.5pt wide line:
Result:
Multiple Lines
You can plot as many lines as you like by simply adding more plt.plot() functions:
Example
Draw two lines by specifying a plt.plot() function for each line:
Result:
You can also plot many lines by adding the points for the x- and y-axis for each line in the same plt.plot() function.
(In the examples above we only specified the points on the y-axis, meaning that the points on the x-axis got the the default values (0, 1, 2, 3).)
The x- and y- values come in pairs:
Example
Draw two lines by specifiyng the x- and y-point values for both lines:
Result:","import matplotlib.pyplot as plt

import numpy as np



ypoints = np.array([3, 8, 1, 10])



plt.plot(ypoints, linestyle = 'dotted')

plt.show()
---
plt.plot(ypoints, linestyle = 'dashed')
---
plt.plot(ypoints, ls = ':')
---
import matplotlib.pyplot as plt

import numpy as np



ypoints = np.array([3, 8, 1, 10])



plt.plot(ypoints, color = 'r')

plt.show()
---
...


plt.plot(ypoints, c = '#4CAF50')

...
---
...


plt.plot(ypoints, c = 'hotpink')

...
---
import matplotlib.pyplot as plt

import numpy as np



ypoints = np.array([3, 8, 1, 10])



plt.plot(ypoints, linewidth = '20.5')

plt.show()
---
import matplotlib.pyplot as plt

import numpy as np



y1 = np.array([3, 8, 1, 10])

y2 = np.array([6, 2, 7, 11])



plt.plot(y1)

plt.plot(y2)



plt.show()
---
import matplotlib.pyplot as plt

import numpy as np



x1 = np.array([0, 1, 2, 3])

y1 = np.array([3, 8, 1, 10])


x2 = np.array([0, 1, 2, 3])

y2 = np.array([6, 2, 7, 11])



plt.plot(x1, y1, x2, y2)

plt.show()",Python Intermedio
207,Matplotlib Labels,https://www.w3schools.com/python/matplotlib_labels.asp,"Matplotlib Labels and Title
Create Labels for a Plot
With Pyplot, you can use the xlabel() and ylabel() functions to set a label for the x- and y-axis.
Example
Add labels to the x- and y-axis:
Result:
Create a Title for a Plot
With Pyplot, you can use the title() function to set a title for the plot.
Example
Add a plot title and labels for the x- and y-axis:
Result:
Set Font Properties for Title and Labels
You can use the fontdict parameter in xlabel() , ylabel() , 
and title() to set font properties for the 
title and labels.
Example
Set font properties for the title and labels:
Result:
Position the Title
You can use the loc parameter in title() to position the title.
Legal values are: 'left', 'right', and 'center'. Default value is 'center'.
Example
Position the title to the left:
Result:","import numpy as np
import matplotlib.pyplot as plt
x = np.array([80,
  85, 90, 95, 100, 105, 110, 115, 120, 125])
y = np.array([240, 250, 260,
  270, 280, 290, 300, 310, 320, 330])
plt.plot(x, y)
plt.xlabel(""Average
  Pulse"")
plt.ylabel(""Calorie Burnage"")
plt.show()
---
import numpy as np
import matplotlib.pyplot as plt
x = np.array([80,
  85, 90, 95, 100, 105, 110, 115, 120, 125])
y = np.array([240, 250, 260,
  270, 280, 290, 300, 310, 320, 330])
plt.plot(x, y)
plt.title(""Sports Watch Data"")
plt.xlabel(""Average
  Pulse"")
plt.ylabel(""Calorie Burnage"")
plt.show()
---
import numpy as np
import matplotlib.pyplot as plt
x = np.array([80,
  85, 90, 95, 100, 105, 110, 115, 120, 125])
y = np.array([240, 250, 260,
  270, 280, 290, 300, 310, 320, 330])
font1 = {'family':'serif','color':'blue','size':20}

  font2 = {'family':'serif','color':'darkred','size':15}
plt.title(""Sports
  Watch Data"", fontdict = font1)
plt.xlabel(""Average Pulse"", fontdict =
  font2)
plt.ylabel(""Calorie Burnage"", fontdict = font2)
plt.plot(x,
  y)
plt.show()
---
import numpy as np
import matplotlib.pyplot as plt
x = np.array([80,
  85, 90, 95, 100, 105, 110, 115, 120, 125])
y = np.array([240, 250, 260,
  270, 280, 290, 300, 310, 320, 330])
plt.title(""Sports Watch Data"", loc = 'left')
plt.xlabel(""Average
  Pulse"")
plt.ylabel(""Calorie Burnage"")
plt.plot(x,
  y)
plt.show()",Python Intermedio
