numero_leccion,titulo,url,descripcion,ejemplos_codigo,categoria
1,Python HOME,https://www.w3schools.com/python/default.asp,"Python Tutorial
Learn Python
Python is a popular programming language.
Python can be used on a server to create web applications.
Tip: Sign in to track your progress.
Learning by Examples
With our ""Try it Yourself"" editor, you can edit Python code and view the result.
Example
Click on the ""Try it Yourself"" button to see how it works.
Python File Handling
In our File Handling section you will learn how to open, read, write, and 
delete files.
Python File Handling
Python Database Handling
In our database section you will learn how to access and work with MySQL and MongoDB databases:
Python MySQL Tutorial
Python MongoDB Tutorial
Python Exercises
Many chapters in this tutorial end with an exercise where you can check your level of knowledge.
Python Examples
Learn by examples! This tutorial supplements all explanations with clarifying examples.
See All Python Examples
Python Quiz
Test your Python skills with a quiz.
Python Quiz
Track Your Progress
View your completed tutorials, exercises, and quizzes
Keep an eye on your progress and daily streaks
Join the leaderboard and compete with others
Get your own avatar and unlock new skins
Create your own personal website
Sign Up »
Note: This is an optional feature. You can study at W3Schools without creating an account.
Python Reference
You will also find complete function and method references:
Download Python
Download Python from the official Python web site: https://python.org
Kickstart your career","print(""Hello, World!"")",Python Básico
2,Python Intro,https://www.w3schools.com/python/python_intro.asp,"Python Introduction
What is Python?
Python is a popular programming language. It was created by Guido van Rossum, 
and released in 1991.
It is used for:
web development (server-side),
software development,
mathematics,
system scripting.
What can Python do?
Python can be used on a server to create web applications.
Python can be used alongside software to create workflows.
Python can connect to database systems. It can also read and modify files.
Python can be used to handle big data and perform complex mathematics.
Python can be used for rapid prototyping, or for production-ready software development.
Why Python?
Python works on different platforms (Windows, Mac, Linux, Raspberry Pi, etc).
Python has a simple syntax similar to the English language.
Python has syntax that allows developers to write programs with fewer lines than some other programming languages.
Python runs on an interpreter system, meaning that code can be executed as soon as it is written. This means that prototyping can be very quick.
Python can be treated in a procedural way, an object-oriented way or a functional way.
Good to know
The most recent major version of Python is Python 3, which we shall be using in this tutorial.
In this tutorial Python will be written in a text editor. It is possible to write Python in an Integrated Development Environment, such as Thonny, Pycharm, Netbeans or Eclipse which are particularly useful when managing larger collections of Python files.
Python Syntax compared to other programming languages
Python was designed for readability, and has some similarities to the English language with influence from mathematics.
Python uses new lines to complete a command, as opposed to other programming languages which often use semicolons or parentheses.
Python relies on indentation, using whitespace, to define scope; such as the scope of loops, functions and classes. Other programming languages often use curly-brackets for this purpose.
Example
Video: Python Introduction","print(""Hello, World!"")",Python Básico
3,Python Get Started,https://www.w3schools.com/python/python_getstarted.asp,"Python Getting Started
Get Started With Python
At W3Schools, you can try Python without installing anything.
Our Online Python Editor runs directly in your browser, and shows both the code and the result:
Example
This editor will be used in the entire tutorial to demonstrate the different aspects of Python.
Python Install
However, if you want to run Python on your own computer, follow the instructions below.
Many Windows PCs and Mac computers already have Python pre-installed.
To check if Python is installed on Windows, search in the start bar for Python or run the following on the Command Line (cmd.exe):
To check if you have python installed on a Linux or Mac, then on linux open the command line or on Mac open the Terminal and type:
If Python is not installed on your computer, you can download it for free from the official website: https://www.python.org/
Python Quickstart
Python is an interpreted programming language, this means that as a developer you write Python (.py) files in a text editor and then put those files into the python interpreter to be executed.
Let's write our first Python file, called hello.py , which can be done in any text editor:
hello.py :
Simple as that. Save your file. Open your command line, navigate to the directory where you saved your file, and run:
The output should be:
Congratulations, you have written and executed your first Python program.
Python Version
To check the Python version of the editor, you can find it by importing the sys module:
Example
Check the Python version of the editor:
You will learn more about importing modules in our Python Modules chapter.
The Python Command Line
To test a short amount of code in python sometimes it is quickest and easiest not to write the code in a file. This is made possible because Python can be run as a command line itself.
Type the following on the Windows, Mac or Linux command line:
From there you can write any python code, including our hello world example from earlier in the tutorial:
Which will write ""Hello, World!"" in the command line:
Whenever you are done in the python command line, you can simply type the following to quit the python command line interface:
Video: Python Get Started","print(""Hello, World!"")
---
C:\Users\
Your Name
>python --version
---
python --version
---
C:\Users\
Your Name
>python hello.py
---
Hello, World!
---
import sys



print(sys.version)
---
C:\Users\
Your Name
>python
---
C:\Users\
Your Name
>py
---
C:\Users\
Your Name
>python

Python 3.6.4 (v3.6.4:d48eceb, Dec 19 2017, 06:04:45) [MSC v.1900 32 bit (Intel)] on win32

Type ""help"", ""copyright"", ""credits"" or ""license"" for more information.

>>> print(""Hello, World!"")
---
C:\Users\
Your Name
>python

Python 3.6.4 (v3.6.4:d48eceb, Dec 19 2017, 06:04:45) [MSC v.1900 32 bit (Intel)] on win32

Type ""help"", ""copyright"", ""credits"" or ""license"" for more information.

>>> print(""Hello, World!"")

Hello, World!
---
exit()",Python Básico
4,Python Syntax,https://www.w3schools.com/python/python_syntax.asp,"Python Syntax
Execute Python Syntax
As we learned in the previous page, Python syntax can be executed by writing directly in the Command Line:
Or by creating a python file on the server, using the .py file extension, and running it in the Command Line:
Python Indentation
Indentation refers to the spaces at the beginning of a code line.
Where in other programming languages the indentation in code is for readability 
only, the indentation in Python is very important.
Python uses indentation to indicate a block of code.
Example
Python will give you an error if you skip the indentation:
Example
Syntax Error:
The number of spaces is up to you as a programmer, the most common use is four, but it has 
to be at least one.
Example
You have to use the same number of spaces in the same block of code, 
otherwise Python will give you an error:
Example
Syntax Error:
Python Variables
In Python, variables are created when you assign a value to it: Example Variables in Python: x = 5 y = ""Hello, World!"" Python has no command for declaring a variable. You will learn more about variables in the Python Variables chapter. Comments Python has commenting capability for the purpose of in-code documentation. Comments start with a # , and Python will render the rest of the line as a comment: Example Comments in Python: #This is a comment. print(""Hello, World!"") Video: Python Syntax ★ +1 Sign in to track progress
Example
Variables in Python:
Python has no command for declaring a variable.
You will learn more about variables in the Python Variables chapter.
Comments
Python has commenting capability for the purpose of in-code documentation.
Comments start with a # , and Python will render the rest of the line as a comment: Example Comments in Python: #This is a comment. print(""Hello, World!"") Video: Python Syntax ★ +1 Sign in to track progress
Example
Comments in Python:
Video: Python Syntax",">>> print(""Hello, World!"")

    Hello, World!
---
C:\Users\
Your Name
>python myfile.py
---
if 5 > 2:

print(""Five is greater than two!"")
---
if 5 > 2:
 print(""Five is greater than two!"")

if 5 > 2:
        print(""Five is greater than two!"")
---
if 5 > 2:

 print(""Five is greater than two!"")

        print(""Five is greater than
  two!"")
---
x = 5
y = ""Hello, World!""
---
#This is a comment.

print(""Hello, World!"")",Python Básico
5,Syntax,https://www.w3schools.com/python/python_syntax.asp,"Python Syntax
Execute Python Syntax
As we learned in the previous page, Python syntax can be executed by writing directly in the Command Line:
Or by creating a python file on the server, using the .py file extension, and running it in the Command Line:
Python Indentation
Indentation refers to the spaces at the beginning of a code line.
Where in other programming languages the indentation in code is for readability 
only, the indentation in Python is very important.
Python uses indentation to indicate a block of code.
Example
Python will give you an error if you skip the indentation:
Example
Syntax Error:
The number of spaces is up to you as a programmer, the most common use is four, but it has 
to be at least one.
Example
You have to use the same number of spaces in the same block of code, 
otherwise Python will give you an error:
Example
Syntax Error:
Python Variables
In Python, variables are created when you assign a value to it: Example Variables in Python: x = 5 y = ""Hello, World!"" Python has no command for declaring a variable. You will learn more about variables in the Python Variables chapter. Comments Python has commenting capability for the purpose of in-code documentation. Comments start with a # , and Python will render the rest of the line as a comment: Example Comments in Python: #This is a comment. print(""Hello, World!"") Video: Python Syntax ★ +1 Sign in to track progress
Example
Variables in Python:
Python has no command for declaring a variable.
You will learn more about variables in the Python Variables chapter.
Comments
Python has commenting capability for the purpose of in-code documentation.
Comments start with a # , and Python will render the rest of the line as a comment: Example Comments in Python: #This is a comment. print(""Hello, World!"") Video: Python Syntax ★ +1 Sign in to track progress
Example
Comments in Python:
Video: Python Syntax",">>> print(""Hello, World!"")

    Hello, World!
---
C:\Users\
Your Name
>python myfile.py
---
if 5 > 2:

print(""Five is greater than two!"")
---
if 5 > 2:
 print(""Five is greater than two!"")

if 5 > 2:
        print(""Five is greater than two!"")
---
if 5 > 2:

 print(""Five is greater than two!"")

        print(""Five is greater than
  two!"")
---
x = 5
y = ""Hello, World!""
---
#This is a comment.

print(""Hello, World!"")",Python Básico
6,Statements,https://www.w3schools.com/python/python_statements.asp,"Python Statements
Statements
A computer program is a list of ""instructions"" to be ""executed"" by a computer.
In a programming language, these programming instructions are called statements .
The following statement prints the text ""Python is fun!"" to the screen:
Example
In Python, a statement usually ends when the line ends. You do not need to use a semicolon ( ; ) like in many other programming languages (for example, Java or C ).
Many Statements
Most Python programs contain many statements.
The statements are executed one by one, in the same order as they are written:
Example
Example explained
From the example above, we have three statements:
print(""Hello World!"")
print(""Have a good day."")
print(""Learning Python is fun!"")
The first statement is executed first (print ""Hello World!""). Then the second statement is executed (print ""Have a good day.""). And at last, the third statement is executed (print ""Learning Python is fun!"").
Semicolons (Optional, Rarely Used)
Semicolons are optional in Python. You can write multiple statements on one line by separating them with ; but this is 
rarely used because it makes it hard to read:
Example
However, if you put two statements on the same line without a separator (newline or ; ), Python will give an error:
Example
Result:
Best practice: Put each statement on its own line so your code is easy to understand.","print(""Python is fun!"")
---
print(""Hello World!"")
print(""Have a good day."")
print(""Learning Python is fun!"")
---
print(""Hello""); print(""How are
    you?""); print(""Bye bye!"")
---
print(""Python is fun!"") print(""Really!"")",Python Básico
7,Code Challenge,https://www.w3schools.com/python/python_challenges_statements.asp,"Python Syntax Code Challenge
Challenge: Statements
Test your understanding of Python statements by completing a small coding challenge.",,Python Básico
8,Python Output,https://www.w3schools.com/python/python_output.asp,"Python Output / Print
Print Text
You have already learned that you can use the print() function to display text or output values:
Example
You can use the print() function as many times as you want. Each call prints text on a new line by default:
Example
Double Quotes
Text in Python must be inside quotes. You can use either "" double quotes or ' single quotes:
Example
If you forget to put the text inside quotes, Python will give an error:
Example
Result:
Print Without a New Line
By default, the print() function ends with a new line.
If you want to print multiple words on the same line, you can use the end parameter:
Example
Note that we add a space after end="" "" for better readability.","print(""Hello World!"")
---
print(""Hello World!"")

    print(""I am learning Python."")

    print(""It is awesome!"")
---
print(""This will work!"")

    print('This will also work!')
---
print(This will cause an error)
---
print(""Hello World!"", end="" "")

    print(""I will print on the same line."")",Python Básico
9,Print Text,https://www.w3schools.com/python/python_output.asp,"Python Output / Print
Print Text
You have already learned that you can use the print() function to display text or output values:
Example
You can use the print() function as many times as you want. Each call prints text on a new line by default:
Example
Double Quotes
Text in Python must be inside quotes. You can use either "" double quotes or ' single quotes:
Example
If you forget to put the text inside quotes, Python will give an error:
Example
Result:
Print Without a New Line
By default, the print() function ends with a new line.
If you want to print multiple words on the same line, you can use the end parameter:
Example
Note that we add a space after end="" "" for better readability.","print(""Hello World!"")
---
print(""Hello World!"")

    print(""I am learning Python."")

    print(""It is awesome!"")
---
print(""This will work!"")

    print('This will also work!')
---
print(This will cause an error)
---
print(""Hello World!"", end="" "")

    print(""I will print on the same line."")",Python Básico
10,Print Numbers,https://www.w3schools.com/python/python_output_numbers.asp,"Python Output Numbers
Print Numbers
You can also use the print() function to display numbers:
However, unlike text, we don't put numbers inside double quotes:
Example
You can also do math inside the print() function:
Example
Mix Text and Numbers
You can combine text and numbers in one output by separating them with a comma:
Example
You will learn more about combining text and variables in the Python Variables and Python Strings chapters.","print(3)

    print(358)

    print(50000)
---
print(3 + 3)

    print(2 * 5)
---
print(""I am"", 35, ""years old."")",Python Básico
11,Code Challenge,https://www.w3schools.com/python/python_challenges_output.asp,"Python Output Code Challenge
Challenge: Output / Print
Test your understanding of Python output by completing a small coding challenge.",,Python Básico
12,Python Comments,https://www.w3schools.com/python/python_comments.asp,"Python Comments
Comments can be used to explain Python code.
Comments can be used to make the code more readable.
Comments can be used to prevent execution when testing code.
Creating a Comment
Comments starts with a # , and Python will 
ignore them:
Example
Comments can be placed at the end of a line, and Python will ignore the rest 
of the line:
Example
A comment does not have to be text that explains the code, it can also be used to 
prevent Python from executing code:
Example
Multiline Comments
Python does not really have a syntax for multiline comments.
To add a multiline comment you could insert a # for each line:
Example
Or, not quite as intended, you can use a multiline string.
Since Python will ignore string literals that are not assigned to a variable, you can add a multiline string (triple quotes) in your code, and place your comment inside it:
Example
As long as the string is not assigned to a variable, Python will read the code, but then ignore it, and you have made a multiline comment.
Video: Python Comments","#This is a comment

print(""Hello, World!"")
---
print(""Hello, World!"") #This is a comment
---
#print(""Hello, World!"")
print(""Cheers, Mate!"")
---
#This is a comment
#written in
#more than just one line
print(""Hello,
  World!"")
---
""""""
This is a comment
written in
more than just
  one line
""""""
print(""Hello, World!"")",Python Básico
13,Comments,https://www.w3schools.com/python/python_comments.asp,"Python Comments
Comments can be used to explain Python code.
Comments can be used to make the code more readable.
Comments can be used to prevent execution when testing code.
Creating a Comment
Comments starts with a # , and Python will 
ignore them:
Example
Comments can be placed at the end of a line, and Python will ignore the rest 
of the line:
Example
A comment does not have to be text that explains the code, it can also be used to 
prevent Python from executing code:
Example
Multiline Comments
Python does not really have a syntax for multiline comments.
To add a multiline comment you could insert a # for each line:
Example
Or, not quite as intended, you can use a multiline string.
Since Python will ignore string literals that are not assigned to a variable, you can add a multiline string (triple quotes) in your code, and place your comment inside it:
Example
As long as the string is not assigned to a variable, Python will read the code, but then ignore it, and you have made a multiline comment.
Video: Python Comments","#This is a comment

print(""Hello, World!"")
---
print(""Hello, World!"") #This is a comment
---
#print(""Hello, World!"")
print(""Cheers, Mate!"")
---
#This is a comment
#written in
#more than just one line
print(""Hello,
  World!"")
---
""""""
This is a comment
written in
more than just
  one line
""""""
print(""Hello, World!"")",Python Básico
14,Code Challenge,https://www.w3schools.com/python/python_challenges_comments.asp,"Python Comments Code Challenge
Challenge: Comments
Test your understanding of Python comments by completing a small coding challenge.",,Python Básico
15,Python Variables,https://www.w3schools.com/python/python_variables.asp,"Python Variables
Variables
Variables are containers for storing data values.
Creating Variables
Python has no command for declaring a variable.
A variable is created the moment you first assign a value to it.
Example
Variables do not need to be declared with any particular type , and can even change type after they have been set.
Example
Casting
If you want to specify the data type of a variable, this can be done with casting.
Example
Get the Type
You can get the data type of a variable with the type() function.
Example
Single or Double Quotes?
String variables can be declared either by using single or double quotes:
Example
Case-Sensitive
Variable names are case-sensitive.
Example
This will create two variables:
Video: Python Variables","x = 5

y = ""John""

print(x)

print(y)
---
x = 4       # x is of type int

x = ""Sally"" # x is now of type str

print(x)
---
x =
  str(3)    # x will be '3'
y = int(3)    # y
  will be 3
z = float(3)  # z will be 3.0
---
x = 5
y = ""John""
print(type(x))
print(type(y))
---
x = ""John""
# is the same as
x =
  'John'
---
a = 4
A =
  ""Sally""
#A will not overwrite a",Python Básico
16,Python Variables,https://www.w3schools.com/python/python_variables.asp,"Python Variables
Variables
Variables are containers for storing data values.
Creating Variables
Python has no command for declaring a variable.
A variable is created the moment you first assign a value to it.
Example
Variables do not need to be declared with any particular type , and can even change type after they have been set.
Example
Casting
If you want to specify the data type of a variable, this can be done with casting.
Example
Get the Type
You can get the data type of a variable with the type() function.
Example
Single or Double Quotes?
String variables can be declared either by using single or double quotes:
Example
Case-Sensitive
Variable names are case-sensitive.
Example
This will create two variables:
Video: Python Variables","x = 5

y = ""John""

print(x)

print(y)
---
x = 4       # x is of type int

x = ""Sally"" # x is now of type str

print(x)
---
x =
  str(3)    # x will be '3'
y = int(3)    # y
  will be 3
z = float(3)  # z will be 3.0
---
x = 5
y = ""John""
print(type(x))
print(type(y))
---
x = ""John""
# is the same as
x =
  'John'
---
a = 4
A =
  ""Sally""
#A will not overwrite a",Python Básico
17,Variable Names,https://www.w3schools.com/python/python_variables_names.asp,"Python - Variable Names
Variable Names
A variable can have a short name (like x and y) or a more descriptive name (age, carname, total_volume).
Rules for Python variables:
A variable name must start with a letter or the underscore character
A variable name cannot start with a number
A variable name can only contain alpha-numeric characters and underscores (A-z, 0-9, and _ )
Variable names are case-sensitive (age, Age and AGE are three different variables)
A variable name cannot be any of the Python keywords .
Example
Legal variable names:
Example
Illegal variable names:
Remember that variable names are case-sensitive
Multi Words Variable Names
Variable names with more than one word can be difficult to read.
There are several techniques you can use to make them more readable:
Camel Case
Each word, except the first, starts with a capital letter:
Pascal Case
Each word starts with a capital letter:
Snake Case
Each word is separated by an underscore character:
Video: Python Variable Names","myvar = ""John""
my_var = ""John""
_my_var = ""John""
myVar = ""John""

  MYVAR = ""John""
myvar2 = ""John""
---
2myvar = ""John""
my-var = ""John""

  my var = ""John""",Python Básico
18,Assign Multiple Values,https://www.w3schools.com/python/python_variables_multiple.asp,"Python Variables - Assign Multiple Values
Many Values to Multiple Variables
Python allows you to assign values to multiple variables in one line:
Example
Note: Make sure the number of variables matches the number of values, or else you will get an error.
One Value to Multiple Variables
And you can assign the same value to multiple variables in one line:
Example
Unpack a Collection
If you have a collection of values in a list , tuple etc.
Python allows you to extract the values into variables. This is called unpacking .
Example
Unpack a list:
Learn more about unpacking in our Unpack Tuples Chapter.
Video: Python Variable Names","x, y, z = ""Orange"", ""Banana"", ""Cherry""
print(x)
print(y)
print(z)
---
x = y = z = ""Orange""
print(x)
print(y)
print(z)
---
fruits = [""apple"", ""banana"", ""cherry""]

x, y, z = fruits

print(x)

print(y)

print(z)",Python Básico
19,Output Variables,https://www.w3schools.com/python/python_variables_output.asp,"Python - Output Variables
Output Variables
The print() function is often used to output variables.
Example
In the print() function, you output multiple 
variables, separated by a comma:
Example
You can also use the + operator to output 
multiple variables:
Example
Notice the space character after ""Python "" and ""is "" ,
  without them the result would be ""Pythonisawesome"".
For numbers, the + character works as a mathematical operator:
Example
In the print() function, when you try to 
combine a string and a number with the + operator, Python will give you an error:
Example
The best way to output multiple variables in the print() function is to separate them with commas,
which even support different data types:
Example
Video: Python Output Variables","x = ""Python is awesome""

print(x)
---
x = ""Python""
y = ""is""
z = ""awesome""
print(x, y, z)
---
x = ""Python ""
y = ""is ""
z = ""awesome""
print(x
  + y + z)
---
x = 5
y = 10
print(x + y)
---
x = 5
y = ""John""
print(x + y)
---
x = 5
y = ""John""
print(x, y)",Python Básico
20,Global Variables,https://www.w3schools.com/python/python_variables_global.asp,"Python - Global Variables
Global Variables
Variables that are created outside of a function (as in all of the examples 
in the previous pages) are known as global variables.
Global variables can be used by everyone, both inside of 
functions and outside.
Example
Create a variable outside of a function, and use it inside the function
If you create a variable with the same name inside a function, this variable 
will be local, and can only be used inside the function. The global variable 
with the same name will remain as it was, global and with the original value.
Example
Create a variable inside a function, with the same name as the global 
  variable
The global Keyword
Normally, when you create a variable inside a function, that variable is 
local, and can only be used inside that function.
To create a global variable inside a function, you can use the global keyword.
Example
If you use the global keyword, the variable belongs to the global scope:
Also, use the global keyword if you want to change a global variable inside a function.
Example
To change the value of a global variable inside a function, refer to the 
  variable by using the global keyword:
Video: Python Global Variables","x = ""awesome""

  def myfunc():
  print(""Python is "" + x)
myfunc()
---
x = ""awesome""

  def myfunc():
  x = ""fantastic""
  print(""Python is "" + x)
myfunc()


print(""Python is "" + x)
---
def myfunc():
  global x
  x = ""fantastic""
myfunc()


print(""Python is "" + x)
---
x = ""awesome""
def myfunc():
  global x
  x = ""fantastic""
myfunc()


print(""Python is "" + x)",Python Básico
21,Variable Exercises,https://www.w3schools.com/python/python_variables_exercises.asp,"Python - Variable Exercises
Test Yourself With Exercises
Now you have learned a lot about variables, and how to use them in Python.
Are you ready for a test?
Test your Python Variables skills with exercises from all categories:
Exercises
Tip: Sign in to track your progress.
Variables 3 exercises
Variable Names 3 exercises
Multiple Variable Values 3 exercises
Output Variable 3 exercises
Global Variable 3 exercises
Log in to track your progress
If you haven't already, sign up to become a W3Schooler, and get points for every exercise you complete.
As a logged-in W3Schools user you will have access to many features like having your own web page , track your learning progress , receive personal guided paths , and more .
The Exercise
The exercises are a mix of ""multiple choice"" and ""fill in the blanks"" questions.
There are between 3 and 9 questions in each category.
The answer can be found in the corresponding tutorial chapter.
If you're stuck, or answer wrong, you can try again or hit the ""Show Answer"" button to see the correct answer.
Find a complete collection of Python Exercises for each chapter in this tutorial in our Python Exercises page.",,Python Básico
22,Code Challenge,https://www.w3schools.com/python/python_challenges_variables.asp,"Python Variables Code Challenge
Challenge: Variables
Test your understanding of Python variables by completing a small coding challenge.",,Python Básico
23,Python Data Types,https://www.w3schools.com/python/python_datatypes.asp,"Python Data Types
Built-in Data Types
In programming, data type is an important concept.
Variables can store data of different types, and different types can do 
different things.
Python has the following data types built-in by default, in these categories:
Text Type:
str
Numeric Types:
int , float , complex
Sequence Types:
list , tuple , range
Mapping Type:
dict
Set Types:
set , frozenset
Boolean Type:
bool
Binary Types:
bytes , bytearray , memoryview
None Type:
NoneType
Getting the Data Type
You can get the data type of any object by using the type() function:
Example
Print the data type of the variable x:
Setting the Data Type
In Python, the data type is set when you assign a value to a variable:
Example
Data Type
Try it
x = ""Hello World""
str
x = 20
int
x = 20.5
float
x = 1j
complex
x = [""apple"", ""banana"", ""cherry""]
list
x = (""apple"", ""banana"", ""cherry"")
tuple
x = range(6)
range
x = {""name"" : ""John"", ""age"" : 36}
dict
x = {""apple"", ""banana"", ""cherry""}
set
x = frozenset({""apple"", ""banana"", ""cherry""})
frozenset
x = True
bool
x = b""Hello""
bytes
x = bytearray(5)
bytearray
x = memoryview(bytes(5))
memoryview
x = None
NoneType
Setting the Specific Data Type
If you want to specify the data type, you can use the following 
constructor functions:
Example
Data Type
Try it
x = str(""Hello World"")
str
x = int(20)
int
x = float(20.5)
float
x = complex(1j)
complex
x = list((""apple"", ""banana"", ""cherry""))
list
x = tuple((""apple"", ""banana"", ""cherry""))
tuple
x = range(6)
range
x = dict(name=""John"", age=36)
dict
x = set((""apple"", ""banana"", ""cherry""))
set
x = frozenset((""apple"", ""banana"", ""cherry""))
frozenset
x = bool(5)
bool
x = bytes(5)
bytes
x = bytearray(5)
bytearray
x = memoryview(bytes(5))
memoryview","x = 5

print(type(x))",Python Básico
24,Data Types,https://www.w3schools.com/python/python_datatypes.asp,"Python Data Types
Built-in Data Types
In programming, data type is an important concept.
Variables can store data of different types, and different types can do 
different things.
Python has the following data types built-in by default, in these categories:
Text Type:
str
Numeric Types:
int , float , complex
Sequence Types:
list , tuple , range
Mapping Type:
dict
Set Types:
set , frozenset
Boolean Type:
bool
Binary Types:
bytes , bytearray , memoryview
None Type:
NoneType
Getting the Data Type
You can get the data type of any object by using the type() function:
Example
Print the data type of the variable x:
Setting the Data Type
In Python, the data type is set when you assign a value to a variable:
Example
Data Type
Try it
x = ""Hello World""
str
x = 20
int
x = 20.5
float
x = 1j
complex
x = [""apple"", ""banana"", ""cherry""]
list
x = (""apple"", ""banana"", ""cherry"")
tuple
x = range(6)
range
x = {""name"" : ""John"", ""age"" : 36}
dict
x = {""apple"", ""banana"", ""cherry""}
set
x = frozenset({""apple"", ""banana"", ""cherry""})
frozenset
x = True
bool
x = b""Hello""
bytes
x = bytearray(5)
bytearray
x = memoryview(bytes(5))
memoryview
x = None
NoneType
Setting the Specific Data Type
If you want to specify the data type, you can use the following 
constructor functions:
Example
Data Type
Try it
x = str(""Hello World"")
str
x = int(20)
int
x = float(20.5)
float
x = complex(1j)
complex
x = list((""apple"", ""banana"", ""cherry""))
list
x = tuple((""apple"", ""banana"", ""cherry""))
tuple
x = range(6)
range
x = dict(name=""John"", age=36)
dict
x = set((""apple"", ""banana"", ""cherry""))
set
x = frozenset((""apple"", ""banana"", ""cherry""))
frozenset
x = bool(5)
bool
x = bytes(5)
bytes
x = bytearray(5)
bytearray
x = memoryview(bytes(5))
memoryview","x = 5

print(type(x))",Python Básico
25,Code Challenge,https://www.w3schools.com/python/python_challenges_datatypes.asp,"Python Data Types Code Challenge
Challenge: Data Types
Test your understanding of Python data types by completing a small coding challenge.",,Python Básico
26,Python Numbers,https://www.w3schools.com/python/python_numbers.asp,"Python Numbers
Python Numbers
There are three numeric types in Python:
int
float
complex
Variables of numeric types are created when you assign a value to them:
Example
To verify the type of any object in Python, use the type() function:
Example
Int
Int, or integer, is a whole number, 
positive or negative, without decimals, of unlimited length.
Example
Integers:
Float
Float, or ""floating point number"" is a number, positive or negative, containing one or more decimals.
Example
Floats:
Float can also be scientific numbers with an ""e"" to indicate the power of 10.
Example
Floats:
Complex
Complex numbers are written with a ""j"" as the imaginary part:
Example
Complex:
Type Conversion
You can convert from one type to another with the int() , float() , and complex() methods:
Example
Convert from one type to another:
Note: You cannot convert complex numbers into another number type.
Random Number
Python does not have a random() function to 
make a random number, but Python has a built-in module called random that can be used to make random numbers:
Example
Import the random module, and display a random number from 1 to 9:
In our Random Module Reference you will learn more about the Random module.","x = 1
  # int
y = 2.8  # float
z = 1j   # complex
---
print(type(x))
print(type(y))
print(type(z))
---
x = 1
y = 35656222554887711
z =
  -3255522
print(type(x))
print(type(y))
print(type(z))
---
x = 1.10
y = 1.0
z = -35.59
print(type(x))
print(type(y))
print(type(z))
---
x = 35e3
y = 12E4
z = -87.7e100
print(type(x))
print(type(y))

  print(type(z))
---
x = 3+5j
y = 5j
z = -5j
print(type(x))
print(type(y))

  print(type(z))
---
x = 1    # int
y = 2.8  # float
z = 1j   # complex
#convert from int to float:

  a = float(x)
#convert from float to int:

  b = int(y)
#convert from int to complex:
c = complex(x)
print(a)
print(b)

  print(c)
print(type(a))
print(type(b))

  print(type(c))
---
import random
print(random.randrange(1, 10))",Python Básico
27,Numbers,https://www.w3schools.com/python/python_numbers.asp,"Python Numbers
Python Numbers
There are three numeric types in Python:
int
float
complex
Variables of numeric types are created when you assign a value to them:
Example
To verify the type of any object in Python, use the type() function:
Example
Int
Int, or integer, is a whole number, 
positive or negative, without decimals, of unlimited length.
Example
Integers:
Float
Float, or ""floating point number"" is a number, positive or negative, containing one or more decimals.
Example
Floats:
Float can also be scientific numbers with an ""e"" to indicate the power of 10.
Example
Floats:
Complex
Complex numbers are written with a ""j"" as the imaginary part:
Example
Complex:
Type Conversion
You can convert from one type to another with the int() , float() , and complex() methods:
Example
Convert from one type to another:
Note: You cannot convert complex numbers into another number type.
Random Number
Python does not have a random() function to 
make a random number, but Python has a built-in module called random that can be used to make random numbers:
Example
Import the random module, and display a random number from 1 to 9:
In our Random Module Reference you will learn more about the Random module.","x = 1
  # int
y = 2.8  # float
z = 1j   # complex
---
print(type(x))
print(type(y))
print(type(z))
---
x = 1
y = 35656222554887711
z =
  -3255522
print(type(x))
print(type(y))
print(type(z))
---
x = 1.10
y = 1.0
z = -35.59
print(type(x))
print(type(y))
print(type(z))
---
x = 35e3
y = 12E4
z = -87.7e100
print(type(x))
print(type(y))

  print(type(z))
---
x = 3+5j
y = 5j
z = -5j
print(type(x))
print(type(y))

  print(type(z))
---
x = 1    # int
y = 2.8  # float
z = 1j   # complex
#convert from int to float:

  a = float(x)
#convert from float to int:

  b = int(y)
#convert from int to complex:
c = complex(x)
print(a)
print(b)

  print(c)
print(type(a))
print(type(b))

  print(type(c))
---
import random
print(random.randrange(1, 10))",Python Básico
28,Code Challenge,https://www.w3schools.com/python/python_challenges_numbers.asp,"Python Numbers Code Challenge
Challenge: Numbers
Test your understanding of Python number types by completing a small coding challenge.",,Python Básico
29,Python Casting,https://www.w3schools.com/python/python_casting.asp,"Python Casting
Specify a Variable Type
There may be times when you want to specify a type on to a variable. This can be done with casting. Python is an object-orientated language, and as such it uses classes to define data types, including its primitive types.
Casting in python is therefore done using constructor functions:
int() - constructs an integer number from an integer literal, a float literal (by removing 
    all decimals), or a string literal (providing the string represents a whole number)
float() - constructs a float number from an integer literal, a float literal or a string literal (providing the string represents a float or an integer)
str() - constructs a string from a wide variety of data types, including strings, integer literals and float literals
Example
Integers:
Example
Floats:
Example
Strings:","x = int(1)   # x will be 1

y = int(2.8) # y will be 2

z = int(""3"") # z will be 3
---
x = float(1)     # x will be 1.0

y = float(2.8)   # y will be 2.8

z = float(""3"")   # z will be 3.0

w = float(""4.2"") # w will be 4.2
---
x = str(""s1"") # x will be 's1'

y = str(2)    # y will be '2'

z = str(3.0)  # z will be '3.0'",Python Básico
30,Casting,https://www.w3schools.com/python/python_casting.asp,"Python Casting
Specify a Variable Type
There may be times when you want to specify a type on to a variable. This can be done with casting. Python is an object-orientated language, and as such it uses classes to define data types, including its primitive types.
Casting in python is therefore done using constructor functions:
int() - constructs an integer number from an integer literal, a float literal (by removing 
    all decimals), or a string literal (providing the string represents a whole number)
float() - constructs a float number from an integer literal, a float literal or a string literal (providing the string represents a float or an integer)
str() - constructs a string from a wide variety of data types, including strings, integer literals and float literals
Example
Integers:
Example
Floats:
Example
Strings:","x = int(1)   # x will be 1

y = int(2.8) # y will be 2

z = int(""3"") # z will be 3
---
x = float(1)     # x will be 1.0

y = float(2.8)   # y will be 2.8

z = float(""3"")   # z will be 3.0

w = float(""4.2"") # w will be 4.2
---
x = str(""s1"") # x will be 's1'

y = str(2)    # y will be '2'

z = str(3.0)  # z will be '3.0'",Python Básico
31,Code Challenge,https://www.w3schools.com/python/python_challenges_casting.asp,"Python Casting Code Challenge
Challenge: Casting
Test your understanding of Python type casting by completing a small coding challenge.",,Python Básico
32,Python Strings,https://www.w3schools.com/python/python_strings.asp,"Python Strings
Strings
Strings in python are surrounded by either single quotation marks, or double quotation marks.
'hello' is the same as ""hello"" .
You can display a string literal with the print() function:
Example
Quotes Inside Quotes
You can use quotes inside a string, as long as they don't match the quotes surrounding the string:
Example
Assign String to a Variable
Assigning a string to a variable is done with the variable name followed by 
an equal sign and the string:
Example
Multiline Strings
You can assign a multiline string to a variable by using three quotes:
Example
You can use three double quotes:
Or three single quotes:
Example
Note: in the result, the line breaks are inserted at the same position as in the code.
Strings are Arrays
Like many other popular programming languages, strings in Python are arrays of unicode characters.
However, Python does not have a character data type, a single character is simply a string with a length of 1.
Square brackets can be used to access elements of the string.
Example
Get the character at position 1 (remember that the first character has the 
position 0):
Looping Through a String
Since strings are arrays, we can loop through the characters in a string, with a for loop.
Example
Loop through the letters in the word ""banana"":
Learn more about For Loops in our Python For Loops chapter.
String Length
To get the length of a string, use the len() function.
Example
The len() function returns the length of a string:
Check String
To check if a certain phrase or character is present in a string, we can use 
the keyword in .
Example
Check if ""free"" is present in the following text:
Use it in an if statement:
Example
Print only if ""free"" is present:
Learn more about If statements in our Python 
If...Else chapter.
Check if NOT
To check if a certain phrase or character is NOT present in a string, we can use 
the keyword not in .
Example
Check if ""expensive"" is NOT present in the following text:
Use it in an if statement:
Example
print only if ""expensive"" is NOT present:","print(""Hello"")

print('Hello')
---
print(""It's alright"")

print(""He is called 'Johnny'"")

print('He is called ""Johnny""')
---
a = ""Hello""
print(a)
---
a = """"""Lorem ipsum dolor sit amet,
consectetur adipiscing elit,
sed do
  eiusmod tempor incididunt
ut labore et dolore magna aliqua.""""""
print(a)
---
a = '''Lorem ipsum dolor sit amet,
consectetur adipiscing elit,
sed do
  eiusmod tempor incididunt
ut labore et dolore magna aliqua.'''
print(a)
---
a = ""Hello, World!""

print(a[1])
---
for x in ""banana"":
  print(x)
---
a = ""Hello, World!""

print(len(a))
---
txt = ""The best things in life are free!""
print(""free"" in txt)
---
txt = ""The best things in life are free!""
if ""free"" in txt:

print(""Yes, 'free' is present."")
---
txt = ""The best things in life are free!""
print(""expensive"" not in txt)
---
txt = ""The best things in life are free!""
if ""expensive"" not in txt:

print(""No, 'expensive' is NOT present."")",Python Básico
33,Python Strings,https://www.w3schools.com/python/python_strings.asp,"Python Strings
Strings
Strings in python are surrounded by either single quotation marks, or double quotation marks.
'hello' is the same as ""hello"" .
You can display a string literal with the print() function:
Example
Quotes Inside Quotes
You can use quotes inside a string, as long as they don't match the quotes surrounding the string:
Example
Assign String to a Variable
Assigning a string to a variable is done with the variable name followed by 
an equal sign and the string:
Example
Multiline Strings
You can assign a multiline string to a variable by using three quotes:
Example
You can use three double quotes:
Or three single quotes:
Example
Note: in the result, the line breaks are inserted at the same position as in the code.
Strings are Arrays
Like many other popular programming languages, strings in Python are arrays of unicode characters.
However, Python does not have a character data type, a single character is simply a string with a length of 1.
Square brackets can be used to access elements of the string.
Example
Get the character at position 1 (remember that the first character has the 
position 0):
Looping Through a String
Since strings are arrays, we can loop through the characters in a string, with a for loop.
Example
Loop through the letters in the word ""banana"":
Learn more about For Loops in our Python For Loops chapter.
String Length
To get the length of a string, use the len() function.
Example
The len() function returns the length of a string:
Check String
To check if a certain phrase or character is present in a string, we can use 
the keyword in .
Example
Check if ""free"" is present in the following text:
Use it in an if statement:
Example
Print only if ""free"" is present:
Learn more about If statements in our Python 
If...Else chapter.
Check if NOT
To check if a certain phrase or character is NOT present in a string, we can use 
the keyword not in .
Example
Check if ""expensive"" is NOT present in the following text:
Use it in an if statement:
Example
print only if ""expensive"" is NOT present:","print(""Hello"")

print('Hello')
---
print(""It's alright"")

print(""He is called 'Johnny'"")

print('He is called ""Johnny""')
---
a = ""Hello""
print(a)
---
a = """"""Lorem ipsum dolor sit amet,
consectetur adipiscing elit,
sed do
  eiusmod tempor incididunt
ut labore et dolore magna aliqua.""""""
print(a)
---
a = '''Lorem ipsum dolor sit amet,
consectetur adipiscing elit,
sed do
  eiusmod tempor incididunt
ut labore et dolore magna aliqua.'''
print(a)
---
a = ""Hello, World!""

print(a[1])
---
for x in ""banana"":
  print(x)
---
a = ""Hello, World!""

print(len(a))
---
txt = ""The best things in life are free!""
print(""free"" in txt)
---
txt = ""The best things in life are free!""
if ""free"" in txt:

print(""Yes, 'free' is present."")
---
txt = ""The best things in life are free!""
print(""expensive"" not in txt)
---
txt = ""The best things in life are free!""
if ""expensive"" not in txt:

print(""No, 'expensive' is NOT present."")",Python Básico
34,Slicing Strings,https://www.w3schools.com/python/python_strings_slicing.asp,"Python - Slicing Strings
Slicing
You can return a range of characters by using the slice syntax.
Specify the start index and the end index, separated by a colon, to return a 
part of the string.
Example
Get the characters from position 2 to position 5 (not included):
Note: The first character has index 0.
Slice From the Start
By leaving out the start index, the range will start at the first character:
Example
Get the characters from the start to position 5 (not included):
Slice To the End
By leaving out the end index, the range will go to the end:
Example
Get the characters from position 2, and all the way to the end:
Negative Indexing
Example
Get the characters:
From: ""o"" in ""World!"" (position -5)
To, but not included: ""d"" in ""World!"" (position -2):","b = ""Hello, World!""

  print(b[2:5])
---
b = ""Hello, World!""

  print(b[:5])
---
b = ""Hello, World!""

  print(b[2:])
---
b = ""Hello, World!""

  print(b[-5:-2])",Python Básico
35,Modify Strings,https://www.w3schools.com/python/python_strings_modify.asp,"Python - Modify Strings
Python has a set of built-in methods that you can use on strings.
Upper Case
Example
The upper() method returns the string in upper case:
Lower Case
Example
The lower() method returns the string in lower case:
Remove Whitespace
Whitespace is the space before and/or after the actual text, and very often you want to remove this space.
Example
The strip() method removes any whitespace from the beginning or the end:
Replace String
Example
The replace() method replaces a string with another string:
Split String
The split() method returns a list where the text between the specified separator becomes the list items.
Example
The split() method splits the string into substrings if it finds instances of the separator:
Learn more about Lists in our Python Lists chapter.
String Methods
Learn more about String Methods with our String Methods Reference","a = ""Hello, World!""

print(a.upper())
---
a = ""Hello, World!""

print(a.lower())
---
a = "" Hello, World! ""

print(a.strip()) # returns ""Hello, World!""
---
a = ""Hello, World!""

print(a.replace(""H"", ""J""))
---
a = ""Hello, World!""

print(a.split("","")) #
  returns ['Hello', ' World!']",Python Básico
36,Concatenate Strings,https://www.w3schools.com/python/python_strings_concatenate.asp,"Python - String Concatenation
String Concatenation
To concatenate, or combine, two strings you can use the + operator.
Example
Merge variable a with variable b into variable c :
Example
To add a space between them, add a "" "" :","a = ""Hello""
b = ""World""
c = a + b

print(c)
---
a = ""Hello""
b = ""World""
c = a + "" "" + b

print(c)",Python Básico
37,Format Strings,https://www.w3schools.com/python/python_strings_format.asp,"Python - Format - Strings
String Format
As we learned in the Python Variables chapter, we cannot combine strings and numbers like this:
Example
But we can combine strings and numbers by using f-strings or the format() method!
F-Strings
F-String was introduced in Python 3.6,
and is now the preferred way of formatting strings.
To specify a string as an f-string, simply put an f in front of the string 
literal, and add curly brackets {} as 
placeholders for variables and other operations.
Example
Create an f-string:
Placeholders and Modifiers
A placeholder can contain variables,
operations, functions, and modifiers to format the value.
Example
Add a placeholder for the price variable:
A placeholder can include a modifier to format the value.
A modifier is included by adding a colon : followed by a legal formatting type, like .2f which means fixed point number with 2 decimals:
Example
Display the price with 2 decimals:
A placeholder can contain Python code, like math operations:
Example
Perform a math operation in the placeholder, and return the result:
Learn more about String Formatting in our String Formatting chapter.","age = 36
#This will produce an error:
txt = ""My name is John, I am "" + age
print(txt)
---
age = 36
txt = f""My name is John, I am {age}""
print(txt)
---
price = 59


txt = f""The price is {price} dollars""


print(txt)
---
price = 59


txt = f""The price is {price:.2f} dollars""


print(txt)
---
txt = f""The price is {20 * 59} dollars""


print(txt)",Python Básico
38,Escape Characters,https://www.w3schools.com/python/python_strings_escape.asp,"Python - Escape Characters
Escape Character
To insert characters that are illegal in a string, use an escape character.
An escape character is a backslash \ followed by the character you want to insert.
An example of an illegal character is a double quote inside a string that is surrounded by double quotes:
Example
You will get an error if you use double quotes inside a string that is 
surrounded by double quotes:
To fix this problem, use the escape character \"" :
Example
The escape character allows you to use double quotes when you normally would not be allowed:
Escape Characters
Other escape characters used in Python:
Code
Result
Try it
\'
Single Quote
\\
Backslash
\n
New Line
\r
Carriage Return
\t
Tab
\b
Backspace
\f
Form Feed
\ooo
Octal value
\xhh
Hex value","txt = ""We are the so-called ""Vikings"" from the north.""
---
txt = ""We are the so-called \""Vikings\"" from the north.""",Python Básico
39,String Methods,https://www.w3schools.com/python/python_strings_methods.asp,"Python - String Methods
String Methods
Python has a set of built-in methods that you can use on strings.
Note: All string methods return new values. They do not change the original string.
Method
Description
capitalize()
Converts the first 
    character to upper case
casefold()
Converts string into 
    lower case
center()
Returns a centered 
    string
count()
Returns the number of 
    times a specified value occurs in a string
encode()
Returns an encoded 
    version of the string
endswith()
Returns true if the 
    string ends with the specified value
expandtabs()
Sets the 
    tab size of the string
find()
Searches the string for a 
    specified value and returns the position of where it was found
format()
Formats specified 
    values in a string
format_map()
Formats specified 
    values in a string
index()
Searches the string 
    for a specified value and returns the position of where it was found
isalnum()
Returns True if all 
    characters in the string are alphanumeric
isalpha()
Returns True if all 
    characters in the string are in the alphabet
isascii()
Returns True if all 
    characters in the string are ascii characters
isdecimal()
Returns True if all 
    characters in the string are decimals
isdigit()
Returns True if all 
    characters in the string are digits
isidentifier()
Returns True if 
    the string is an identifier
islower()
Returns True if all 
    characters in the string are lower case
isnumeric()
Returns True if 
    all characters in the string are numeric
isprintable()
Returns True if 
    all characters in the string are printable
isspace()
Returns True if all 
    characters in the string are whitespaces
istitle()
Returns True if the string follows the rules of a 
    title
isupper()
Returns True if all 
    characters in the string are upper case
join()
Joins the elements of 
    an iterable to the end of the string
ljust()
Returns a left justified 
    version of the string
lower()
Converts a string into 
    lower case
lstrip()
Returns a left trim 
    version of the string
maketrans()
Returns a 
    translation table to be used in translations
partition()
Returns a tuple 
    where the string is parted into three parts
replace()
Returns a string 
    where a specified value is replaced with a specified value
rfind()
Searches the string for 
    a specified value and returns the last position of where it was found
rindex()
Searches the string for 
    a specified value and returns the last position of where it was found
rjust()
Returns a right justified 
    version of the string
rpartition()
Returns a tuple 
    where the string is parted into three parts
rsplit()
Splits the string at 
    the specified separator, and returns a list
rstrip()
Returns a right trim 
    version of the string
split()
Splits the string at 
    the specified separator, and returns a list
splitlines()
Splits the string 
    at line breaks and returns a list
startswith()
Returns true if 
    the string starts with the specified value
strip()
Returns a trimmed version of the string
swapcase()
Swaps cases, lower 
    case becomes upper case and vice versa
title()
Converts the first 
    character of each word to upper case
translate()
Returns a 
    translated string
upper()
Converts a string 
    into upper case
zfill()
Fills the string with 
  a specified number of 0 values at the beginning",,Python Básico
40,String Exercises,https://www.w3schools.com/python/python_strings_exercises.asp,"Python - String Exercises
Test Yourself With Exercises
Now you have learned a lot about Strings, and how to use them in Python.
Are you ready for a test?
Exercises
Test your Python String skills with exercises from all categories:
Strings
Slicing Strings
Modify Strings
Concatenate Strings
Format Strings
More Python Exercises:
Python Exercises",,Python Básico
41,Code Challenge,https://www.w3schools.com/python/python_challenges_strings_basics.asp,"Python Strings Code Challenge
Challenge: Strings Basics
Test your understanding of creating, slicing, modifying, and formatting strings.",,Python Básico
42,Python Booleans,https://www.w3schools.com/python/python_booleans.asp,"Python Booleans
Booleans represent one of two values: True or False .
Boolean Values
In programming you often need to know if an expression is True or False .
You can evaluate any expression in Python, and get one of two 
answers, True or False .
When you compare two values, the expression is evaluated and Python returns 
the Boolean answer:
Example
When you run a condition in an if statement, Python returns True or False :
Example
Print a message based on whether the condition is True or False :
Evaluate Values and Variables
The bool() function allows you to evaluate 
any value, and give you True or False in return,
Example
Evaluate a string and a number:
Example
Evaluate two variables:
Most Values are True
Almost any value is evaluated to True if it 
has some sort of content.
Any string is True , except empty strings.
Any number is True , except 0 .
Any list, tuple, set, and dictionary are True , except 
empty ones.
Example
The following will return True:
Some Values are False
In fact, there are not many values that evaluate to False , except empty values, such as () , [] , {} , """" , the number 0 , and the value None . 
And of course the value False evaluates to False .
Example
The following will return False:
One more value, or object in this case, evaluates to False , and that is if you have an object that 
is made from a class with a __len__ function that returns 0 or False :
Example
Functions can Return a Boolean
You can create functions that returns a Boolean Value:
Example
Print the answer of a function:
You can execute code based on the Boolean answer of a function:
Example
Print ""YES!"" if the function returns True, otherwise print ""NO!"":
Python also has many built-in functions that return a boolean value, like the isinstance() function, which can be used to determine if an object is of a certain data type:
Example
Check if an object is an integer or not:","print(10 > 9)
print(10 == 9)
print(10 < 9)
---
a = 200
b = 33
if b > a:
  print(""b is greater than a"")

  else:
  print(""b is not greater than a"")
---
print(bool(""Hello""))
print(bool(15))
---
x = ""Hello""
y = 15
print(bool(x))
print(bool(y))
---
bool(""abc"")
bool(123)
bool([""apple"", ""cherry"", ""banana""])
---
bool(False)
bool(None)
bool(0)
bool("""")
bool(())
bool([])

  bool({})
---
class myclass():
  def __len__(self):
    return 0


myobj = myclass()
print(bool(myobj))
---
def myFunction() :
  return True
print(myFunction())
---
def myFunction() :
  return True
if myFunction():

  print(""YES!"")
else:
  print(""NO!"")
---
x = 200
print(isinstance(x, int))",Python Básico
43,Booleans,https://www.w3schools.com/python/python_booleans.asp,"Python Booleans
Booleans represent one of two values: True or False .
Boolean Values
In programming you often need to know if an expression is True or False .
You can evaluate any expression in Python, and get one of two 
answers, True or False .
When you compare two values, the expression is evaluated and Python returns 
the Boolean answer:
Example
When you run a condition in an if statement, Python returns True or False :
Example
Print a message based on whether the condition is True or False :
Evaluate Values and Variables
The bool() function allows you to evaluate 
any value, and give you True or False in return,
Example
Evaluate a string and a number:
Example
Evaluate two variables:
Most Values are True
Almost any value is evaluated to True if it 
has some sort of content.
Any string is True , except empty strings.
Any number is True , except 0 .
Any list, tuple, set, and dictionary are True , except 
empty ones.
Example
The following will return True:
Some Values are False
In fact, there are not many values that evaluate to False , except empty values, such as () , [] , {} , """" , the number 0 , and the value None . 
And of course the value False evaluates to False .
Example
The following will return False:
One more value, or object in this case, evaluates to False , and that is if you have an object that 
is made from a class with a __len__ function that returns 0 or False :
Example
Functions can Return a Boolean
You can create functions that returns a Boolean Value:
Example
Print the answer of a function:
You can execute code based on the Boolean answer of a function:
Example
Print ""YES!"" if the function returns True, otherwise print ""NO!"":
Python also has many built-in functions that return a boolean value, like the isinstance() function, which can be used to determine if an object is of a certain data type:
Example
Check if an object is an integer or not:","print(10 > 9)
print(10 == 9)
print(10 < 9)
---
a = 200
b = 33
if b > a:
  print(""b is greater than a"")

  else:
  print(""b is not greater than a"")
---
print(bool(""Hello""))
print(bool(15))
---
x = ""Hello""
y = 15
print(bool(x))
print(bool(y))
---
bool(""abc"")
bool(123)
bool([""apple"", ""cherry"", ""banana""])
---
bool(False)
bool(None)
bool(0)
bool("""")
bool(())
bool([])

  bool({})
---
class myclass():
  def __len__(self):
    return 0


myobj = myclass()
print(bool(myobj))
---
def myFunction() :
  return True
print(myFunction())
---
def myFunction() :
  return True
if myFunction():

  print(""YES!"")
else:
  print(""NO!"")
---
x = 200
print(isinstance(x, int))",Python Básico
44,Code Challenge,https://www.w3schools.com/python/python_challenges_booleans.asp,"Python Booleans Code Challenge
Challenge: Booleans
Test your understanding of Python booleans by completing a small coding challenge.",,Python Básico
45,Python Operators,https://www.w3schools.com/python/python_operators.asp,"Python Operators
Python Operators
Operators are used to perform operations on variables and values.
In the example below, we use the + operator to add together two values:
Example
Although the + operator is often used to add together two values, like in the example above, it can also be used to add together a variable and a value, or two variables:
Example
Python divides the operators in the following groups:
Arithmetic operators
Assignment operators
Comparison operators
Logical operators
Identity operators
Membership operators
Bitwise operators","print(10 + 5)
---
sum1 = 100 + 50      # 150 (100 + 50)

sum2 = sum1 + 250    # 400 (150 + 250)

sum3 = sum2 + sum2   # 800 (400 + 400)",Python Básico
46,Python Operators,https://www.w3schools.com/python/python_operators.asp,"Python Operators
Python Operators
Operators are used to perform operations on variables and values.
In the example below, we use the + operator to add together two values:
Example
Although the + operator is often used to add together two values, like in the example above, it can also be used to add together a variable and a value, or two variables:
Example
Python divides the operators in the following groups:
Arithmetic operators
Assignment operators
Comparison operators
Logical operators
Identity operators
Membership operators
Bitwise operators","print(10 + 5)
---
sum1 = 100 + 50      # 150 (100 + 50)

sum2 = sum1 + 250    # 400 (150 + 250)

sum3 = sum2 + sum2   # 800 (400 + 400)",Python Básico
47,Arithmetic Operators,https://www.w3schools.com/python/python_operators_arithmetic.asp,"Python Arithmetic Operators
Arithmetic Operators
Arithmetic operators are used with numeric values to perform common mathematical operations:
Operator
Name
Example
Try it
+
Addition
x + y
-
Subtraction
x - y
*
Multiplication
x * y
/
Division
x / y
%
Modulus
x % y
**
Exponentiation
x ** y
//
Floor division
x // y
Examples
Here is an example using different arithmetic operators:
Example
Division in Python
Python has two division operators:
/ - Division (returns a float)
// - Floor division (returns an integer)
Example
Division always returns a float:
Example
Floor division always returns an integer.
It rounds DOWN to the nearest integer:","x = 15

y = 4



print(x + y)

print(x - y)

print(x * y)

print(x / y)

print(x % y)

print(x ** y)

print(x // y)
---
x = 12

y = 5



print(x / y)
---
x = 12

y = 5



print(x // y)",Python Básico
48,Assignment Operators,https://www.w3schools.com/python/python_operators_assign.asp,"Python Assignment Operators
Assignment Operators
Assignment operators are used to assign values to variables:
Operator
Example
Same As
Try it
=
x = 5
x = 5
+=
x += 3
x = x + 3
-=
x -= 3
x = x - 3
*=
x *= 3
x = x * 3
/=
x /= 3
x = x / 3
%=
x %= 3
x = x % 3
//=
x //= 3
x = x // 3
**=
x **= 3
x = x ** 3
&=
x &= 3
x = x & 3
|=
x |= 3
x = x | 3
^=
x ^= 3
x = x ^ 3
>>=
x >>= 3
x = x >> 3
<<=
x <<= 3
x = x << 3
:=
print(x := 3)
x = 3 print(x)
The Walrus Operator
Python 3.8 introduced the := operator, known as the ""walrus operator"". It assigns values to variables as part of a larger expression:
Example
The count variable is assigned in the if statement, and given the value 5:","numbers = [1, 2, 3, 4, 5]



if (count := len(numbers)) > 3:

    print(f""List has {count} elements"")",Python Básico
49,Comparison Operators,https://www.w3schools.com/python/python_operators_comparison.asp,"Python Comparison Operators
Comparison Operators
Comparison operators are used to compare two values:
Operator
Name
Example
Try it
==
Equal
x == y
!=
Not equal
x != y
>
Greater than
x > y
<
Less than
x < y
>=
Greater than or equal to
x >= y
<=
Less than or equal to
x <= y
Examples
Comparison operators return True or False based on the comparison:
Example
Chaining Comparison Operators
Python allows you to chain comparison operators:
Example","x = 5

y = 3



print(x == y)

print(x != y)

print(x > y)

print(x < y)

print(x >= y)

print(x <= y)
---
x = 5



print(1 < x < 10)



print(1 < x and x < 10)",Python Básico
50,Logical Operators,https://www.w3schools.com/python/python_operators_logical.asp,"Python Logical Operators
Logical Operators
Logical operators are used to combine conditional statements:
Operator
Description
Example
Try it
and
Returns True if both statements are true
x < 5 and  x < 10
or
Returns True if one of the statements is true
x < 5 or x < 4
not
Reverse the result, returns False if the result is true
not(x < 5 and x < 10)
Examples
Example
Test if a number is greater than 0 and less than 10:
Example
Test if a number is less than 5 or greater than 10:
Example
Reverse the result with not :","x = 5



print(x > 0 and x < 10)
---
x = 5



print(x < 5 or x > 10)
---
x = 5



print(not(x > 3 and x < 10))",Python Básico
51,Identity Operators,https://www.w3schools.com/python/python_operators_identity.asp,"Python Identity Operators
Identity Operators
Identity operators are used to compare the objects, not if they are equal, but if they are actually the same object, with the same memory location:
Operator
Description
Example
Try it
is
Returns True if both variables are the same object
x is y
is not
Returns True if both variables are not the same object
x is not y
Examples
Example
The is operator returns True if both variables point to the same object:
Example
The is not operator returns True if both variables do not point to the same object:
Difference Between is and ==
is - Checks if both variables point to the same object in memory
== - Checks if the values of both variables are equal
Example","x = [""apple"", ""banana""]

y = [""apple"", ""banana""]

z = x



print(x is z)

print(x is y)

print(x == y)
---
x = [""apple"", ""banana""]

y = [""apple"", ""banana""]



print(x is not y)
---
x = [1, 2, 3]

y = [1, 2, 3]



print(x == y)

print(x is y)",Python Básico
52,Membership Operators,https://www.w3schools.com/python/python_operators_membership.asp,"Python Membership Operators
Membership Operators
Membership operators are used to test if a sequence is presented in an object:
Operator
Description
Example
Try it
in
Returns True if a sequence with the specified value is present in the object
x in y
not in
Returns True if a sequence with the specified value is not present in the object
x not in y
Examples
Example
Check if ""banana"" is present in a list:
Example
Check if ""pineapple"" is NOT present in a list:
Membership in Strings
The membership operators also work with strings:
Example","fruits = [""apple"", ""banana"", ""cherry""]



print(""banana"" in fruits)
---
fruits = [""apple"", ""banana"", ""cherry""]



print(""pineapple"" not in fruits)
---
text = ""Hello World""



print(""H"" in text)

print(""hello"" in text)

print(""z"" not in text)",Python Básico
53,Bitwise Operators,https://www.w3schools.com/python/python_operators_bitwise.asp,"Python Bitwise Operators
Bitwise Operators
Bitwise operators are used to compare (binary) numbers:
Operator
Name
Description
Example
Try it
&
AND
Sets each bit to 1 if both bits are 1
x & y
|
OR
Sets each bit to 1 if one of two bits is 1
x | y
^
XOR
Sets each bit to 1 if only one of two bits is 1
x ^ y
~
NOT
Inverts all the bits
~x
<<
Zero fill left shift
Shift left by pushing zeros in from the right and let the leftmost bits fall off
x << 2
>>
Signed right shift
Shift right by pushing copies of the leftmost bit in from the left, and let the rightmost bits fall off
x >> 2
Examples
Example
The & operator compares each bit and set it to 1 if both are 1, otherwise it is set to 0:
The binary representation of 6 is 0110 The binary representation of 3 is 0011
Then the & operator compares the bits and returns 0010, which is 2 in decimal.
Example
The | operator compares each bit and set it to 1 if one or both is 1, otherwise it is set to 0:
The binary representation of 6 is 0110 The binary representation of 3 is 0011
Then the | operator compares the bits and returns 0111, which is 7 in decimal.
Example
The ^ operator compares each bit and set it to 1 if only one is 1, otherwise (if both are 1 or both are 0) it is set to 0:
The binary representation of 6 is 0110 The binary representation of 3 is 0011
Then the ^ operator compares the bits and returns 0101, which is 5 in decimal.","print(6 & 3)
---
print(6 | 3)
---
print(6 ^ 3)",Python Básico
54,Operator Precedence,https://www.w3schools.com/python/python_operators_precedence.asp,"Python Operator Precedence
Operator Precedence
Operator precedence describes the order in which operations are performed.
Example
Parentheses has the highest precedence, meaning that expressions inside 
parentheses must be evaluated first:
Example
Multiplication * has higher precedence than
addition + , and therefore multiplications are 
evaluated before additions:
Precedence Order
The precedence order is described in the table below, starting with the highest precedence at the top:
Operator
Description
Try it
()
Parentheses
**
Exponentiation
+x -x ~x
Unary plus, unary minus, and bitwise NOT
* / // %
Multiplication, division, floor division, and modulus
+ -
Addition and subtraction
<< >>
Bitwise left and right shifts
&
Bitwise AND
^
Bitwise XOR
|
Bitwise OR
== != > >= < <= is is not in not in
Comparisons, identity, and membership operators
not
Logical NOT
and
AND
or
OR
Left-to-Right Evaluation
If two operators have the same precedence, the expression is evaluated from left to right.
Example
Addition + and
subtraction - has the same precedence, and therefore
we evaluate the expression from left to right:","print((6 + 3) - (6 + 3))
---
print(100 + 5 * 3)
---
print(5 + 4 - 7 + 3)",Python Básico
55,Code Challenge,https://www.w3schools.com/python/python_challenges_operators_basics.asp,"Python Operators Code Challenge
Challenge: Operators Basics
Test your understanding of arithmetic, assignment, and comparison operators.",,Python Básico
56,Python Lists,https://www.w3schools.com/python/python_lists.asp,"Python Lists
List
Lists are used to store multiple items in a single variable.
Lists are one of 4 built-in data types in Python used to store collections of 
data, the other 3 are Tuple , Set , and Dictionary , all with different qualities and usage.
Lists are created using square brackets:
Example
Create a List:
List Items
List items are ordered, changeable, and allow duplicate values.
List items are indexed, the first item has index [0] ,
the second item has index [1] etc.
Ordered
When we say that lists are ordered, it means that the items have a defined order, and that order will not change.
If you add new items to a list,
the new items will be placed at the end of the list.
Note: There are some list methods that will change the order, but in general: the order of the items will not change.
Changeable
The list is changeable, meaning that we can change, add, and remove items in a list after it has been created.
Allow Duplicates
Since lists are indexed, lists can have items with the same value:
Example
Lists allow duplicate values:
List Length
To determine how many items a list has, use the len() function:
Example
Print the number of items in the list:
List Items - Data Types
List items can be of any data type:
Example
String, int and boolean data types:
A list can contain different data types:
Example
A list with strings, integers and boolean values:
type()
From Python's perspective, lists are defined as objects with the data type 'list':
Example
What is the data type of a list?
The list() Constructor
It is also possible to use the list() constructor when creating a 
new list.
Example
Using the list() constructor to make a List:
Python Collections (Arrays)
There are four collection data types in the Python programming language:
List is a collection which is ordered and changeable. Allows duplicate members.
Tuple is a collection which is ordered and unchangeable. Allows duplicate members.
Set is a collection which is unordered, 
unchangeable*, and unindexed. No duplicate members.
Dictionary is a collection which is ordered** 
and changeable. No duplicate members.
*Set items are unchangeable, but you can remove and/or add items 
  whenever you like.
**As of Python version 3.7, dictionaries are ordered . 
  In Python 3.6 and earlier, dictionaries are unordered .
When choosing a collection type, it is useful to understand the properties of that type. Choosing the right type for a particular data set could mean retention of meaning, and, it could mean an increase in efficiency or security.","thislist = [""apple"", ""banana"", ""cherry""]

print(thislist)
---
thislist = [""apple"", ""banana"", ""cherry"", ""apple"", ""cherry""]

print(thislist)
---
thislist = [""apple"", ""banana"", ""cherry""]

print(len(thislist))
---
list1 = [""apple"", ""banana"", ""cherry""]

list2 = [1, 5, 7, 9, 3]

list3 = [True, False, False]
---
list1 = [""abc"", 34, True, 40, ""male""]
---
mylist = [""apple"", ""banana"", ""cherry""]

print(type(mylist))
---
thislist = list((""apple"", ""banana"", ""cherry"")) # note the double round-brackets

print(thislist)",Python Básico
57,Python Lists,https://www.w3schools.com/python/python_lists.asp,"Python Lists
List
Lists are used to store multiple items in a single variable.
Lists are one of 4 built-in data types in Python used to store collections of 
data, the other 3 are Tuple , Set , and Dictionary , all with different qualities and usage.
Lists are created using square brackets:
Example
Create a List:
List Items
List items are ordered, changeable, and allow duplicate values.
List items are indexed, the first item has index [0] ,
the second item has index [1] etc.
Ordered
When we say that lists are ordered, it means that the items have a defined order, and that order will not change.
If you add new items to a list,
the new items will be placed at the end of the list.
Note: There are some list methods that will change the order, but in general: the order of the items will not change.
Changeable
The list is changeable, meaning that we can change, add, and remove items in a list after it has been created.
Allow Duplicates
Since lists are indexed, lists can have items with the same value:
Example
Lists allow duplicate values:
List Length
To determine how many items a list has, use the len() function:
Example
Print the number of items in the list:
List Items - Data Types
List items can be of any data type:
Example
String, int and boolean data types:
A list can contain different data types:
Example
A list with strings, integers and boolean values:
type()
From Python's perspective, lists are defined as objects with the data type 'list':
Example
What is the data type of a list?
The list() Constructor
It is also possible to use the list() constructor when creating a 
new list.
Example
Using the list() constructor to make a List:
Python Collections (Arrays)
There are four collection data types in the Python programming language:
List is a collection which is ordered and changeable. Allows duplicate members.
Tuple is a collection which is ordered and unchangeable. Allows duplicate members.
Set is a collection which is unordered, 
unchangeable*, and unindexed. No duplicate members.
Dictionary is a collection which is ordered** 
and changeable. No duplicate members.
*Set items are unchangeable, but you can remove and/or add items 
  whenever you like.
**As of Python version 3.7, dictionaries are ordered . 
  In Python 3.6 and earlier, dictionaries are unordered .
When choosing a collection type, it is useful to understand the properties of that type. Choosing the right type for a particular data set could mean retention of meaning, and, it could mean an increase in efficiency or security.","thislist = [""apple"", ""banana"", ""cherry""]

print(thislist)
---
thislist = [""apple"", ""banana"", ""cherry"", ""apple"", ""cherry""]

print(thislist)
---
thislist = [""apple"", ""banana"", ""cherry""]

print(len(thislist))
---
list1 = [""apple"", ""banana"", ""cherry""]

list2 = [1, 5, 7, 9, 3]

list3 = [True, False, False]
---
list1 = [""abc"", 34, True, 40, ""male""]
---
mylist = [""apple"", ""banana"", ""cherry""]

print(type(mylist))
---
thislist = list((""apple"", ""banana"", ""cherry"")) # note the double round-brackets

print(thislist)",Python Básico
58,Access List Items,https://www.w3schools.com/python/python_lists_access.asp,"Python - Access List Items
Access Items
List items are indexed and you can access them by referring to the index number:
Example
Print the second item of the list:
Note: The first item has index 0.
Negative Indexing
Negative indexing means start from the end
-1 refers to the last item, -2 refers to the second last item etc.
Example
Print the last item of the list:
Range of Indexes
You can specify a range of indexes by specifying where to start and where to 
end the range.
When specifying a range, the return value will be a new list with the 
specified items.
Example
Return the third, fourth, and fifth item:
Note: The search will start at index 2 (included) and end at index 5 (not included).
Remember that the first item has index 0.
By leaving out the start value, the range will start at the first item:
Example
This example returns the items from the beginning to, but NOT including, ""kiwi"":
By leaving out the end value, the range will go on to the end of the list:
Example
This example returns the items from ""cherry"" to the end:
Range of Negative Indexes
Specify negative indexes if you want to start the search from the end of the 
list:
Example
This example returns the items from ""orange"" (-4) to, but NOT including 
""mango"" (-1):
Check if Item Exists
To determine if a specified item is present in a list use the in keyword:
Example
Check if ""apple"" is present in the list:","thislist = [""apple"", ""banana"", ""cherry""]

print(thislist[1])
---
thislist = [""apple"", ""banana"", ""cherry""]

print(thislist[-1])
---
thislist = [""apple"", ""banana"", ""cherry"", ""orange"",
  ""kiwi"", ""melon"", ""mango""]

print(thislist[2:5])
---
thislist = [""apple"", ""banana"", ""cherry"", ""orange"",
  ""kiwi"", ""melon"", ""mango""]

print(thislist[:4])
---
thislist = [""apple"", ""banana"", ""cherry"", ""orange"",
  ""kiwi"", ""melon"", ""mango""]

print(thislist[2:])
---
thislist = [""apple"", ""banana"", ""cherry"", ""orange"",
  ""kiwi"", ""melon"", ""mango""]

print(thislist[-4:-1])
---
thislist = [""apple"", ""banana"", ""cherry""]

  if ""apple"" in thislist:
  print(""Yes, 'apple' is in the fruits list"")",Python Básico
59,Change List Items,https://www.w3schools.com/python/python_lists_change.asp,"Python - Change List Items
Change Item Value
To change the value of a specific item, 
refer to the index number:
Example
Change the second item:
Change a Range of Item Values
To change the value of items within a specific range, define a list with the new values, and refer to the range of index numbers where you want to insert the new values:
Example
Change the values ""banana"" and ""cherry"" with the values ""blackcurrant"" and ""watermelon"":
If you insert more items than you replace, the new items will be inserted 
where you specified, and the remaining items will move accordingly:
Example
Change the second value by replacing it with two new 
values:
Note: The length of the list will change when the number of items inserted does not match the number of items replaced.
If you insert less items than you replace, the new items will be inserted 
where you specified, and the remaining items will move accordingly:
Example
Change the second and third value by replacing it with one value:
Insert Items
To insert a new list item, without replacing any of the existing values, we can use the insert() method.
The insert() method inserts an item at the specified index:
Example
Insert ""watermelon"" as the third item:
Note: As a result of the example above, the list will now contain 4 items.","thislist = [""apple"", ""banana"", ""cherry""]

thislist[1] = ""blackcurrant""

print(thislist)
---
thislist = [""apple"", ""banana"", ""cherry"", ""orange"", ""kiwi"", ""mango""]

thislist[1:3] = [""blackcurrant"", ""watermelon""]

print(thislist)
---
thislist = [""apple"", ""banana"", ""cherry""]
thislist[1:2] = [""blackcurrant"",
  ""watermelon""]
print(thislist)
---
thislist = [""apple"", ""banana"", ""cherry""]
thislist[1:3] = [""watermelon""]
print(thislist)
---
thislist = [""apple"", ""banana"", ""cherry""]

thislist.insert(2, ""watermelon"")

print(thislist)",Python Básico
60,Add List Items,https://www.w3schools.com/python/python_lists_add.asp,"Python - Add List Items
Append Items
To add an item to the end of the list, use the append() method:
Example
Using the append() method to append an item:
Insert Items
To insert a list item at a specified index, use the insert() method.
The insert() method inserts an item at the specified index:
Example
Insert an item as the second position:
Note: As a result of the examples above, the lists will now contain 4 items.
Extend List
To append elements from another list to the current list, use the extend() method.
Example
Add the elements of tropical to thislist :
The elements will be added to the end of the list.
Add Any Iterable
The extend() method does not have to append lists , you can add any iterable object (tuples, sets, dictionaries 
etc.).
Example
Add elements of a tuple to a list:","thislist = [""apple"", ""banana"", ""cherry""]

thislist.append(""orange"")

print(thislist)
---
thislist = [""apple"", ""banana"", ""cherry""]

thislist.insert(1, ""orange"")

print(thislist)
---
thislist = [""apple"", ""banana"", ""cherry""]

tropical = [""mango"", ""pineapple"", ""papaya""]

thislist.extend(tropical)

print(thislist)
---
thislist = [""apple"", ""banana"", ""cherry""]

  thistuple = (""kiwi"", ""orange"")

thislist.extend(thistuple)

print(thislist)",Python Básico
61,Remove List Items,https://www.w3schools.com/python/python_lists_remove.asp,"Python - Remove List Items
Remove Specified Item
The remove() method removes the specified item.
Example
Remove ""banana"":
If there are more than one item with the specified value, the remove() method removes the first 
occurrence:
Example
Remove the first occurrence of ""banana"":
Remove Specified Index
The pop() method removes the specified 
index.
Example
Remove the second item:
If you do not specify the index, the pop() method removes the last item.
Example
Remove the last item:
The del keyword also removes the specified 
index:
Example
Remove the first item:
The del keyword can also delete the list completely.
Example
Delete the entire list:
Clear the List
The clear() method empties the list.
The list still remains, but it has no content.
Example
Clear the list content:","thislist = [""apple"", ""banana"", ""cherry""]

thislist.remove(""banana"")

print(thislist)
---
thislist = [""apple"", ""banana"", ""cherry"", ""banana"", ""kiwi""]

thislist.remove(""banana"")

print(thislist)
---
thislist = [""apple"", ""banana"", ""cherry""]

thislist.pop(1)

print(thislist)
---
thislist = [""apple"", ""banana"", ""cherry""]

thislist.pop()

print(thislist)
---
thislist = [""apple"", ""banana"", ""cherry""]

  del
thislist[0]
print(thislist)
---
thislist = [""apple"", ""banana"", ""cherry""]

  del
thislist
---
thislist = [""apple"", ""banana"", ""cherry""]

  thislist.clear()
print(thislist)",Python Básico
62,Loop Lists,https://www.w3schools.com/python/python_lists_loop.asp,"Python - Loop Lists
Loop Through a List
You can loop through the list items by using a for loop:
Example
Print all items in the list, one by one:
Learn more about for loops in our Python For Loops Chapter.
Loop Through the Index Numbers
You can also loop through the list items by referring to their index number.
Use the range() and len() functions to create a suitable iterable.
Example
Print all items by referring to their index number:
The iterable created in the example above is [0, 1, 2] .
Using a While Loop
You can loop through the list items by using a while loop.
Use the len() function to determine the length of the list,
then start at 0 and loop your way through the list items by referring to their indexes.
Remember to increase the index by 1 after each iteration.
Example
Print all items, using a while loop to go 
  through all the index numbers
Learn more about while loops in our Python While Loops Chapter.
Looping Using List Comprehension
List Comprehension offers the shortest syntax for looping through lists:
Example
A short hand for loop that will print all items in a list:
Learn more about list comprehension in the next chapter: List Comprehension .","thislist = [""apple"", ""banana"", ""cherry""]

  for x in thislist:
  print(x)
---
thislist = [""apple"", ""banana"", ""cherry""]
for i
  in range(len(thislist)):


print(thislist[i])
---
thislist = [""apple"", ""banana"", ""cherry""]
i = 0

  while i < len(thislist):


print(thislist[i])
  i = i + 1
---
thislist = [""apple"", ""banana"", ""cherry""]
[print(x) for x in thislist]",Python Básico
63,List Comprehension,https://www.w3schools.com/python/python_lists_comprehension.asp,"Python - List Comprehension
List Comprehension
List comprehension offers a shorter syntax when you want to create a new list based on the values of an 
existing list.
Example:
Based on a list of fruits, you want a new list, containing only the fruits 
with the letter ""a"" in the name.
Without list comprehension you will have to write a for statement 
with a conditional test inside:
Example
With list comprehension you can do all that with only one line of code:
Example
The Syntax
The return value is a new list, leaving the old list unchanged.
Condition
The condition is like a filter that only accepts the items that evaluate to True .
Example
Only accept items that are not ""apple"":
The condition if x != ""apple"" will return True for all elements other 
than ""apple"", making the new list contain all fruits except ""apple"".
The condition is optional and can be omitted:
Example
With no if statement:
Iterable
The iterable can be any iterable object, like a list, tuple, set etc.
Example
You can use the range() function to create an iterable:
Same example, but with a condition:
Example
Accept only numbers lower than 5:
Expression
The expression is the current item in the iteration, but it is also the 
outcome, which you can manipulate before it ends up like a list item in the new 
list:
Example
Set the values in the new list to upper case:
You can set the outcome to whatever you like:
Example
Set all values in the new list to 'hello':
The expression can also contain conditions, not like a filter, but as a 
way to manipulate the outcome:
Example
Return ""orange"" instead of ""banana"":
The expression in the example above says:
""Return the item if it is not banana, if it is banana return orange"".","fruits = [""apple"", ""banana"", ""cherry"", ""kiwi"", ""mango""]
newlist = []


for x in fruits:
  if ""a"" in x:

  newlist.append(x)
print(newlist)
---
fruits = [""apple"", ""banana"", ""cherry"", ""kiwi"", ""mango""]
newlist = [x
  for x in fruits if ""a"" in x]
print(newlist)
---
newlist = [x for x in fruits if x != ""apple""]
---
newlist = [x for x in fruits]
---
newlist = [x for x in range(10)]
---
newlist = [x for x in range(10) if x < 5]
---
newlist = [x.upper()
  for x in fruits]
---
newlist = ['hello' for x in fruits]
---
newlist = [x if x != ""banana"" else ""orange""
  for x in fruits]",Python Básico
64,Sort Lists,https://www.w3schools.com/python/python_lists_sort.asp,"Python - Sort Lists
Sort List Alphanumerically
List objects have a sort() method that will sort the list alphanumerically, ascending, by default:
Example
Sort the list alphabetically:
Example
Sort the list numerically:
Sort Descending
To sort descending, use the keyword argument reverse = True :
Example
Sort the list descending:
Example
Sort the list descending:
Customize Sort Function
You can also customize your own function by using the keyword argument key = function .
The function will return a number that will be used to sort the list (the 
lowest number first):
Example
Sort the list based on how close the number is to 50:
Case Insensitive Sort
By default the sort() method is case sensitive,
resulting in all capital letters being sorted before lower case letters:
Example
Case sensitive sorting can give an unexpected result:
Luckily we can use built-in functions as key functions when sorting a list.
So if you want a case-insensitive sort function, use str.lower as a key function:
Example
Perform a case-insensitive sort of the list:
Reverse Order
What if you want to reverse the order of a list, regardless of the alphabet?
The reverse() method reverses the current sorting order of the elements.
Example
Reverse the order of the list items:","thislist = [""orange"", ""mango"", ""kiwi"",
  ""pineapple"", ""banana""]
thislist.sort()

print(thislist)
---
thislist = [100, 50, 65, 82, 23]
thislist.sort()

print(thislist)
---
thislist = [""orange"", ""mango"", ""kiwi"",
  ""pineapple"", ""banana""]
thislist.sort(reverse = True)

print(thislist)
---
thislist = [100, 50, 65, 82, 23]
thislist.sort(reverse = True)

print(thislist)
---
def myfunc(n):
  return abs(n - 50)
thislist = [100, 50, 65, 82, 23]
thislist.sort(key =
  myfunc)
print(thislist)
---
thislist = [""banana"", ""Orange"", ""Kiwi"", ""cherry""]
thislist.sort()
print(thislist)
---
thislist = [""banana"", ""Orange"", ""Kiwi"", ""cherry""]
thislist.sort(key
  = str.lower)
print(thislist)
---
thislist = [""banana"", ""Orange"", ""Kiwi"", ""cherry""]
thislist.reverse()
print(thislist)",Python Básico
65,Copy Lists,https://www.w3schools.com/python/python_lists_copy.asp,"Python - Copy Lists
Copy a List
You cannot copy a list simply by typing list2 = 
list1 , because: list2 will only be a reference to list1 , and changes made in list1 will automatically also be made in list2 .
Use the copy() method
You can use the built-in List method copy() to copy a list.
Example
Make a copy of a list with the copy() method:
Use the list() method
Another way to make a copy is to use the built-in method list() .
Example
Make a copy of a list with the list() method:
Use the slice Operator
You can also make a copy of a list by using the : (slice) operator.
Example
Make a copy of a list with the : operator:","thislist = [""apple"", ""banana"", ""cherry""]
mylist
  = thislist.copy()

  print(mylist)
---
thislist = [""apple"", ""banana"", ""cherry""]
mylist
  = list(thislist)

  print(mylist)
---
thislist = [""apple"", ""banana"", ""cherry""]

mylist = thislist[:]
print(mylist)",Python Básico
66,Join Lists,https://www.w3schools.com/python/python_lists_join.asp,"Python - Join Lists
Join Two Lists
There are several ways to join, or concatenate, two or more lists in Python.
One of the easiest ways are by using the + operator.
Example
Join two list:
Another way to join two lists is by appending all the items from list2 into 
list1, one by one:
Example
Append list2 into list1:
Or you can use the extend() method, 
where the purpose is to add elements from one list to another 
list:
Example
Use the extend() method to add list2 at the end of list1:","list1 = [""a"", ""b"", ""c""]
list2 = [1, 2, 3]
list3 = list1 + list2

  print(list3)
---
list1 = [""a"", ""b"" , ""c""]
list2 = [1, 2, 3]


for x in list2:
  list1.append(x)
print(list1)
---
list1 = [""a"", ""b"" , ""c""]
list2 = [1, 2, 3]
list1.extend(list2)

  print(list1)",Python Básico
67,List Methods,https://www.w3schools.com/python/python_lists_methods.asp,"Python - List Methods
List Methods
Python has a set of built-in methods that you can use on lists.
Method
Description
append()
Adds an element at 
  the end of the list
clear()
Removes all the 
  elements from the list
copy()
Returns a copy of the 
  list
count()
Returns the number of 
  elements with the specified value
extend()
Add the elements of a 
  list (or any iterable), to the end of the current list
index()
Returns the index of 
  the first element with the specified value
insert()
Adds an element at 
  the specified position
pop()
Removes the element at the 
  specified position
remove()
Removes the  
  item with the specified value
reverse()
Reverses the order 
  of the list
sort()
Sorts the list",,Python Básico
68,List Exercises,https://www.w3schools.com/python/python_lists_exercises.asp,"Python List Exercises
Test Yourself With Exercises
Now you have learned a lot about lists, and how to use them in Python.
Are you ready for a test?
Test your Python List skills with exercises from all categories:
Exercises
Tip: Sign in to track your progress.
Lists 3 exercises
Access Lists 4 exercises
Change Lists 3 exercises
Add Lists 3 exercises
Remove Lists 3 exercises
Loop Lists 3 exercises
List Comprehension 3 exercises
Sort Lists 3 exercises
Copy Lists 3 exercises
Join Lists 3 exercises
Log in to track your progress
If you haven't already, sign up to become a W3Schooler, and get points for every exercise you complete.
As a logged-in W3Schools user you will have access to many features like having your own web page , track your learning progress , receive personal guided paths , and more .
The Exercise
The exercises are a mix of ""multiple choice"" and ""fill in the blanks"" questions.
There are between 3 and 9 questions in each category.
The answer can be found in the corresponding tutorial chapter.
If you're stuck, or answer wrong, you can try again or hit the ""Show Answer"" button to see the correct answer.
More Exercises:
Find a complete collection of Python Exercises for each chapter in this tutorial in our Python Exercises page.",,Python Básico
69,Code Challenge,https://www.w3schools.com/python/python_challenges_lists_basics.asp,"Python Lists Code Challenge
Challenge: Lists Basics
Test your understanding of creating, accessing, changing, adding, and removing list items.",,Python Básico
70,Python Tuples,https://www.w3schools.com/python/python_tuples.asp,"Python Tuples
Tuple
Tuples are used to store multiple items in a single variable.
Tuple is one of 4 built-in data types in Python used to store collections of 
data, the other 3 are List , Set , and Dictionary , all with different qualities and usage.
A tuple is a collection which is ordered and unchangeable .
Tuples are written with round brackets.
Example
Create a Tuple:
Tuple Items
Tuple items are ordered, unchangeable, and allow duplicate values.
Tuple items are indexed, the first item has index [0] , the second item has index [1] etc.
Ordered
When we say that tuples are ordered, it means that the items have a defined order, and that order will not change.
Unchangeable
Tuples are unchangeable, meaning that we cannot change, add or remove items after the tuple has been created.
Allow Duplicates
Since tuples are indexed, they can have items with the same value:
Example
Tuples allow duplicate values:
Tuple Length
To determine how many items a tuple has, use the len() function:
Example
Print the number of items in the tuple:
Create Tuple With One Item
To create a tuple with only one item, you have to add a comma after the item, 
otherwise Python will not recognize it as a tuple.
Example
One item tuple, remember the comma:
Tuple Items - Data Types
Tuple items can be of any data type:
Example
String, int and boolean data types:
A tuple can contain different data types:
Example
A tuple with strings, integers and boolean values:
type()
From Python's perspective, tuples are defined as objects with the data type 'tuple':
Example
What is the data type of a tuple?
The tuple() Constructor
It is also possible to use the tuple() constructor to make a tuple.
Example
Using the tuple() method to make a tuple:
Python Collections (Arrays)
There are four collection data types in the Python programming language:
List is a collection which is ordered and changeable. Allows duplicate members.
Tuple is a collection which is ordered and unchangeable. Allows duplicate members.
Set is a collection which is unordered, 
unchangeable*, and unindexed. No duplicate members.
Dictionary is a collection which is ordered** 
and changeable. No duplicate members.
*Set items are unchangeable, but you can remove and/or add items 
  whenever you like.
**As of Python version 3.7, dictionaries are ordered . 
  In Python 3.6 and earlier, dictionaries are unordered .
When choosing a collection type, it is useful to understand the properties of that type. Choosing the right type for a particular data set could mean retention of meaning, and, it could mean an increase in efficiency or security.","thistuple = (""apple"", ""banana"", ""cherry"")

print(thistuple)
---
thistuple = (""apple"", ""banana"", ""cherry"", ""apple"", ""cherry"")

print(thistuple)
---
thistuple = (""apple"", ""banana"", ""cherry"")

print(len(thistuple))
---
thistuple = (""apple"",)

  print(type(thistuple))
#NOT a tuple
thistuple = (""apple"")

  print(type(thistuple))
---
tuple1 = (""apple"", ""banana"", ""cherry"")

tuple2 = (1, 5, 7, 9, 3)

tuple3 = (True, False, False)
---
tuple1 = (""abc"", 34, True, 40, ""male"")
---
mytuple = (""apple"", ""banana"", ""cherry"")

print(type(mytuple))
---
thistuple = tuple((""apple"", ""banana"", ""cherry"")) # note the double round-brackets

print(thistuple)",Python Básico
71,Python Tuples,https://www.w3schools.com/python/python_tuples.asp,"Python Tuples
Tuple
Tuples are used to store multiple items in a single variable.
Tuple is one of 4 built-in data types in Python used to store collections of 
data, the other 3 are List , Set , and Dictionary , all with different qualities and usage.
A tuple is a collection which is ordered and unchangeable .
Tuples are written with round brackets.
Example
Create a Tuple:
Tuple Items
Tuple items are ordered, unchangeable, and allow duplicate values.
Tuple items are indexed, the first item has index [0] , the second item has index [1] etc.
Ordered
When we say that tuples are ordered, it means that the items have a defined order, and that order will not change.
Unchangeable
Tuples are unchangeable, meaning that we cannot change, add or remove items after the tuple has been created.
Allow Duplicates
Since tuples are indexed, they can have items with the same value:
Example
Tuples allow duplicate values:
Tuple Length
To determine how many items a tuple has, use the len() function:
Example
Print the number of items in the tuple:
Create Tuple With One Item
To create a tuple with only one item, you have to add a comma after the item, 
otherwise Python will not recognize it as a tuple.
Example
One item tuple, remember the comma:
Tuple Items - Data Types
Tuple items can be of any data type:
Example
String, int and boolean data types:
A tuple can contain different data types:
Example
A tuple with strings, integers and boolean values:
type()
From Python's perspective, tuples are defined as objects with the data type 'tuple':
Example
What is the data type of a tuple?
The tuple() Constructor
It is also possible to use the tuple() constructor to make a tuple.
Example
Using the tuple() method to make a tuple:
Python Collections (Arrays)
There are four collection data types in the Python programming language:
List is a collection which is ordered and changeable. Allows duplicate members.
Tuple is a collection which is ordered and unchangeable. Allows duplicate members.
Set is a collection which is unordered, 
unchangeable*, and unindexed. No duplicate members.
Dictionary is a collection which is ordered** 
and changeable. No duplicate members.
*Set items are unchangeable, but you can remove and/or add items 
  whenever you like.
**As of Python version 3.7, dictionaries are ordered . 
  In Python 3.6 and earlier, dictionaries are unordered .
When choosing a collection type, it is useful to understand the properties of that type. Choosing the right type for a particular data set could mean retention of meaning, and, it could mean an increase in efficiency or security.","thistuple = (""apple"", ""banana"", ""cherry"")

print(thistuple)
---
thistuple = (""apple"", ""banana"", ""cherry"", ""apple"", ""cherry"")

print(thistuple)
---
thistuple = (""apple"", ""banana"", ""cherry"")

print(len(thistuple))
---
thistuple = (""apple"",)

  print(type(thistuple))
#NOT a tuple
thistuple = (""apple"")

  print(type(thistuple))
---
tuple1 = (""apple"", ""banana"", ""cherry"")

tuple2 = (1, 5, 7, 9, 3)

tuple3 = (True, False, False)
---
tuple1 = (""abc"", 34, True, 40, ""male"")
---
mytuple = (""apple"", ""banana"", ""cherry"")

print(type(mytuple))
---
thistuple = tuple((""apple"", ""banana"", ""cherry"")) # note the double round-brackets

print(thistuple)",Python Básico
72,Access Tuples,https://www.w3schools.com/python/python_tuples_access.asp,"Python - Access Tuple Items
Access Tuple Items
You can access tuple items by referring to the index number, inside square 
brackets:
Example
Print the second item in the tuple:
Note: The first item has index 0.
Negative Indexing
Negative indexing means start from the end.
-1 refers to the last item, -2 refers to the second last item etc.
Example
Print the last item of the tuple:
Range of Indexes
You can specify a range of indexes by specifying where to start and where to 
end the range.
When specifying a range, the return value will be a new tuple with the 
specified items.
Example
Return the third, fourth, and fifth item:
Note: The search will start at index 2 (included) and end at index 5 (not included).
Remember that the first item has index 0.
By leaving out the start value, the range will start at the first item:
Example
This example returns the items from the beginning to, but NOT included, ""kiwi"":
By leaving out the end value, the range will go on to the end of the tuple:
Example
This example returns the items from ""cherry"" and to the end:
Range of Negative Indexes
Specify negative indexes if you want to start the search from the end of the 
tuple:
Example
This example returns the items from index -4 (included) to index -1 (excluded)
Check if Item Exists
To determine if a specified item is present in a tuple use the in keyword:
Example
Check if ""apple"" is present in the tuple:","thistuple = (""apple"", ""banana"", ""cherry"")

print(thistuple[1])
---
thistuple = (""apple"", ""banana"", ""cherry"")

print(thistuple[-1])
---
thistuple = (""apple"", ""banana"", ""cherry"", ""orange"", ""kiwi"", ""melon"", ""mango"")

print(thistuple[2:5])
---
thistuple = (""apple"", ""banana"", ""cherry"", ""orange"", ""kiwi"", ""melon"", ""mango"")

print(thistuple[:4])
---
thistuple = (""apple"", ""banana"", ""cherry"", ""orange"", ""kiwi"", ""melon"", ""mango"")

print(thistuple[2:])
---
thistuple = (""apple"", ""banana"", ""cherry"", ""orange"", ""kiwi"", ""melon"", ""mango"")

print(thistuple[-4:-1])
---
thistuple = (""apple"", ""banana"", ""cherry"")

  if ""apple"" in thistuple:
  print(""Yes, 'apple' is in the fruits
  tuple"")",Python Básico
73,Update Tuples,https://www.w3schools.com/python/python_tuples_update.asp,"Python - Update Tuples
Tuples are unchangeable, meaning that you cannot change, add, or remove items once the tuple is created.
But there are some workarounds.
Change Tuple Values
Once a tuple is created, you cannot change its values. Tuples are unchangeable , 
or immutable as it also is called.
But there is a workaround. You can convert the tuple into a list, change the 
list, and convert the list back into a tuple.
Example
Convert the tuple into a list to be able to change it:
Add Items
Since tuples are immutable, they do not have a built-in append() method, but 
there are other ways to add items to a tuple.
1. Convert into a list : Just like the workaround for changing a tuple, you can convert it into a list, add your item(s), and convert it back into a tuple.
Example
Convert the tuple into a list, add ""orange"", and convert it back into a tuple:
2. Add tuple to a tuple . You are allowed to add tuples to 
tuples, so if you want to add one item, (or many), create a new tuple with the 
item(s), and add it to the existing tuple:
Example
Create a new tuple with the value ""orange"", and add that tuple:
Note: When creating a tuple with only one item, remember to include a comma 
  after the item, otherwise it will not be identified as a tuple.
Remove Items
Note: You cannot remove items in a tuple.
Tuples are unchangeable , so you cannot remove items 
from it, but you can use the same workaround as we used for changing and adding tuple items:
Example
Convert the tuple into a list, remove ""apple"", and convert it back into a tuple:
Or you can delete the tuple completely:
Example
The del keyword can delete the tuple 
completely:","x = (""apple"", ""banana"", ""cherry"")
y = list(x)
y[1] = ""kiwi""
x =
  tuple(y)
print(x)
---
thistuple = (""apple"", ""banana"", ""cherry"")
y = list(thistuple)
y.append(""orange"")

  thistuple =
  tuple(y)
---
thistuple = (""apple"", ""banana"", ""cherry"")
y = (""orange"",)
thistuple += y


print(thistuple)
---
thistuple = (""apple"", ""banana"", ""cherry"")
y = list(thistuple)
y.remove(""apple"")

  thistuple =
  tuple(y)
---
thistuple = (""apple"", ""banana"", ""cherry"")

  del
thistuple
print(thistuple)
  #this will raise an error because the tuple no longer exists",Python Básico
74,Unpack Tuples,https://www.w3schools.com/python/python_tuples_unpack.asp,"Python - Unpack Tuples
Unpacking a Tuple
When we create a tuple, we normally assign values to it. This is called ""packing"" a tuple:
Example
Packing a tuple:
But, in Python, we are also allowed to extract the values back into variables. This is called ""unpacking"":
Example
Unpacking a tuple:
Note: The number of variables must match the number of values in the tuple, 
  if not, you must use an asterisk to collect the remaining values as a list.
Using Asterisk *
If the number of variables is less than the number of values, you can add an * to the variable name and the
values will be assigned to the variable as a list:
Example
Assign the rest of the values as a list called ""red"":
If the asterisk is added to another variable name than the last,
Python will assign values to the variable until the number of values left matches the number of variables left.
Example
Add a list of values the ""tropic"" variable:","fruits = (""apple"", ""banana"", ""cherry"")
---
fruits = (""apple"", ""banana"", ""cherry"")



(green, yellow, red) = fruits



print(green)

print(yellow)

print(red)
---
fruits = (""apple"", ""banana"", ""cherry"", ""strawberry"", ""raspberry"")



(green, yellow, *red) = fruits



print(green)

print(yellow)

print(red)
---
fruits = (""apple"", ""mango"", ""papaya"", ""pineapple"", ""cherry"")



(green, *tropic, red) = fruits



print(green)

print(tropic)

print(red)",Python Básico
75,Loop Tuples,https://www.w3schools.com/python/python_tuples_loop.asp,"Python - Loop Tuples
Loop Through a Tuple
You can loop through the tuple items by using a for loop.
Example
Iterate through the items and print the values:
Learn more about for loops in our Python For Loops Chapter.
Loop Through the Index Numbers
You can also loop through the tuple items by referring to their index number.
Use the range() and len() functions to create a suitable iterable.
Example
Print all items by referring to their index number:
Using a While Loop
You can loop through the tuple items by using a while loop.
Use the len() function to determine the length of the tuple,
then start at 0 and loop your way through the tuple items by referring to their indexes.
Remember to increase the index by 1 after each iteration.
Example
Print all items, using a while loop to go through all the index numbers:
Learn more about while loops in our Python While Loops Chapter.","thistuple = (""apple"", ""banana"", ""cherry"")

  for x in thistuple:
  print(x)
---
thistuple = (""apple"", ""banana"", ""cherry"")

for i in range(len(thistuple)):

  print(thistuple[i])
---
thistuple = (""apple"", ""banana"", ""cherry"")

i = 0

while i < len(thistuple):

  print(thistuple[i])

  i = i + 1",Python Básico
76,Join Tuples,https://www.w3schools.com/python/python_tuples_join.asp,"Python - Join Tuples
Join Two Tuples
To join two or more tuples you can use the + operator:
Example
Join two tuples:
Multiply Tuples
If you want to multiply the content of a tuple a given number of times, you can use the * operator:
Example
Multiply the fruits tuple by 2:","tuple1 = (""a"", ""b"" , ""c"")
tuple2 = (1, 2, 3)

  tuple3 = tuple1 + tuple2

  print(tuple3)
---
fruits = (""apple"", ""banana"", ""cherry"")
mytuple = fruits * 2

  print(mytuple)",Python Básico
77,Tuple Methods,https://www.w3schools.com/python/python_tuples_methods.asp,"Python - Tuple Methods
Tuple Methods
Python has two built-in methods that you can use on tuples.
Method
Description
count()
Returns the number of times a specified value occurs in a tuple
index()
Searches the tuple for a specified value and returns the position of where it was found",,Python Básico
78,Tuple Exercises,https://www.w3schools.com/python/python_tuples_exercises.asp,"Python - Tuple Exercises
Test Yourself With Exercises
Now you have learned a lot about tuples, and how to use them in Python.
Are you ready for a test?
Test your Python Tuple skills with exercises from all categories:
Exercises
Tip: Sign in to track your progress.
Tuples 3 exercises
Access Tuples 4 exercises
Update Tuples 3 exercises
Unpack Tuples 3 exercises
Loop Tuples 3 exercises
Join Tuples 3 exercises
Log in to track your progress
If you haven't already, sign up to become a W3Schooler, and get points for every exercise you complete.
As a logged-in W3Schools user you will have access to many features like having your own web page , track your learning progress , receive personal guided paths , and more .
The Exercise
The exercises are a mix of ""multiple choice"" and ""fill in the blanks"" questions.
There are between 3 and 9 questions in each category.
The answer can be found in the corresponding tutorial chapter.
If you're stuck, or answer wrong, you can try again or hit the ""Show Answer"" button to see the correct answer.
More Exercises:
Find a complete collection of Python Exercises for each chapter in this tutorial in our Python Exercises page:",,Python Básico
79,Code Challenge,https://www.w3schools.com/python/python_challenges_tuples_basics.asp,"Python Tuples Code Challenge
Challenge: Tuples Basics
Test your understanding of creating, accessing, and unpacking tuples.",,Python Básico
80,Python Sets,https://www.w3schools.com/python/python_sets.asp,"Python Sets
Set
Sets are used to store multiple items in a single variable.
Set is one of 4 built-in data types in Python used to store collections of 
data, the other 3 are List , Tuple , and Dictionary , all with different qualities and usage.
A set is a collection which is unordered , unchangeable* , and unindexed .
* Note: Set items are unchangeable, but you can remove 
  items and add new items.
Sets are written with curly brackets.
Example
Create a Set:
Note: Sets are unordered, so you cannot be sure in which 
  order the items will appear.
Set Items
Set items are unordered, unchangeable, and do not allow duplicate values.
Unordered
Unordered means that the items in a set do not have a defined order.
Set items can appear in a different order every time you use them, 
and cannot be referred to by index or key.
Unchangeable
Set items are unchangeable, meaning that we cannot change the items after the set has been created.
Once a set is created, you cannot change its items, but you can remove items 
and add new items.
Duplicates Not Allowed
Sets cannot have two items with the same value.
Example
Duplicate values will be ignored:
Note: The values True and 1 are considered the same value in sets, 
  and are treated as duplicates:
Example
True and 1 is considered the same value:
Note: The values False and 0 are considered the same value in sets, 
  and are treated as duplicates:
Example
False and 0 is considered the same value:
Get the Length of a Set
To determine how many items a set has, use the len() function.
Example
Get the number of items in a set:
Set Items - Data Types
Set items can be of any data type:
Example
String, int and boolean data types:
A set can contain different data types:
Example
A set with strings, integers and boolean values:
type()
From Python's perspective, sets are defined as objects with the data type 'set':
Example
What is the data type of a set?
The set() Constructor
It is also possible to use the set() constructor to make a set.
Example
Using the set() constructor to make a set:
Python Collections (Arrays)
There are four collection data types in the Python programming language:
List is a collection which is ordered and changeable. Allows duplicate members.
Tuple is a collection which is ordered and unchangeable. Allows duplicate members.
Set is a collection which is unordered, unchangeable*, and unindexed. No duplicate members.
Dictionary is a collection which is ordered** 
and changeable. No duplicate members.
*Set items are unchangeable, but you can remove items and add new 
  items.
**As of Python version 3.7, dictionaries are ordered . 
  In Python 3.6 and earlier, dictionaries are unordered .
When choosing a collection type, it is useful to understand the properties of that type. Choosing the right type for a particular data set could mean retention of meaning, and, it could mean an increase in efficiency or security.","thisset = {""apple"", ""banana"", ""cherry""}
print(thisset)
---
thisset = {""apple"", ""banana"", ""cherry"", ""apple""}

  print(thisset)
---
thisset = {""apple"", ""banana"", ""cherry"", True, 1, 2}

  print(thisset)
---
thisset = {""apple"", ""banana"", ""cherry"", False, True, 0}

  print(thisset)
---
thisset = {""apple"", ""banana"", ""cherry""}

  print(len(thisset))
---
set1 = {""apple"", ""banana"", ""cherry""}

  set2 = {1, 5, 7, 9, 3}

  set3 = {True, False, False}
---
set1 = {""abc"", 34, True, 40, ""male""}
---
myset = {""apple"", ""banana"", ""cherry""}

print(type(myset))
---
thisset = set((""apple"", ""banana"", ""cherry"")) # note the double round-brackets

print(thisset)",Python Básico
81,Python Sets,https://www.w3schools.com/python/python_sets.asp,"Python Sets
Set
Sets are used to store multiple items in a single variable.
Set is one of 4 built-in data types in Python used to store collections of 
data, the other 3 are List , Tuple , and Dictionary , all with different qualities and usage.
A set is a collection which is unordered , unchangeable* , and unindexed .
* Note: Set items are unchangeable, but you can remove 
  items and add new items.
Sets are written with curly brackets.
Example
Create a Set:
Note: Sets are unordered, so you cannot be sure in which 
  order the items will appear.
Set Items
Set items are unordered, unchangeable, and do not allow duplicate values.
Unordered
Unordered means that the items in a set do not have a defined order.
Set items can appear in a different order every time you use them, 
and cannot be referred to by index or key.
Unchangeable
Set items are unchangeable, meaning that we cannot change the items after the set has been created.
Once a set is created, you cannot change its items, but you can remove items 
and add new items.
Duplicates Not Allowed
Sets cannot have two items with the same value.
Example
Duplicate values will be ignored:
Note: The values True and 1 are considered the same value in sets, 
  and are treated as duplicates:
Example
True and 1 is considered the same value:
Note: The values False and 0 are considered the same value in sets, 
  and are treated as duplicates:
Example
False and 0 is considered the same value:
Get the Length of a Set
To determine how many items a set has, use the len() function.
Example
Get the number of items in a set:
Set Items - Data Types
Set items can be of any data type:
Example
String, int and boolean data types:
A set can contain different data types:
Example
A set with strings, integers and boolean values:
type()
From Python's perspective, sets are defined as objects with the data type 'set':
Example
What is the data type of a set?
The set() Constructor
It is also possible to use the set() constructor to make a set.
Example
Using the set() constructor to make a set:
Python Collections (Arrays)
There are four collection data types in the Python programming language:
List is a collection which is ordered and changeable. Allows duplicate members.
Tuple is a collection which is ordered and unchangeable. Allows duplicate members.
Set is a collection which is unordered, unchangeable*, and unindexed. No duplicate members.
Dictionary is a collection which is ordered** 
and changeable. No duplicate members.
*Set items are unchangeable, but you can remove items and add new 
  items.
**As of Python version 3.7, dictionaries are ordered . 
  In Python 3.6 and earlier, dictionaries are unordered .
When choosing a collection type, it is useful to understand the properties of that type. Choosing the right type for a particular data set could mean retention of meaning, and, it could mean an increase in efficiency or security.","thisset = {""apple"", ""banana"", ""cherry""}
print(thisset)
---
thisset = {""apple"", ""banana"", ""cherry"", ""apple""}

  print(thisset)
---
thisset = {""apple"", ""banana"", ""cherry"", True, 1, 2}

  print(thisset)
---
thisset = {""apple"", ""banana"", ""cherry"", False, True, 0}

  print(thisset)
---
thisset = {""apple"", ""banana"", ""cherry""}

  print(len(thisset))
---
set1 = {""apple"", ""banana"", ""cherry""}

  set2 = {1, 5, 7, 9, 3}

  set3 = {True, False, False}
---
set1 = {""abc"", 34, True, 40, ""male""}
---
myset = {""apple"", ""banana"", ""cherry""}

print(type(myset))
---
thisset = set((""apple"", ""banana"", ""cherry"")) # note the double round-brackets

print(thisset)",Python Básico
82,Access Set Items,https://www.w3schools.com/python/python_sets_access.asp,"Python - Access Set Items
Access Items
You cannot access items in a set by referring to an index or a key.
But you can loop through the set items using a for loop, or ask if a specified value is present in a set, by using the in keyword.
Example
Loop through the set, and print the values:
Example
Check if ""banana"" is present in the set:
Example
Check if ""banana"" is NOT present in the set:
Change Items
Once a set is created, you cannot change its items, but you can add new items.","thisset = {""apple"", ""banana"", ""cherry""}
for x in thisset:
  print(x)
---
thisset = {""apple"", ""banana"", ""cherry""}
print(""banana""
  in thisset)
---
thisset = {""apple"", ""banana"", ""cherry""}
print(""banana""
  not in thisset)",Python Básico
83,Add Set Items,https://www.w3schools.com/python/python_sets_add.asp,"Python - Add Set Items
Add Items
Once a set is created, you cannot change its items, but you can add new items.
To add one item to a set use the add() method.
Example
Add an item to a set, using the add() method:
Add Sets
To add items from another set into the current set, use the update() method.
Example
Add elements from tropical into thisset :
Add Any Iterable
The object in the update() method does not have 
to be a set, it can be any iterable object (tuples, lists, dictionaries etc.).
Example
Add elements of a list to a set:","thisset = {""apple"", ""banana"", ""cherry""}

  thisset.add(""orange"")
print(thisset)
---
thisset = {""apple"", ""banana"", ""cherry""}
tropical = {""pineapple"", ""mango"", ""papaya""}

  thisset.update(tropical)


print(thisset)
---
thisset = {""apple"", ""banana"", ""cherry""}

  mylist = [""kiwi"", ""orange""]

  thisset.update(mylist)


print(thisset)",Python Básico
84,Remove Set Items,https://www.w3schools.com/python/python_sets_remove.asp,"Python - Remove Set Items
Remove Item
To remove an item in a set, use the remove() , or the discard() method.
Example
Remove ""banana"" by using the remove() method:
Note: If the item to remove does not exist, remove() will raise an error.
Example
Remove ""banana"" by using the discard() method:
Note: If the item to remove does not exist, discard() will NOT raise an error.
You can also use the pop() method to remove 
an item, but this method will remove a random item, so you cannot be sure what item that gets removed.
The return value of the pop() method is the 
removed item.
Example
Remove a random item by using the pop() method:
Note: Sets are unordered , so when using the pop() method, 
you do not know which item that gets removed.
Example
The clear() method empties the set:
Example
The del keyword will delete the set 
completely:","thisset = {""apple"", ""banana"", ""cherry""}

  thisset.remove(""banana"")

  print(thisset)
---
thisset = {""apple"", ""banana"", ""cherry""}

  thisset.discard(""banana"")

  print(thisset)
---
thisset = {""apple"", ""banana"", ""cherry""}

  x =
  thisset.pop()
print(x)

  print(thisset)
---
thisset = {""apple"", ""banana"", ""cherry""}

  thisset.clear()

  print(thisset)
---
thisset = {""apple"", ""banana"", ""cherry""}

  del
  thisset

  print(thisset)",Python Básico
85,Loop Sets,https://www.w3schools.com/python/python_sets_loop.asp,"Python - Loop Sets
Loop Items
You can loop through the set items by using a for loop:
Example
Loop through the set, and print the values:","thisset = {""apple"", ""banana"", ""cherry""}
for x in thisset:
  print(x)",Python Básico
86,Join Sets,https://www.w3schools.com/python/python_sets_join.asp,"Python - Join Sets
Join Sets
There are several ways to join two or more sets in Python.
The union() and update() methods joins all items from both sets.
The intersection() method keeps ONLY the duplicates.
The difference() method keeps the items 
from the first set that are not in the other set(s).
The symmetric_difference() method keeps all 
items EXCEPT the duplicates.
Union
The union() method returns a new set with all items from both sets.
Example
Join set1 and set2 into a new set:
You can use the | operator instead of the union() method, and you will get the same result.
Example
Use | to join two sets:
Join Multiple Sets
All the joining methods and operators can be used to join multiple sets.
When using a method, just add more sets in the parentheses, separated by commas:
Example
Join multiple sets with the union() method:
When using the | operator, separate the sets 
with more | operators:
Example
Use | to join two sets:
Join a Set and a Tuple
The union() method allows you to join a set with other data types, like lists or tuples.
The result will be a set.
Example
Join a set with a tuple:
Note: The | operator only allows you to join sets with sets, and not with other data types like you 
can with the union() method.
Update
The update() method inserts all items from one set into another.
The update() changes the original set, and does not return a new set.
Example
The update() method inserts the items in set2 into set1:
Note: Both union() and update() will exclude any duplicate items.
Intersection
Keep ONLY the duplicates
The intersection() method will return a new set, that only contains the items that are present in both sets.
Example
Join set1 and set2, but keep only the duplicates:
You can use the & operator instead of the intersection() method, and you will get the same result.
Example
Use & to join two sets:
Note: The & operator only allows you to join sets with sets, and not with other data types like you 
can with the intersection() method.
The intersection_update() method will also keep ONLY the duplicates,
but it will change the original set instead of returning a new set.
Example
Keep the items that exist in both set1 , and set2 :
The values True and 1 are considered the same value. The same goes for False and 0 .
Example
Join sets that contains the values True , False , 1 , and 0 , and see what is considered as duplicates:
Difference
The difference() method will
return a new set that will contain only the items from the first set that are not present in the other set.
Example
Keep all items from set1 that are not in set2:
You can use the - operator instead of the difference() method, and you will get the same result.
Example
Use - to join two sets:
Note: The - operator only allows you to join sets with sets, and not with other data types like you 
can with the difference() method.
The difference_update() method will keep 
the items from the first set that are not in the other set,
but it will change the original set instead of returning a new set.
Example
Use the difference_update() method to keep only the items
from the first set that are not present in the other set:
Symmetric Differences
The symmetric_difference() method will keep only the elements that are NOT present in both sets.
Example
Keep the items that are not present in both sets:
You can use the ^ operator instead of the symmetric_difference() method, and you will get the same result.
Example
Use ^ to join two sets:
Note: The ^ operator only allows you to join sets with sets, and not with other data types like you 
can with the symmetric_difference() method.
The symmetric_difference_update() method will also keep all 
but the duplicates,
but it will change the original set instead of returning a new set.
Example
Use the symmetric_difference_update() method to keep the items that are not present in both sets:","set1 = {""a"", ""b"", ""c""}
set2 = {1, 2, 3}

  set3 = set1.union(set2)
print(set3)
---
set1 = {""a"", ""b"", ""c""}
set2 = {1, 2, 3}

  set3 = set1 | set2
print(set3)
---
set1 = {""a"", ""b"", ""c""}
set2 = {1, 2, 3}
set3 = {""John"", ""Elena""}
set4 = {""apple"",
  ""bananas"", ""cherry""}

  myset = set1.union(set2, set3, set4)
print(myset)
---
set1 = {""a"", ""b"", ""c""}
set2 = {1, 2, 3}
set3 = {""John"", ""Elena""}
set4 = {""apple"",
  ""bananas"", ""cherry""}

  myset = set1 | set2 | set3 |set4
print(myset)
---
x = {""a"", ""b"", ""c""}
y = (1, 2, 3)

  z = x.union(y)
print(z)
---
set1 = {""a"", ""b"" , ""c""}
set2 = {1, 2, 3}

  set1.update(set2)
print(set1)
---
set1 = {""apple"", ""banana"", ""cherry""}
set2 = {""google"", ""microsoft"", ""apple""}

  set3 = set1.intersection(set2)
print(set3)
---
set1 = {""apple"", ""banana"", ""cherry""}
set2 = {""google"", ""microsoft"", ""apple""}

  set3 = set1
  & set2
print(set3)
---
set1 = {""apple"", ""banana"", ""cherry""}
set2 = {""google"", ""microsoft"", ""apple""}


set1.intersection_update(set2)
print(set1)
---
set1 = {""apple"", 1,  ""banana"", 0, ""cherry""}

  set2 = {False, ""google"",
  1, ""apple"", 2, True}


set3 = set1.intersection(set2)
print(set3)
---
set1 = {""apple"", ""banana"", ""cherry""}
set2 = {""google"", ""microsoft"", ""apple""}


set3 = set1.difference(set2)
print(set3)
---
set1 = {""apple"", ""banana"", ""cherry""}
set2 = {""google"", ""microsoft"", ""apple""}

  set3 = set1 - set2
print(set3)
---
set1 = {""apple"", ""banana"", ""cherry""}
set2 = {""google"", ""microsoft"", ""apple""}


set1.difference_update(set2)
print(set1)
---
set1 = {""apple"", ""banana"", ""cherry""}
set2 = {""google"", ""microsoft"", ""apple""}


set3 = set1.symmetric_difference(set2)
print(set3)
---
set1 = {""apple"", ""banana"", ""cherry""}
set2 = {""google"", ""microsoft"", ""apple""}

  set3 = set1 ^ set2
print(set3)
---
set1 = {""apple"", ""banana"", ""cherry""}
set2 = {""google"", ""microsoft"", ""apple""}


set1.symmetric_difference_update(set2)
print(set1)",Python Básico
87,Frozenset,https://www.w3schools.com/python/python_frozenset.asp,"Python frozenset
Python frozenset
frozenset is an immutable version of a set.
Like sets, it contains unique, unordered, unchangeable elements.
Unlike sets, elements cannot be added or removed from a frozenset.
Creating a frozenset
Use the frozenset() constructor to create a frozenset from any iterable.
Example
Create a frozenset and check its type:
Frozenset Methods
Being immutable means you cannot add or remove elements. However, frozensets support all non-mutating operations of sets.
Method
Shortcut
Description
Try it
copy()
Returns a shallow copy
difference()
-
Returns a new frozenset with the difference
intersection()
&
Returns a new frozenset with the intersection
isdisjoint()
Returns whether two frozensets have an intersection
issubset()
<= / <
Returns True if this frozenset is a (proper) subset of another
issuperset()
>= / >
Returns True if this frozenset is a (proper) superset of another
symmetric_difference()
^
Returns a new frozenset with the symmetric differences
union()
|
Returns a new frozenset containing the union","x = frozenset({""apple"", ""banana"", ""cherry""})

print(x)

print(type(x))",Python Básico
88,Set Methods,https://www.w3schools.com/python/python_sets_methods.asp,"Python - Set Methods
Set Methods
Python has a set of built-in methods that you can use on sets.
Method
Shortcut
Description
add()
Adds an element to the set
clear()
Removes all the elements from the set
copy()
Returns a copy of the set
difference()
-
Returns a set containing the difference between two or more sets
difference_update()
-=
Removes the items in this set that are also included in another, specified set
discard()
Remove the specified item
intersection()
&
Returns a set, that is the intersection of two other sets
intersection_update()
&=
Removes the items in this set that are not present in other, specified set(s)
isdisjoint()
Returns whether two sets have a intersection or not
issubset()
<=
Returns True if all items of this set is present in another set
<
Returns True if all items of this set is present in another, larger set
issuperset()
>=
Returns True if all items of another set is present in this set
>
Returns True if all items of another, smaller set is present in this set
pop()
Removes an element from the set
remove()
Removes the specified element
symmetric_difference()
^
Returns a set with the symmetric differences of two sets
symmetric_difference_update()
^=
Inserts the symmetric differences from this set and another
union()
|
Return a set containing the union of sets
update()
|=
Update the set with the union of this set and others",,Python Básico
89,Set Exercises,https://www.w3schools.com/python/python_sets_exercises.asp,"Python - Set Exercises
Test Yourself With Exercises
Now you have learned a lot about sets, and how to use them in Python.
Are you ready for a test?
Test your Python Set skills with exercises from all categories:
Exercises
Tip: Sign in to track your progress.
Sets 3 exercises
Access Sets 3 exercises
Add Set Items 3 exercises
Remove Set Items 3 exercises
Loop Sets 3 exercises
Join Sets 3 exercises
Log in to track your progress
If you haven't already, sign up to become a W3Schooler, and get points for every exercise you complete.
As a logged-in W3Schools user you will have access to many features like having your own web page , track your learning progress , receive personal guided paths , and more .
The Exercise
The exercises are a mix of ""multiple choice"" and ""fill in the blanks"" questions.
There are between 3 and 9 questions in each category.
The answer can be found in the corresponding tutorial chapter.
If you're stuck, or answer wrong, you can try again or hit the ""Show Answer"" button to see the correct answer.
More Exercises:
Find a complete collection of Python Exercises for each chapter in this tutorial in our Python Exercises page:",,Python Básico
90,Code Challenge,https://www.w3schools.com/python/python_challenges_sets_basics.asp,"Python Sets Code Challenge
Challenge: Sets Basics
Test your understanding of creating, adding, removing, and checking set items.",,Python Básico
91,Python Dictionaries,https://www.w3schools.com/python/python_dictionaries.asp,"Python Dictionaries
Dictionary
Dictionaries are used to store data values in key:value pairs.
A dictionary is a collection which is ordered*, changeable and do not 
allow duplicates.
As of Python version 3.7, dictionaries are ordered . 
  In Python 3.6 and earlier, dictionaries are unordered .
Dictionaries are written with curly brackets, and have keys and values:
Example
Create and print a dictionary:
Dictionary Items
Dictionary items are ordered, changeable, and do not allow duplicates.
Dictionary items are presented in key:value pairs, and can be referred to by 
using the key name.
Example
Print the ""brand"" value of the dictionary:
Ordered or Unordered?
As of Python version 3.7, dictionaries are ordered . 
  In Python 3.6 and earlier, dictionaries are unordered .
When we say that dictionaries are ordered, it means that the items have a defined order, and that order will not change.
Unordered means that the items do not 
have a defined order, you cannot refer to an item by using an index.
Changeable
Dictionaries are changeable, meaning that we can change, add or remove items after the 
dictionary has been created.
Duplicates Not Allowed
Dictionaries cannot have two items with the same key:
Example
Duplicate values will overwrite existing values:
Dictionary Length
To determine how many items a dictionary has, use the len() function:
Example
Print the number of items in the dictionary:
Dictionary Items - Data Types
The values in dictionary items can be of any data type:
Example
String, int, boolean, and list data types:
type()
From Python's perspective, dictionaries are defined as objects with the data type 'dict':
Example
Print the data type of a dictionary:
The dict() Constructor
It is also possible to use the dict() constructor to make a dictionary.
Example
Using the dict() method to make a dictionary:
Python Collections (Arrays)
There are four collection data types in the Python programming language:
List is a collection which is ordered and changeable. Allows duplicate members.
Tuple is a collection which is ordered and unchangeable. Allows duplicate members.
Set is a collection which is unordered, 
unchangeable*, and unindexed. No duplicate members.
Dictionary is a collection which is ordered** and changeable. No duplicate members.
*Set items are unchangeable, but you can remove and/or add items 
  whenever you like.
**As of Python version 3.7, dictionaries are ordered . 
  In Python 3.6 and earlier, dictionaries are unordered .
When choosing a collection type, it is useful to understand the properties of that type. Choosing the right type for a particular data set could mean retention of meaning, and, it could mean an increase in efficiency or security.","thisdict =	{

  ""brand"": ""Ford"",

  ""model"": ""Mustang"",

  ""year"": 1964

}

print(thisdict)
---
thisdict =	{

  ""brand"": ""Ford"",

  ""model"": ""Mustang"",

  ""year"": 1964

}

print(thisdict[""brand""])
---
thisdict =	{

  ""brand"": ""Ford"",

  ""model"": ""Mustang"",

  ""year"": 1964,
  ""year"": 2020

}

print(thisdict)
---
print(len(thisdict))
---
thisdict =	{

  ""brand"": ""Ford"",

  ""electric"": False,

  ""year"": 1964,
  ""colors"": [""red"", ""white"", ""blue""]

}
---
thisdict =	{

  ""brand"": ""Ford"",

  ""model"": ""Mustang"",

  ""year"": 1964

}

print(type(thisdict))
---
thisdict =
  dict(name = ""John"", age = 36, country = ""Norway"")

print(thisdict)",Python Básico
92,Python Dictionaries,https://www.w3schools.com/python/python_dictionaries.asp,"Python Dictionaries
Dictionary
Dictionaries are used to store data values in key:value pairs.
A dictionary is a collection which is ordered*, changeable and do not 
allow duplicates.
As of Python version 3.7, dictionaries are ordered . 
  In Python 3.6 and earlier, dictionaries are unordered .
Dictionaries are written with curly brackets, and have keys and values:
Example
Create and print a dictionary:
Dictionary Items
Dictionary items are ordered, changeable, and do not allow duplicates.
Dictionary items are presented in key:value pairs, and can be referred to by 
using the key name.
Example
Print the ""brand"" value of the dictionary:
Ordered or Unordered?
As of Python version 3.7, dictionaries are ordered . 
  In Python 3.6 and earlier, dictionaries are unordered .
When we say that dictionaries are ordered, it means that the items have a defined order, and that order will not change.
Unordered means that the items do not 
have a defined order, you cannot refer to an item by using an index.
Changeable
Dictionaries are changeable, meaning that we can change, add or remove items after the 
dictionary has been created.
Duplicates Not Allowed
Dictionaries cannot have two items with the same key:
Example
Duplicate values will overwrite existing values:
Dictionary Length
To determine how many items a dictionary has, use the len() function:
Example
Print the number of items in the dictionary:
Dictionary Items - Data Types
The values in dictionary items can be of any data type:
Example
String, int, boolean, and list data types:
type()
From Python's perspective, dictionaries are defined as objects with the data type 'dict':
Example
Print the data type of a dictionary:
The dict() Constructor
It is also possible to use the dict() constructor to make a dictionary.
Example
Using the dict() method to make a dictionary:
Python Collections (Arrays)
There are four collection data types in the Python programming language:
List is a collection which is ordered and changeable. Allows duplicate members.
Tuple is a collection which is ordered and unchangeable. Allows duplicate members.
Set is a collection which is unordered, 
unchangeable*, and unindexed. No duplicate members.
Dictionary is a collection which is ordered** and changeable. No duplicate members.
*Set items are unchangeable, but you can remove and/or add items 
  whenever you like.
**As of Python version 3.7, dictionaries are ordered . 
  In Python 3.6 and earlier, dictionaries are unordered .
When choosing a collection type, it is useful to understand the properties of that type. Choosing the right type for a particular data set could mean retention of meaning, and, it could mean an increase in efficiency or security.","thisdict =	{

  ""brand"": ""Ford"",

  ""model"": ""Mustang"",

  ""year"": 1964

}

print(thisdict)
---
thisdict =	{

  ""brand"": ""Ford"",

  ""model"": ""Mustang"",

  ""year"": 1964

}

print(thisdict[""brand""])
---
thisdict =	{

  ""brand"": ""Ford"",

  ""model"": ""Mustang"",

  ""year"": 1964,
  ""year"": 2020

}

print(thisdict)
---
print(len(thisdict))
---
thisdict =	{

  ""brand"": ""Ford"",

  ""electric"": False,

  ""year"": 1964,
  ""colors"": [""red"", ""white"", ""blue""]

}
---
thisdict =	{

  ""brand"": ""Ford"",

  ""model"": ""Mustang"",

  ""year"": 1964

}

print(type(thisdict))
---
thisdict =
  dict(name = ""John"", age = 36, country = ""Norway"")

print(thisdict)",Python Básico
93,Access Items,https://www.w3schools.com/python/python_dictionaries_access.asp,"Python - Access Dictionary Items
Accessing Items
You can access the items of a dictionary by referring to its key name, inside 
square brackets:
Example
Get the value of the ""model"" key:
There is also a method called get() that will give you the same result:
Example
Get the value of the ""model"" key:
Get Keys
The keys() method will return a list of all the keys in the dictionary.
Example
Get a list of the keys:
The list of the keys is a view of the dictionary, meaning that any 
changes done to the dictionary will be reflected in the keys list.
Example
Add a new item to the original dictionary, and see that the keys list gets 
updated as well:
Get Values
The values() method will return a list of all the values in the dictionary.
Example
Get a list of the values:
The list of the values is a view of the dictionary, meaning that any 
changes done to the dictionary will be reflected in the values list.
Example
Make a change in the original dictionary, and see that the values list gets 
updated as well:
Example
Add a new item to the original dictionary, and see that the values list gets 
updated as well:
Get Items
The items() method will return each item in a dictionary, as tuples in a list.
Example
Get a list of the key:value pairs
The returned list is a view of the items of the dictionary, meaning that any 
changes done to the dictionary will be reflected in the items list.
Example
Make a change in the original dictionary, and see that the items list gets 
updated as well:
Example
Add a new item to the original dictionary, and see that the items list gets 
updated as well:
Check if Key Exists
To determine if a specified key is present in a dictionary use the in keyword:
Example
Check if ""model"" is present in the dictionary:","thisdict =	{

  ""brand"": ""Ford"",

  ""model"": ""Mustang"",

  ""year"": 1964

}
x = thisdict[""model""]
---
x = thisdict.get(""model"")
---
x = thisdict.keys()
---
car = {
""brand"": ""Ford"",
""model"": ""Mustang"",
""year"": 1964
}


x = car.keys()
print(x) #before the change
car[""color""] =
  ""white""
print(x) #after the change
---
x = thisdict.values()
---
car = {
""brand"": ""Ford"",
""model"": ""Mustang"",
""year"": 1964
}


x = car.values()
print(x) #before the change
car[""year""]
  = 2020
print(x) #after the change
---
car = {
""brand"": ""Ford"",
""model"": ""Mustang"",
""year"": 1964
}


x = car.values()
print(x) #before the change
car[""color""]
  = ""red""
print(x) #after the change
---
x = thisdict.items()
---
car = {
""brand"": ""Ford"",
""model"": ""Mustang"",
""year"": 1964
}


x = car.items()
print(x) #before the change
car[""year""]
  = 2020
print(x) #after the change
---
car = {
""brand"": ""Ford"",
""model"": ""Mustang"",
""year"": 1964
}


x = car.items()
print(x) #before the change
car[""color""]
  = ""red""
print(x) #after the change
---
thisdict =	{

  ""brand"": ""Ford"",

  ""model"": ""Mustang"",

  ""year"": 1964

}

  if ""model"" in thisdict:
  print(""Yes, 'model' is
  one of the keys in the thisdict dictionary"")",Python Básico
94,Change Items,https://www.w3schools.com/python/python_dictionaries_change.asp,"Python - Change Dictionary Items
Change Values
You can change the value of a specific item by referring to its key name:
Example
Change the ""year"" to 2018:
Update Dictionary
The update() method will update the dictionary with the items from the given 
argument.
The argument must be a dictionary, or an iterable object with key:value pairs.
Example
Update the ""year"" of the car by using the update() method:","thisdict =	{

  ""brand"": ""Ford"",

  ""model"": ""Mustang"",

  ""year"": 1964

}
thisdict[""year""] = 2018
---
thisdict =	{

  ""brand"": ""Ford"",

  ""model"": ""Mustang"",

  ""year"": 1964

}
thisdict.update({""year"": 2020})",Python Básico
95,Add Items,https://www.w3schools.com/python/python_dictionaries_add.asp,"Python - Add Dictionary Items
Adding Items
Adding an item to the dictionary is done by using a new index key and assigning a value to it:
Example
Update Dictionary
The update() method will update the dictionary with the items from 
a given 
argument. If the item does not exist, the item will be added.
The argument must be a dictionary, or an iterable object with key:value pairs.
Example
Add a color item to the dictionary by using the update() method:","thisdict =	{

  ""brand"": ""Ford"",

  ""model"": ""Mustang"",

  ""year"": 1964

}
thisdict[""color""] = ""red""
print(thisdict)
---
thisdict =	{

  ""brand"": ""Ford"",

  ""model"": ""Mustang"",

  ""year"": 1964

}
thisdict.update({""color"":
  ""red""})",Python Básico
96,Remove Items,https://www.w3schools.com/python/python_dictionaries_remove.asp,"Python - Remove Dictionary Items
Removing Items
There are several methods to remove items from a dictionary:
Example
The pop() method removes the item with the specified key name:
Example
The popitem() method removes the last 
  inserted item (in versions before 3.7, a random item is removed instead):
Example
The del keyword removes the item with the specified 
  key name:
Example
The del keyword can also delete the 
  dictionary completely:
Example
The clear() method empties the 
  dictionary:","thisdict =	{

  ""brand"": ""Ford"",

  ""model"": ""Mustang"",

  ""year"": 1964

}
thisdict.pop(""model"")

  print(thisdict)
---
thisdict =	{

  ""brand"": ""Ford"",

  ""model"": ""Mustang"",

  ""year"": 1964

}
thisdict.popitem()

  print(thisdict)
---
thisdict =	{

  ""brand"": ""Ford"",

  ""model"": ""Mustang"",

  ""year"": 1964

}
del thisdict[""model""]
print(thisdict)
---
thisdict =	{

  ""brand"": ""Ford"",

  ""model"": ""Mustang"",

  ""year"": 1964

}
del thisdict
print(thisdict) #this will cause an error because ""thisdict""
  no longer exists.
---
thisdict =	{

  ""brand"": ""Ford"",

  ""model"": ""Mustang"",

  ""year"": 1964

}
thisdict.clear()
print(thisdict)",Python Básico
97,Loop Dictionaries,https://www.w3schools.com/python/python_dictionaries_loop.asp,"Python - Loop Dictionaries
Loop Through a Dictionary
You can loop through a dictionary by using a for loop.
When looping through a dictionary, the return value are the keys of 
the dictionary, but there are methods to return the values as well.
Example
Print all key names in the dictionary, one by one:
Example
Print all values in the dictionary, one by one:
Example
You can also use the values() method to 
return values of a dictionary:
Example
You can use the keys() method to 
return the keys of a dictionary:
Example
Loop through both keys and values , by using the items() method:","for x in thisdict:
  print(x)
---
for x in thisdict:
  print(thisdict[x])
---
for x in thisdict.values():
  print(x)
---
for x in thisdict.keys():
  print(x)
---
for x, y in thisdict.items():
  print(x, y)",Python Básico
98,Copy Dictionaries,https://www.w3schools.com/python/python_dictionaries_copy.asp,"Python - Copy Dictionaries
Copy a Dictionary
You cannot copy a dictionary simply by typing dict2 = 
dict1 , because: dict2 will only be a reference to dict1 , and changes made in dict1 will automatically also be made in dict2 .
There are ways to make a copy, one way is to use the built-in Dictionary 
method copy() .
Example
Make a copy of a dictionary with the copy() method:
Another way to make a copy is to use the built-in function dict() .
Example
Make a copy of a dictionary with the dict() function:","thisdict =	{

  ""brand"": ""Ford"",

  ""model"": ""Mustang"",

  ""year"": 1964

}
mydict
  = thisdict.copy()

  print(mydict)
---
thisdict =	{

  ""brand"": ""Ford"",

  ""model"": ""Mustang"",

  ""year"": 1964

}
mydict
  = dict(thisdict)

  print(mydict)",Python Básico
99,Nested Dictionaries,https://www.w3schools.com/python/python_dictionaries_nested.asp,"Python - Nested Dictionaries
Nested Dictionaries
A dictionary can contain dictionaries, this is called nested 
dictionaries.
Example
Create a dictionary that contain three dictionaries:
Or, if you want to add three dictionaries into a new 
dictionary:
Example
Create three dictionaries, then create one dictionary that will contain the 
other three dictionaries:
Access Items in Nested Dictionaries
To access items from a nested dictionary, you use the name of the dictionaries, starting with the 
outer dictionary:
Example
Print the name of child 2:
Loop Through Nested Dictionaries
You can loop through a dictionary by using the items() method like this:
Example
Loop through the keys and values of all nested dictionaries:","myfamily = {
  ""child1"" : {
    ""name"" : ""Emil"",

      ""year"" : 2004
  },
  ""child2"" : {

  ""name"" : ""Tobias"",
    ""year"" : 2007
  },

  ""child3"" : {
    ""name"" : ""Linus"",

      ""year"" : 2011
  }
}
---
child1 = {
  ""name"" : ""Emil"",
  ""year"" : 2004
}
child2 = {

  ""name"" : ""Tobias"",
  ""year"" : 2007
}
child3 = {
  ""name"" : ""Linus"",

  ""year"" : 2011
}
myfamily = {
  ""child1"" : child1,

  ""child2"" : child2,
  ""child3"" : child3
}
---
print(myfamily[""child2""][""name""])
---
for x, obj in myfamily.items():

  print(x)



  for y in obj:

    print(y + ':', obj[y])",Python Básico
100,Dictionary Methods,https://www.w3schools.com/python/python_dictionaries_methods.asp,"Python Dictionary Methods
Dictionary Methods
Python has a set of built-in methods that you can use on dictionaries.
Method
Description
clear()
Removes all the elements from the dictionary
copy()
Returns a copy of the dictionary
fromkeys()
Returns a dictionary with the specified keys and value
get()
Returns the value of the specified key
items()
Returns a list containing a tuple for each key value pair
keys()
Returns a list containing the dictionary's keys
pop()
Removes the element with the specified key
popitem()
Removes the last 
  inserted key-value pair
setdefault()
Returns the value of the specified key. If the key does not exist: insert the key, with the specified value
update()
Updates the dictionary with the specified key-value pairs
values()
Returns a list of all the values in the dictionary",,Python Básico
101,Dictionary Exercises,https://www.w3schools.com/python/python_dictionaries_exercises.asp,"Python Dictionary Exercises
Test Yourself With Exercises
Now you have learned a lot about dictionaries, and how to use them in Python.
Are you ready for a test?
Test your Python Dictionary skills with exercises from all categories:
Exercises
Tip: Sign in to track your progress.
Dictionaries 3 exercises
Access Dictionaries 3 exercises
Change Dictionaries 3 exercises
Add Dictionary Items 3 exercises
Remove Dictionary Items 3 exercises
Loop Dictionaries 4 exercises
Copy Dictionaries 3 exercises
Nested Dictionaries 3 exercises
Log in to track your progress
If you haven't already, sign up to become a W3Schooler, and get points for every exercise you complete.
As a logged-in W3Schools user you will have access to many features like having your own web page , track your learning progress , receive personal guided paths , and more .
The Exercise
The exercises are a mix of ""multiple choice"" and ""fill in the blanks"" questions.
There are between 3 and 9 questions in each category.
The answer can be found in the corresponding tutorial chapter.
If you're stuck, or answer wrong, you can try again or hit the ""Show Answer"" button to see the correct answer.
More Exercises:
Find a complete collection of Python Exercises for each chapter in this tutorial in our Python Exercises page:",,Python Básico
102,Code Challenge,https://www.w3schools.com/python/python_challenges_dictionaries_basics.asp,"Python Dictionaries Code Challenge
Challenge: Dictionaries Basics
Test your understanding of creating, accessing, changing, adding, and removing dictionary items.",,Python Básico
103,Python If...Else,https://www.w3schools.com/python/python_conditions.asp,"Python If Statement
Python Conditions and If statements
Python supports the usual logical conditions from mathematics:
Equals: a == b
Not Equals: a != b
Less than: a < b
Less than or equal to: a <= b
Greater than: a > b
Greater than or equal to: a >= b
These conditions can be used in several ways, most commonly in ""if statements"" and loops.
An ""if statement"" is written by using the if keyword.
Example
If statement:
In this example we use two variables, a and b ,
which are used as part of the if statement to test whether b is greater than a .
As a is 33 , and b is 200 ,
we know that 200 is greater than 33, and so we print to screen that ""b is greater than a"".
How If Statements Work
The if statement evaluates a condition (an expression that results in True or False ). If the condition is true, the code block inside the if statement is executed. If the condition is false, the code block is skipped.
Example
Checking if a number is positive:
Indentation
Python relies on indentation (whitespace at the beginning of a line) to define scope in the code. Other programming languages often use curly-brackets for this purpose.
Example
If statement, without indentation (will raise an error):
Note: You can use spaces or tabs for indentation, but you must use the same amount of indentation for all statements within the same code block.
Multiple Statements in If Block
You can have multiple statements inside an if block. All statements must be indented at the same level.
Example
Multiple statements in an if block:
Using Variables in Conditions
Boolean variables can be used directly in if statements without comparison operators.
Example
Using a boolean variable:
Python can evaluate many types of values as True or False in an if statement.
Zero ( 0 ), empty strings ( """" ), None , and empty collections are treated as False . Everything else is treated as True .
This includes positive numbers ( 5 ), negative numbers ( -3 ), and any non-empty string (even ""False"" is treated as True because it's a non-empty string).","a = 33

b = 200

if b > a:
  print(""b is greater than a"")
---
number = 15

if number > 0:
  print(""The number is positive"")
---
a = 33

b = 200

if b > a:

print(""b is greater than a"")
# you will get an error
---
age = 20

if age >= 18:

  print(""You are an adult"")

  print(""You can vote"")

  print(""You have full legal rights"")
---
is_logged_in = True

if is_logged_in:

  print(""Welcome back!"")",Python Básico
