numero_leccion,titulo,url,descripcion,ejemplos_codigo,categoria
208,Matplotlib Grid,https://www.w3schools.com/python/matplotlib_grid.asp,"Matplotlib Adding Grid Lines
Add Grid Lines to a Plot
With Pyplot, you can use the grid() function to add grid lines to the plot.
Example
Add grid lines to the plot:
Result:
Specify Which Grid Lines to Display
You can use the axis parameter in
the grid() function to specify which grid lines 
to display.
Legal values are: 'x', 'y', and 'both'. Default value is 'both'.
Example
Display only grid lines for the x-axis:
Result:
Example
Display only grid lines for the y-axis:
Result:
Set Line Properties for the Grid
You can also set the line properties of the grid, like this: grid(color = ' color ', 
linestyle = ' linestyle ', linewidth = number ).
Example
Set the line properties of the grid:
Result:","import numpy as np
import matplotlib.pyplot as plt
x = np.array([80,
  85, 90, 95, 100, 105, 110, 115, 120, 125])
y = np.array([240, 250, 260,
  270, 280, 290, 300, 310, 320, 330])
plt.title(""Sports Watch Data"")

  plt.xlabel(""Average Pulse"")
plt.ylabel(""Calorie Burnage"")
plt.plot(x,
  y)
plt.grid()
plt.show()
---
import numpy as np
import matplotlib.pyplot as plt
x = np.array([80,
  85, 90, 95, 100, 105, 110, 115, 120, 125])
y = np.array([240, 250, 260,
  270, 280, 290, 300, 310, 320, 330])
plt.title(""Sports Watch Data"")

  plt.xlabel(""Average Pulse"")
plt.ylabel(""Calorie Burnage"")
plt.plot(x,
  y)
plt.grid(axis = 'x')
plt.show()
---
import numpy as np
import matplotlib.pyplot as plt
x = np.array([80,
  85, 90, 95, 100, 105, 110, 115, 120, 125])
y = np.array([240, 250, 260,
  270, 280, 290, 300, 310, 320, 330])
plt.title(""Sports Watch Data"")

  plt.xlabel(""Average Pulse"")
plt.ylabel(""Calorie Burnage"")
plt.plot(x,
  y)
plt.grid(axis = 'y')
plt.show()
---
import numpy as np
import matplotlib.pyplot as plt
x = np.array([80,
  85, 90, 95, 100, 105, 110, 115, 120, 125])
y = np.array([240, 250, 260,
  270, 280, 290, 300, 310, 320, 330])
plt.title(""Sports Watch Data"")
plt.xlabel(""Average
  Pulse"")
plt.ylabel(""Calorie Burnage"")
plt.plot(x,
  y)
plt.grid(color = 'green', linestyle = '--', linewidth = 0.5)
plt.show()",Python Avanzado
209,Matplotlib Subplot,https://www.w3schools.com/python/matplotlib_subplot.asp,"Matplotlib Subplot
Display Multiple Plots
With the subplot() function you can draw multiple plots in one figure:
Example
Draw 2 plots:
Result:
The subplot() Function
The subplot() function takes three arguments that describes the layout of the figure.
The layout is organized in rows and columns, which are represented by the first and second argument.
The third argument represents the index of the current plot.
So, if we want a figure with 2 rows an 1 column (meaning that the two plots will be displayed on top of each other instead of side-by-side),
we can write the syntax like this:
Example
Draw 2 plots on top of each other:
Result:
You can draw as many plots you like on one figure, just descibe the number of rows, columns, and the index of the plot.
Example
Draw 6 plots:
Result:
Title
You can add a title to each plot with the title() function:
Example
2 plots, with titles:
Result:
Super Title
You can add a title to the entire figure with the suptitle() function:
Example
Add a title for the entire figure:
Result:","import matplotlib.pyplot as plt
import numpy as np
#plot 1:
x =
  np.array([0, 1, 2, 3])
y = np.array([3, 8, 1, 10])
plt.subplot(1, 2, 1)

  plt.plot(x,y)
#plot 2:
x = np.array([0, 1, 2, 3])
y = np.array([10, 20, 30,
  40])
plt.subplot(1, 2, 2)
plt.plot(x,y)
plt.show()
---
import matplotlib.pyplot as plt
import numpy as np
#plot 1:
x =
  np.array([0, 1, 2, 3])
y = np.array([3, 8, 1, 10])
plt.subplot(2, 1, 1)

  plt.plot(x,y)
#plot 2:
x = np.array([0, 1, 2, 3])
y = np.array([10, 20, 30,
  40])
plt.subplot(2, 1, 2)
plt.plot(x,y)
plt.show()
---
import matplotlib.pyplot as plt
import numpy as np
x = np.array([0,
  1, 2, 3])
y = np.array([3, 8, 1, 10])
plt.subplot(2, 3, 1)

  plt.plot(x,y)
x = np.array([0, 1, 2, 3])
y = np.array([10, 20, 30,
  40])
plt.subplot(2, 3, 2)
plt.plot(x,y)
x = np.array([0, 1,
  2, 3])
y = np.array([3, 8, 1, 10])
plt.subplot(2, 3, 3)
plt.plot(x,y)


x = np.array([0, 1, 2, 3])
y = np.array([10, 20, 30, 40])

  plt.subplot(2, 3, 4)
plt.plot(x,y)
x = np.array([0, 1, 2, 3])
y =
  np.array([3, 8, 1, 10])
plt.subplot(2, 3, 5)
plt.plot(x,y)
x
  = np.array([0, 1, 2, 3])
y = np.array([10, 20, 30, 40])
plt.subplot(2,
  3, 6)
plt.plot(x,y)
plt.show()
---
import matplotlib.pyplot as plt
import numpy as np
#plot 1:
x =
  np.array([0, 1, 2, 3])
y = np.array([3, 8, 1, 10])
plt.subplot(1, 2, 1)

  plt.plot(x,y)
plt.title(""SALES"")
#plot 2:
x = np.array([0, 1, 2, 3])
y = np.array([10, 20, 30,
  40])
plt.subplot(1, 2, 2)
plt.plot(x,y)
plt.title(""INCOME"")


plt.show()
---
import matplotlib.pyplot as plt
import numpy as np
#plot 1:
x =
  np.array([0, 1, 2, 3])
y = np.array([3, 8, 1, 10])
plt.subplot(1, 2, 1)

  plt.plot(x,y)
plt.title(""SALES"")
#plot 2:
x = np.array([0, 1, 2, 3])
y = np.array([10, 20, 30,
  40])
plt.subplot(1, 2, 2)
plt.plot(x,y)
plt.title(""INCOME"")


plt.suptitle(""MY SHOP"")
plt.show()",Python Avanzado
210,Matplotlib Scatter,https://www.w3schools.com/python/matplotlib_scatter.asp,"Matplotlib Scatter
Creating Scatter Plots
With Pyplot, you can use the scatter() function 
to draw a scatter plot.
The scatter() function plots one dot for 
each observation. It needs two arrays of the same length, one for the values of 
the x-axis, and one for values on the y-axis:
Example
A simple scatter plot:
Result:
The observation in the example above is the result of 13 cars passing by.
The X-axis shows how old the car is.
The Y-axis shows the speed of the car when it passes.
Are there any relationships between the observations?
It seems that the newer the car, the faster it drives, but that could be a coincidence, after all we only registered 13 cars.
Compare Plots
In the example above, there seems to be a relationship between speed and age,
but what if we plot the observations from another day as well?
Will the scatter plot tell us something else?
Example
Draw two plots on the same figure:
Result:
Note: The two plots are plotted with two different colors, by default blue and orange, you will learn how to change colors later in this chapter.
By comparing the two plots, I think it is safe to say that they both gives us the same conclusion: the newer the car, the faster it drives.
Colors
You can set your own color for each scatter plot with the color or the c argument:
Example
Set your own color of the markers:
Result:
Color Each Dot
You can even set a specific color for each dot by using an array of colors as value for the c argument:
Note: You cannot use the color argument for this, only the c argument.
Example
Set your own color of the markers:
Result:
ColorMap
The Matplotlib module has a number of available colormaps.
A colormap is like a list of colors, where each color has a value that ranges 
from 0 to 100.
Here is an example of a colormap:
This colormap is called 'viridis' and as you can see it ranges from 0, which 
is a purple color, up to 100, which is a yellow color.
How to Use the ColorMap
You can specify the colormap with the keyword argument cmap with the value of the colormap, in this 
case 'viridis' which is one of the 
built-in colormaps available in Matplotlib.
In addition you have to create an array with values (from 0 to 100), one value for each point in the scatter plot:
Example
Create a color array, and specify a colormap in the scatter plot:
Result:
You can include the colormap in the drawing by including the plt.colorbar() statement:
Example
Include the actual colormap:
Result:
Available ColorMaps
You can choose any of the built-in colormaps:
Name
Reverse
Accent
Accent_r
Blues
Blues_r
BrBG
BrBG_r
BuGn
BuGn_r
BuPu
BuPu_r
CMRmap
CMRmap_r
Dark2
Dark2_r
GnBu
GnBu_r
Greens
Greens_r
Greys
Greys_r
OrRd
OrRd_r
Oranges
Oranges_r
PRGn
PRGn_r
Paired
Paired_r
Pastel1
Pastel1_r
Pastel2
Pastel2_r
PiYG
PiYG_r
PuBu
PuBu_r
PuBuGn
PuBuGn_r
PuOr
PuOr_r
PuRd
PuRd_r
Purples
Purples_r
RdBu
RdBu_r
RdGy
RdGy_r
RdPu
RdPu_r
RdYlBu
RdYlBu_r
RdYlGn
RdYlGn_r
Reds
Reds_r
Set1
Set1_r
Set2
Set2_r
Set3
Set3_r
Spectral
Spectral_r
Wistia
Wistia_r
YlGn
YlGn_r
YlGnBu
YlGnBu_r
YlOrBr
YlOrBr_r
YlOrRd
YlOrRd_r
afmhot
afmhot_r
autumn
autumn_r
binary
binary_r
bone
bone_r
brg
brg_r
bwr
bwr_r
cividis
cividis_r
cool
cool_r
coolwarm
coolwarm_r
copper
copper_r
cubehelix
cubehelix_r
flag
flag_r
gist_earth
gist_earth_r
gist_gray
gist_gray_r
gist_heat
gist_heat_r
gist_ncar
gist_ncar_r
gist_rainbow
gist_rainbow_r
gist_stern
gist_stern_r
gist_yarg
gist_yarg_r
gnuplot
gnuplot_r
gnuplot2
gnuplot2_r
gray
gray_r
hot
hot_r
hsv
hsv_r
inferno
inferno_r
jet
jet_r
magma
magma_r
nipy_spectral
nipy_spectral_r
ocean
ocean_r
pink
pink_r
plasma
plasma_r
prism
prism_r
rainbow
rainbow_r
seismic
seismic_r
spring
spring_r
summer
summer_r
tab10
tab10_r
tab20
tab20_r
tab20b
tab20b_r
tab20c
tab20c_r
terrain
terrain_r
twilight
twilight_r
twilight_shifted
twilight_shifted_r
viridis
viridis_r
winter
winter_r
Size
You can change the size of the dots with the s argument.
Just like colors, make sure the array for sizes has the same length as the arrays for the x- and y-axis:
Example
Set your own size for the markers:
Result:
Alpha
You can adjust the transparency of the dots with the alpha argument.
Just like colors, make sure the array for sizes has the same length as the arrays for the x- and y-axis:
Example
Set your own size for the markers:
Result:
Combine Color Size and Alpha
You can combine a colormap with different sizes of the dots. This is best visualized if the dots are transparent:
Example
Create random arrays with 100 values for x-points, y-points, colors and 
sizes:
Result:","import matplotlib.pyplot as plt
import numpy as np
x = np.array([5,7,8,7,2,17,2,9,4,11,12,9,6])
y = np.array([99,86,87,88,111,86,103,87,94,78,77,85,86])
plt.scatter(x, y)
plt.show()
---
import matplotlib.pyplot as plt
import numpy as np
#day one, the age
  and speed of 13 cars:
x = np.array([5,7,8,7,2,17,2,9,4,11,12,9,6])

  y = np.array([99,86,87,88,111,86,103,87,94,78,77,85,86])
plt.scatter(x,
  y)
#day two, the age and speed of 15 cars:
x = np.array([2,2,8,1,15,8,12,9,7,3,11,4,7,14,12])
y = np.array([100,105,84,105,90,99,90,95,94,100,79,112,91,80,85])

  plt.scatter(x, y)
plt.show()
---
import matplotlib.pyplot as plt
import numpy as np
x = np.array([5,7,8,7,2,17,2,9,4,11,12,9,6])

  y = np.array([99,86,87,88,111,86,103,87,94,78,77,85,86])
plt.scatter(x,
  y, color = 'hotpink')
x = np.array([2,2,8,1,15,8,12,9,7,3,11,4,7,14,12])
y = np.array([100,105,84,105,90,99,90,95,94,100,79,112,91,80,85])

  plt.scatter(x, y, color = '#88c999')
plt.show()
---
import matplotlib.pyplot as plt
import numpy as np
x = np.array([5,7,8,7,2,17,2,9,4,11,12,9,6])

  y = np.array([99,86,87,88,111,86,103,87,94,78,77,85,86])
colors = np.array([""red"",""green"",""blue"",""yellow"",""pink"",""black"",""orange"",""purple"",""beige"",""brown"",""gray"",""cyan"",""magenta""])


plt.scatter(x, y, c=colors)
plt.show()
---
import matplotlib.pyplot as plt
import numpy as np
x = np.array([5,7,8,7,2,17,2,9,4,11,12,9,6])

  y = np.array([99,86,87,88,111,86,103,87,94,78,77,85,86])
colors = np.array([0,
  10, 20, 30, 40, 45, 50, 55, 60, 70, 80, 90, 100])


plt.scatter(x, y, c=colors, cmap='viridis')
plt.show()
---
import matplotlib.pyplot as plt
import numpy as np
x = np.array([5,7,8,7,2,17,2,9,4,11,12,9,6])

  y = np.array([99,86,87,88,111,86,103,87,94,78,77,85,86])
colors = np.array([0,
  10, 20, 30, 40, 45, 50, 55, 60, 70, 80, 90, 100])


plt.scatter(x, y, c=colors, cmap='viridis')
plt.colorbar()
plt.show()
---
import matplotlib.pyplot as plt
import numpy as np
x = np.array([5,7,8,7,2,17,2,9,4,11,12,9,6])

  y = np.array([99,86,87,88,111,86,103,87,94,78,77,85,86])
sizes =
  np.array([20,50,100,200,500,1000,60,90,10,300,600,800,75])
plt.scatter(x,
  y, s=sizes)
plt.show()
---
import matplotlib.pyplot as plt
import numpy as np
x = np.array([5,7,8,7,2,17,2,9,4,11,12,9,6])

  y = np.array([99,86,87,88,111,86,103,87,94,78,77,85,86])
sizes =
  np.array([20,50,100,200,500,1000,60,90,10,300,600,800,75])
plt.scatter(x,
  y, s=sizes, alpha=0.5)
plt.show()
---
import matplotlib.pyplot as plt
import numpy as np
x =
  np.random.randint(100, size=(100))
y = np.random.randint(100, size=(100))

  colors = np.random.randint(100, size=(100))
sizes = 10 * np.random.randint(100,
  size=(100))
plt.scatter(x, y, c=colors, s=sizes, alpha=0.5, cmap='nipy_spectral')


plt.colorbar()
plt.show()",Python Avanzado
211,Matplotlib Bars,https://www.w3schools.com/python/matplotlib_bars.asp,"Matplotlib Bars
Creating Bars
With Pyplot, you can use the bar() function 
to draw bar graphs:
Example
Draw 4 bars:
Result:
The bar() function takes arguments that describes the 
layout of the bars.
The categories and their values represented by the first and second argument as arrays.
Example
Horizontal Bars
If you want the bars to be displayed horizontally instead of vertically,
use the barh() function:
Example
Draw 4 horizontal bars:
Result:
Bar Color
The bar() and barh() take the keyword argument color to set the color of the bars:
Example
Draw 4 red bars:
Result:
Color Names
You can use any of the 140 supported color names .
Example
Draw 4 ""hot pink"" bars:
Result:
Color Hex
Or you can use Hexadecimal color values :
Example
Draw 4 bars with a beautiful green color:
Result:
Bar Width
The bar() takes the keyword argument width to set the width of the bars:
Example
Draw 4 very thin bars:
Result:
The default width value is 0.8
Note: For horizontal bars, use height instead of width .
Bar Height
The barh() takes the keyword argument height to set the height of the bars:
Example
Draw 4 very thin bars:
Result:
The default height value is 0.8","import matplotlib.pyplot as plt
import numpy as np
x = np.array([""A"",
  ""B"", ""C"", ""D""])
y = np.array([3, 8, 1, 10])
plt.bar(x,y)
plt.show()
---
x = [""APPLES"", ""BANANAS""]

y = [400, 350]

plt.bar(x, y)
---
import matplotlib.pyplot as plt
import numpy as np
x = np.array([""A"",
  ""B"", ""C"", ""D""])
y = np.array([3, 8, 1, 10])
plt.barh(x, y)
plt.show()
---
import matplotlib.pyplot as plt
import numpy as np
x = np.array([""A"",
  ""B"", ""C"", ""D""])
y = np.array([3, 8, 1, 10])
plt.bar(x, y, color = ""red"")
plt.show()
---
import matplotlib.pyplot as plt
import numpy as np
x = np.array([""A"",
  ""B"", ""C"", ""D""])
y = np.array([3, 8, 1, 10])
plt.bar(x, y, color = ""hotpink"")
plt.show()
---
import matplotlib.pyplot as plt
import numpy as np
x = np.array([""A"",
  ""B"", ""C"", ""D""])
y = np.array([3, 8, 1, 10])
plt.bar(x, y, color = ""#4CAF50"")
plt.show()
---
import matplotlib.pyplot as plt
import numpy as np
x = np.array([""A"",
  ""B"", ""C"", ""D""])
y = np.array([3, 8, 1, 10])
plt.bar(x, y, width = 0.1)
plt.show()
---
import matplotlib.pyplot as plt
import numpy as np
x = np.array([""A"",
  ""B"", ""C"", ""D""])
y = np.array([3, 8, 1, 10])
plt.barh(x, y, height = 0.1)
plt.show()",Python Avanzado
212,Matplotlib Histograms,https://www.w3schools.com/python/matplotlib_histograms.asp,"Matplotlib Histograms
Histogram
A histogram is a graph showing frequency distributions.
It is a graph showing the number of observations within each given interval.
Example: Say you ask for the height of 250 people, you 
might end up with a histogram like this:
You can read from the histogram that there are approximately:
2 people from 140 to 145cm 5 people from 145 to 150cm 15 people from 
151 to 156cm 31 people from 157 to 162cm 46 people from 163 to 168cm 53 
people from 168 to 173cm 45 people from 173 to 178cm 28 people from 179 to 
184cm 21 people from 185 to 190cm 4 people from 190 to 195cm
Create Histogram
In Matplotlib, we use the hist() function to 
create histograms.
The hist() function will use an array of 
numbers to create a histogram, the array is sent into the function as an 
argument.
For simplicity we use NumPy to randomly generate an array with 250 values, 
where the values will concentrate around 170, and the standard deviation is 10. 
Learn more about Normal Data 
Distribution in our Machine Learning 
Tutorial .
Example
A Normal Data Distribution by NumPy:
Result:
This will generate a random result, and could look like this:
The hist() function will read the array and produce a histogram:
Example
A simple histogram:
Result:","import numpy as np
x =
  np.random.normal(170, 10, 250)
print(x)
---
import matplotlib.pyplot as plt
import numpy as np
x =
  np.random.normal(170, 10, 250)
plt.hist(x)
plt.show()
---
[167.62255766 175.32495609 152.84661337 165.50264047 163.17457988
   162.29867872 172.83638413 168.67303667 164.57361342 180.81120541
   170.57782187 167.53075749 176.15356275 176.95378312 158.4125473
   187.8842668  159.03730075 166.69284332 160.73882029 152.22378865
   164.01255164 163.95288674 176.58146832 173.19849526 169.40206527
   166.88861903 149.90348576 148.39039643 177.90349066 166.72462233
   177.44776004 170.93335636 173.26312881 174.76534435 162.28791953
   166.77301551 160.53785202 170.67972019 159.11594186 165.36992993
   178.38979253 171.52158489 173.32636678 159.63894401 151.95735707
   175.71274153 165.00458544 164.80607211 177.50988211 149.28106703
   179.43586267 181.98365273 170.98196794 179.1093176  176.91855744
   168.32092784 162.33939782 165.18364866 160.52300507 174.14316386
   163.01947601 172.01767945 173.33491959 169.75842718 198.04834503
   192.82490521 164.54557943 206.36247244 165.47748898 195.26377975
   164.37569092 156.15175531 162.15564208 179.34100362 167.22138242
   147.23667125 162.86940215 167.84986671 172.99302505 166.77279814
   196.6137667  159.79012341 166.5840824  170.68645637 165.62204521
   174.5559345  165.0079216  187.92545129 166.86186393 179.78383824
   161.0973573  167.44890343 157.38075812 151.35412246 171.3107829
   162.57149341 182.49985133 163.24700057 168.72639903 169.05309467
   167.19232875 161.06405208 176.87667712 165.48750185 179.68799986
   158.7913483  170.22465411 182.66432721 173.5675715  176.85646836
   157.31299754 174.88959677 183.78323508 174.36814558 182.55474697
   180.03359793 180.53094948 161.09560099 172.29179934 161.22665588
   171.88382477 159.04626132 169.43886536 163.75793589 157.73710983
   174.68921523 176.19843414 167.39315397 181.17128255 174.2674597
   186.05053154 177.06516302 171.78523683 166.14875436 163.31607668
   174.01429569 194.98819875 169.75129209 164.25748789 180.25773528
   170.44784934 157.81966006 171.33315907 174.71390637 160.55423274
   163.92896899 177.29159542 168.30674234 165.42853878 176.46256226
   162.61719142 166.60810831 165.83648812 184.83238352 188.99833856
   161.3054697  175.30396693 175.28109026 171.54765201 162.08762813
   164.53011089 189.86213299 170.83784593 163.25869004 198.68079225
   166.95154328 152.03381334 152.25444225 149.75522816 161.79200594
   162.13535052 183.37298831 165.40405341 155.59224806 172.68678385
   179.35359654 174.19668349 163.46176882 168.26621173 162.97527574
   192.80170974 151.29673582 178.65251432 163.17266558 165.11172588
   183.11107905 169.69556831 166.35149789 178.74419135 166.28562032
   169.96465166 178.24368042 175.3035525  170.16496554 158.80682882
   187.10006553 178.90542991 171.65790645 183.19289193 168.17446717
   155.84544031 177.96091745 186.28887898 187.89867406 163.26716924
   169.71242393 152.9410412  158.68101969 171.12655559 178.1482624
   187.45272185 173.02872935 163.8047623  169.95676819 179.36887054
   157.01955088 185.58143864 170.19037101 157.221245   168.90639755
   178.7045601  168.64074373 172.37416382 165.61890535 163.40873027
   168.98683006 149.48186389 172.20815568 172.82947206 173.71584064
   189.42642762 172.79575803 177.00005573 169.24498561 171.55576698
   161.36400372 176.47928342 163.02642822 165.09656415 186.70951892
   153.27990317 165.59289527 180.34566865 189.19506385 183.10723435
   173.48070474 170.28701875 157.24642079 157.9096498  176.4248199 ]",Python Avanzado
213,Matplotlib Pie Charts,https://www.w3schools.com/python/matplotlib_pie_charts.asp,"Matplotlib Pie Charts
Creating Pie Charts
With Pyplot, you can use the pie() function 
to draw pie charts:
Example
A simple pie chart:
Result:
As you can see the pie chart draws one piece (called a wedge) for each value 
in the array (in this case [35, 25, 25, 15]).
By default the plotting of the first wedge starts from the x-axis and moves counterclockwise :
Note: The size of each wedge is determined by comparing the value with all the other values, by using this formula:
The value divided by the sum of all values: x/sum(x)
Labels
Add labels to the pie chart with the labels parameter.
The labels parameter must be an array with one label for each wedge:
Example
A simple pie chart:
Result:
Start Angle
As mentioned the default start angle is at the x-axis, but you can change the start angle by specifying a startangle parameter.
The startangle parameter is defined with an angle in degrees, default angle is 0:
Example
Start the first wedge at 90 degrees:
Result:
Explode
Maybe you want one of the wedges to stand out? The explode parameter allows you to do that.
The explode parameter, if specified, and not None ,
must be an array with one value for each wedge.
Each value represents how far from the center each wedge is displayed:
Example
Pull the ""Apples"" wedge 0.2 from the center of the pie:
Result:
Shadow
Add a shadow to the pie chart by setting the shadows parameter to True :
Example
Add a shadow:
Result:
Colors
You can set the color of each wedge with the colors parameter.
The colors parameter, if specified, 
must be an array with one value for each wedge:
Example
Specify a new color for each wedge:
Result:
You can use Hexadecimal color values , any of the 140 supported color names , 
or one of these shortcuts:
'r' - Red 'g' - Green 'b' - Blue 'c' - Cyan 'm' - Magenta 'y' - Yellow 'k' - Black 'w' - White
Legend
To add a list of explanation for each wedge, use the legend() function:
Example
Add a legend:
Result:
Legend With Header
To add a header to the legend, add the title parameter to the legend function.
Example
Add a legend with a header:
Result:","import matplotlib.pyplot as plt
import numpy as np
y = np.array([35,
  25, 25, 15])
plt.pie(y)
plt.show()
---
import matplotlib.pyplot as plt
import numpy as np
y = np.array([35,
  25, 25, 15])
mylabels = [""Apples"", ""Bananas"", ""Cherries"", ""Dates""]
plt.pie(y,
  labels = mylabels)
plt.show()
---
import matplotlib.pyplot as plt
import numpy as np
y = np.array([35,
  25, 25, 15])
mylabels = [""Apples"", ""Bananas"", ""Cherries"", ""Dates""]
plt.pie(y,
  labels = mylabels, startangle = 90)
plt.show()
---
import matplotlib.pyplot as plt
import numpy as np
y = np.array([35,
  25, 25, 15])
mylabels = [""Apples"", ""Bananas"", ""Cherries"", ""Dates""]

  myexplode = [0.2, 0, 0, 0]
plt.pie(y,
  labels = mylabels, explode = myexplode)
plt.show()
---
import matplotlib.pyplot as plt
import numpy as np
y = np.array([35,
  25, 25, 15])
mylabels = [""Apples"", ""Bananas"", ""Cherries"", ""Dates""]

  myexplode = [0.2, 0, 0, 0]
plt.pie(y,
  labels = mylabels, explode = myexplode, shadow = True)
plt.show()
---
import matplotlib.pyplot as plt
import numpy as np
y = np.array([35,
  25, 25, 15])
mylabels = [""Apples"", ""Bananas"", ""Cherries"", ""Dates""]

  mycolors = [""black"", ""hotpink"", ""b"", ""#4CAF50""]
plt.pie(y, labels =
  mylabels, colors = mycolors)
plt.show()
---
import matplotlib.pyplot as plt
import numpy as np
y = np.array([35,
  25, 25, 15])
mylabels = [""Apples"", ""Bananas"", ""Cherries"", ""Dates""]


plt.pie(y, labels = mylabels)
plt.legend()
plt.show()
---
import matplotlib.pyplot as plt
import numpy as np
y = np.array([35,
  25, 25, 15])
mylabels = [""Apples"", ""Bananas"", ""Cherries"", ""Dates""]


plt.pie(y, labels = mylabels)
plt.legend(title = ""Four Fruits:"")
plt.show()",Python Avanzado
214,Getting Started,https://www.w3schools.com/python/python_ml_getting_started.asp,"Machine Learning
Machine Learning is making the computer learn from studying data and statistics.
Machine Learning is a step into the direction of artificial intelligence (AI).
Machine Learning is a program that analyses data and learns to predict the 
outcome.
Where To Start?
In this tutorial we will go back to mathematics and study statistics, and how to calculate 
important numbers based on data sets.
We will also learn how to use various Python modules to get the answers we 
need.
And we will learn how to make functions that are able to predict the outcome 
based on what we have learned.
Data Set
In the mind of a computer, a data set is any collection of data.
It can be anything from an array to a complete database.
Example of an array:
[99,86,87,88,111,86,103,87,94,78,77,85,86]
Example of a database:
Carname
Color
Age
Speed
AutoPass
BMW
red
5
99
Y
Volvo
black
7
86
Y
VW
gray
8
87
N
VW
white
7
88
Y
Ford
white
2
111
Y
VW
white
17
86
Y
Tesla
red
2
103
Y
BMW
black
9
87
Y
Volvo
gray
4
94
N
Ford
white
11
78
N
Toyota
gray
12
77
N
VW
white
9
85
N
Toyota
blue
6
86
Y
By looking at the array, we can guess that the average value is probably around 80 
or 90, and we are also able to determine the highest value and the lowest value, but what else can we do?
And by looking at the database we can see that the most popular color is white, and the oldest car is 17 years,
but what if we could predict if a car had an AutoPass, just by looking at the other values?
That is what Machine Learning is for! Analyzing data and predicting the outcome!
In Machine Learning it is common to work with very large data sets. In this 
  tutorial we will try to make it as easy as possible to understand the 
  different concepts of machine learning, and we will work with small 
  easy-to-understand data sets.
Data Types
To analyze data, it is important to know what type of data we are dealing with.
We can split the data types into three main categories:
Numerical
Categorical
Ordinal
Numerical data are numbers, and can be split into two 
numerical categories:
Discrete Data - counted data that are limited to integers. Example: The number 
of cars passing by.
Continuous Data - measured data that can be any number. Example: The 
  price of an item, or the size of an item
Categorical data are values that cannot be measured up 
against each other. Example: a color value, or any yes/no values.
Ordinal data are like categorical data, but can be measured 
up against each other. Example: school grades where A is better than B and so 
on.
By knowing the data type of your data source, you will be able to know what 
technique to use when analyzing them.
You will learn more about statistics and analyzing data in the next chapters.",,Python Avanzado
215,Mean Median Mode,https://www.w3schools.com/python/python_ml_mean_median_mode.asp,"Machine Learning - Mean Median Mode
Mean, Median, and Mode
What can we learn from looking at a group of numbers?
In Machine Learning (and in mathematics) there are often three values that 
interests us:
Mean - The average value
Median - The mid point value
Mode - The most common value
Example: We have registered the speed of 13 cars:
speed = [99,86,87,88,111,86,103,87,94,78,77,85,86]
What is the average, the middle, or the most common speed value?
Mean
The mean value is the average value.
To calculate the mean, find the sum of all values, and divide the sum by the number of values:
(99+86+87+88+111+86+103+87+94+78+77+85+86) / 13 = 
  89.77
The NumPy module has a method for this. Learn about the NumPy module in our NumPy Tutorial .
Example
Use the NumPy mean() method to find the 
average speed:
Median
The median value is the value in the middle, after you have sorted all the values:
77, 78, 85, 86, 86, 86, 87 , 87, 88, 94, 99, 103, 111
It is important that the numbers are sorted before you can find the median.
The NumPy module has a method for this:
Example
Use the NumPy median() method to find the 
middle value:
If there are two numbers in the middle, divide the sum of those numbers by 
  two.
77, 78, 85, 86, 86, 86, 87 , 
  87, 94, 98, 99, 103 (86 + 87) / 2 = 86.5
Example
Using the NumPy module:
Mode
The Mode value is the value that appears the most number of times:
99, 86 , 87, 88, 111, 86 , 103, 87, 94, 78, 77, 85, 86 = 86
The SciPy module has a method for this. Learn about the SciPy module in our SciPy Tutorial .
Example
Use the SciPy mode() method to find the 
number that appears the most:
Chapter Summary
The Mean, Median, and Mode are techniques that are often used in Machine 
Learning, so it is important to understand the concept behind them.","import numpy
speed = [99,86,87,88,111,86,103,87,94,78,77,85,86]


x = numpy.mean(speed)
print(x)
---
import numpy
speed = [99,86,87,88,111,86,103,87,94,78,77,85,86]


x = numpy.median(speed)
print(x)
---
import numpy
speed = [99,86,87,88,86,103,87,94,78,77,85,86]


x = numpy.median(speed)
print(x)
---
from scipy import stats
speed =
  [99,86,87,88,111,86,103,87,94,78,77,85,86]
x = stats.mode(speed)
print(x)",Python Avanzado
216,Standard Deviation,https://www.w3schools.com/python/python_ml_standard_deviation.asp,"Machine Learning - Standard Deviation
What is Standard Deviation?
Standard deviation is a number that describes how spread out the values are.
A low standard deviation means that most of the numbers are close to the mean (average) value.
A high standard deviation means that the values are spread out over a wider range.
Example: This time we have registered the speed of 7 cars:
speed = [86,87,88,86,87,85,86]
The standard deviation is:
0.9
Meaning that most of the values are within the range of 0.9 from the mean 
value, which is 86.4.
Let us do the same with a selection of numbers with a wider range:
speed = [32,111,138,28,59,77,97]
The standard deviation is:
37.85
Meaning that most of the values are within the range of 37.85 from the mean 
value, which is 77.4.
As you can see, a higher standard deviation indicates that the values are 
spread out over a wider range.
The NumPy module has a method to calculate the standard deviation:
Example
Use the NumPy std() method to find the 
standard deviation:
Example
Learn to Filter Data in Python Like a Data Analyst
Try a hands-on training sessions with step-by-step guidance from an expert. Try the guided project made in collaboration with Coursera now!
Variance
Variance is another number that indicates how spread out the values are.
In fact, if you take the square root of the variance, you get the standard 
deviation!
Or the other way around, if you multiply the standard deviation by itself, you get the 
variance!
To calculate the variance you have to do as follows:
1. Find the mean:
(32+111+138+28+59+77+97) / 7 = 77.4
2. For each value: find the difference from the mean:
32 - 77.4 = -45.4 111 - 77.4 =  33.6 138 
  - 77.4 =  60.6 28 - 77.4 = -49.4 59 - 77.4 = -18.4 77 
  - 77.4 = - 0.4 97 - 77.4 =  19.6
3. For each difference: find the square value:
(-45.4) 2 = 2061.16 (33.6) 2 = 1128.96 (60.6) 2 = 3672.36 (-49.4) 2 = 2440.36 (-18.4) 2 =  338.56 (- 0.4) 2 =    0.16 (19.6) 2 =  384.16
4. The variance is the average number of these squared differences:
(2061.16+1128.96+3672.36+2440.36+338.56+0.16+384.16) 
  / 7 = 1432.2
Luckily, NumPy has a method to calculate the variance:
Example
Use the NumPy var() method to find the variance:
Standard Deviation
As we have learned, the formula to find the standard deviation is the square root of the variance:
√ 1432.25 = 37.85
Or, as in the example from before, use the NumPy to calculate the standard deviation:
Example
Use the NumPy std() method to find the standard deviation:
Symbols
Standard Deviation is often represented by the symbol Sigma: σ
Variance is often represented by the symbol Sigma Squared: σ 2
Chapter Summary
The Standard Deviation and Variance are terms that are often used in Machine Learning, so it is important to understand how to get them, and the concept behind them.","import numpy
speed = [86,87,88,86,87,85,86]


x = numpy.std(speed)
print(x)
---
import numpy
speed = [32,111,138,28,59,77,97]


x = numpy.std(speed)
print(x)
---
import numpy
speed = [32,111,138,28,59,77,97]


x = numpy.var(speed)
print(x)",Python Avanzado
217,Percentile,https://www.w3schools.com/python/python_ml_percentile.asp,"Machine Learning - Percentiles
What are Percentiles?
Percentiles are used in statistics to give you a number that describes the 
value that a given percent of the values are lower than.
Example: Let's say we have an array that contains the ages of every person 
living on a street.
ages = [5,31,43,48,50,41,7,11,15,39,80,82,32,2,8,6,25,36,27,61,31]
What is the 75. percentile? The answer is 43, meaning that 75% of the people 
are 43 or younger.
The NumPy module has a method for finding the specified percentile:
Example
Use the NumPy percentile() method to find 
the percentiles:
Example
What is the age that 90% of the people are younger than?","import numpy
ages =
  [5,31,43,48,50,41,7,11,15,39,80,82,32,2,8,6,25,36,27,61,31]


x = numpy.percentile(ages, 75)
print(x)
---
import numpy
ages =
  [5,31,43,48,50,41,7,11,15,39,80,82,32,2,8,6,25,36,27,61,31]


x = numpy.percentile(ages, 90)
print(x)",Python Avanzado
218,Data Distribution,https://www.w3schools.com/python/python_ml_data_distribution.asp,"Machine Learning - Data Distribution
Data Distribution
Earlier in this tutorial we have worked with very small amounts of data in our examples, just to 
understand the different concepts.
In the real world, the data sets are much bigger, but it can be difficult to 
gather real world data, at least at an early stage of a project.
How Can we Get Big Data Sets?
To create big data sets for testing, we use the Python module NumPy, which 
comes with a number of methods to create random data sets, of any size.
Example
Create an array containing 250 random floats between 0 and 5:
Histogram
To visualize the data set we can draw a histogram with the data we collected.
We will use the Python module Matplotlib to draw a histogram.
Learn about the Matplotlib module in our Matplotlib Tutorial .
Example
Draw a histogram:
Result:
Histogram Explained
We use the array from the example above to draw a histogram with 5 bars.
The first bar represents how many values in the array are between 0 and 1.
The second bar represents how many values are between 1 and 2.
Etc.
Which gives us this result:
52 values are between 0 and 1
48 values are between 1 and 2
49 values are between 2 and 3
51 values are between 3 and 4
50 values are between 4 and 5
Note: The array values are random numbers and will not 
  show the exact same result on your computer.
Big Data Distributions
An array containing 250 values is not considered very big, but now you know how to create a random set of values, and by changing the parameters, you can create the data set 
as big as you want.
Example
Create an array with 100000 random numbers, and display them using a 
  histogram with 100 bars:","import numpy
x = numpy.random.uniform(0.0, 5.0, 250)


print(x)
---
import numpy
import matplotlib.pyplot as plt
x =
  numpy.random.uniform(0.0, 5.0, 250)
plt.hist(x, 5)
plt.show()
---
import numpy
import matplotlib.pyplot as plt
x =
  numpy.random.uniform(0.0, 5.0, 100000)
plt.hist(x, 100)
plt.show()",Python Avanzado
219,Normal Data Distribution,https://www.w3schools.com/python/python_ml_normal_data_distribution.asp,"Machine Learning - Normal Data Distribution
Normal Data Distribution
In the previous chapter we learned how to create a completely random array, of a given size, and between two given values.
In this chapter we will learn how to create an array where the values are concentrated around a given value.
In probability theory this kind of data distribution is known as the normal 
data distribution , or the Gaussian data distribution , after the mathematician 
Carl Friedrich Gauss who came up with the formula of this data distribution.
Example
A typical normal data distribution:
Result:
Note: A normal distribution graph is also known as the bell curve because of it's characteristic shape of a bell.
Histogram Explained
We use the array from the numpy.random.normal() method, with 100000 values,  to draw a histogram with 100 bars.
We specify that the mean value is 5.0, and the standard deviation is 1.0.
Meaning that the values should be concentrated around 5.0, and rarely further 
away than 1.0 from the mean.
And as you can see from the histogram, most values are between 4.0 and 6.0, 
with a top at approximately 5.0.","import numpy
import matplotlib.pyplot as plt
x =
  numpy.random.normal(5.0, 1.0, 100000)
plt.hist(x, 100)
plt.show()",Python Avanzado
220,Scatter Plot,https://www.w3schools.com/python/python_ml_scatterplot.asp,"Machine Learning - Scatter Plot
Scatter Plot
A scatter plot is a diagram where each value in the data set is represented by a dot.
The Matplotlib module has a method for drawing scatter plots, it needs two arrays of 
the same length, one for the values of the x-axis, and one for the values of the 
y-axis:
x = [5,7,8,7,2,17,2,9,4,11,12,9,6]
y = [99,86,87,88,111,86,103,87,94,78,77,85,86]
The x array represents the age of each car.
The y array represents the speed of each car.
Example
Use the scatter() method to draw a scatter 
  plot diagram:
Result:
Scatter Plot Explained
The x-axis represents ages, and the y-axis represents speeds.
What we can read from the diagram is that the two fastest cars were both 2 
years old, and the slowest car was 12 years old.
Note: It seems that the newer the car, the faster it 
  drives, but that could be a coincidence, after all we only registered 13 cars.
Random Data Distributions
In Machine Learning the data sets can contain thousands-, or even millions, of values.
You might not have real world data when you are testing an algorithm, you 
might have to use randomly generated values.
As we have learned in the previous chapter, the NumPy module can help us with that!
Let us create two arrays that are both filled with 1000 random numbers from a 
normal data distribution.
The first array will have the mean set to 5.0 with a standard deviation of 
1.0.
The second array will have the mean set to 10.0 with a standard 
deviation of 2.0:
Example
A scatter plot with 1000 dots:
Result:
Scatter Plot Explained
We can see that the dots are concentrated around the value 5 on the x-axis, 
and 10 on the y-axis.
We can also see that the spread is wider on the y-axis than on the x-axis.","import matplotlib.pyplot as plt
x =
  [5,7,8,7,2,17,2,9,4,11,12,9,6]
y =
  [99,86,87,88,111,86,103,87,94,78,77,85,86]
plt.scatter(x, y)

  plt.show()
---
import numpy
import matplotlib.pyplot as plt
x = numpy.random.normal(5.0,
  1.0, 1000)
y = numpy.random.normal(10.0, 2.0, 1000)
plt.scatter(x, y)

  plt.show()",Python Avanzado
221,Linear Regression,https://www.w3schools.com/python/python_ml_linear_regression.asp,"Machine Learning - Linear Regression
Regression
The term regression is used when you try to find the relationship between variables.
In Machine Learning, and in statistical modeling, that relationship is used to predict the outcome of future events.
Linear Regression
Linear regression uses the relationship between the data-points to draw a straight line through 
all them.
This line can be used to predict future values.
In Machine Learning, predicting the future is very important.
How Does it Work?
Python has methods for finding a relationship between data-points and to draw a line of linear regression. 
We will show you 
how to use these methods instead of going through the mathematic formula.
In the example below, the x-axis represents age, and the y-axis represents speed. We have registered the age and speed of 13 cars as they were passing a 
tollbooth. Let us see if the data we collected could be used in a linear 
regression:
Example
Start by drawing a scatter plot:
Result:
Example
Import scipy and draw the line of Linear Regression:
Result:
Example Explained
Import the modules you need.
You can learn about the Matplotlib module in our Matplotlib Tutorial .
You can learn about the SciPy module in our SciPy Tutorial .
import matplotlib.pyplot as plt from scipy 
  import stats
Create the arrays that represent the values of the x and y axis:
x = [5,7,8,7,2,17,2,9,4,11,12,9,6] y = [99,86,87,88,111,86,103,87,94,78,77,85,86]
Execute a method that returns some important key values of Linear Regression:
slope, intercept, r, 
  p, std_err = stats.linregress(x, y)
Create a function that uses the slope and intercept values to return a new value. This 
new value represents where on the y-axis the corresponding x value will be 
placed:
def myfunc(x): return slope * x + intercept
Run each value of the x array through the function. This will result in a new 
array with new values for the y-axis:
mymodel = list(map(myfunc, x))
Draw the original scatter plot:
plt.scatter(x, y)
Draw the line of linear regression:
plt.plot(x, mymodel)
Display the diagram:
plt.show()
R for Relationship
It is important to know how the relationship between the values of the 
x-axis and the values of the y-axis is, if there are no relationship the linear 
regression can not be used to predict anything.
This relationship - the coefficient of correlation - is called r .
The r value ranges from -1 to 1, where 0 means no relationship, and 1 
(and -1) 
means 100% related.
Python and the Scipy module will compute this value for you, all you have to 
do is feed it with the x and y values.
Example
How well does my data fit in a linear regression?
Note: The result -0.76 shows that there is a relationship, 
  not perfect, but it indicates that we could use linear regression in future 
  predictions.
Predict Future Values
Now we can use the information we have gathered to predict future values.
Example: Let us try to predict the speed of a 10 years old car.
To do so, we need the same myfunc() function 
from the example above:
def myfunc(x): return slope * x + intercept
Example
Predict the speed of a 10 years old car:
The example predicted a speed at 85.6, which we also could read from the 
diagram:
Bad Fit?
Let us create an example where linear regression would not be the best method 
to predict future values.
Example
These values for the x- and y-axis should result in a very bad fit for linear 
  regression:
Result:
And the r for relationship?
Example
You should get a very low r value.
The result: 0.013 indicates a very bad relationship, and tells us that this data set is not suitable for linear regression.","import matplotlib.pyplot as plt
x = [5,7,8,7,2,17,2,9,4,11,12,9,6]
y =
  [99,86,87,88,111,86,103,87,94,78,77,85,86]
plt.scatter(x, y)
plt.show()
---
import matplotlib.pyplot as plt
from scipy import stats


x = [5,7,8,7,2,17,2,9,4,11,12,9,6]
y =
  [99,86,87,88,111,86,103,87,94,78,77,85,86]
slope, intercept, r,
  p, std_err = stats.linregress(x, y)
def myfunc(x):

  return slope * x + intercept
mymodel = list(map(myfunc, x))

  plt.scatter(x, y)
plt.plot(x, mymodel)
plt.show()
---
from scipy import stats
x =
  [5,7,8,7,2,17,2,9,4,11,12,9,6]
y =
  [99,86,87,88,111,86,103,87,94,78,77,85,86]
slope, intercept, r,
  p, std_err = stats.linregress(x, y)
print(r)
---
from scipy import stats


x = [5,7,8,7,2,17,2,9,4,11,12,9,6]
y =
  [99,86,87,88,111,86,103,87,94,78,77,85,86]
slope, intercept, r,
  p, std_err = stats.linregress(x, y)
def myfunc(x):

  return slope * x + intercept
speed = myfunc(10)

  print(speed)
---
import matplotlib.pyplot as plt
from scipy import stats


x = [89,43,36,36,95,10,66,34,38,20,26,29,48,64,6,5,36,66,72,40]
y =
  [21,46,3,35,67,95,53,72,58,10,26,34,90,33,38,20,56,2,47,15]
slope,
  intercept, r, p, std_err = stats.linregress(x, y)
def
  myfunc(x):
  return slope * x + intercept
mymodel = list(map(myfunc,
  x))
plt.scatter(x, y)
plt.plot(x, mymodel)
plt.show()
---
import numpy
from scipy import stats
x =
  [89,43,36,36,95,10,66,34,38,20,26,29,48,64,6,5,36,66,72,40]
y =
  [21,46,3,35,67,95,53,72,58,10,26,34,90,33,38,20,56,2,47,15]
slope, intercept, r,
  p, std_err = stats.linregress(x, y)
print(r)",Python Avanzado
222,Polynomial Regression,https://www.w3schools.com/python/python_ml_polynomial_regression.asp,"Machine Learning - Polynomial Regression
Polynomial Regression
If your data points clearly will not fit a linear regression (a straight line 
through all data points), it might be ideal for polynomial regression.
Polynomial regression, like linear regression, uses the relationship between the 
variables x and y to find the best way to draw a line through the data points.
How Does it Work?
Python has methods for finding a relationship between data-points and to draw 
a line of polynomial regression. We will show you how to use these methods 
instead of going through the mathematic formula.
In the example below, we have registered 18 cars as they were passing a 
certain tollbooth.
We have registered the car's speed, and the time of day (hour) the passing 
occurred.
The x-axis represents the hours of the day and the y-axis represents the 
speed:
Example
Start by drawing a scatter plot:
Result:
Example
Import numpy and matplotlib then draw the line of 
  Polynomial Regression:
Result:
Example Explained
Import the modules you need.
You can learn about the NumPy module in our NumPy Tutorial .
You can learn about the SciPy module in our SciPy Tutorial .
import numpy import matplotlib.pyplot as plt
Create the arrays that represent the values of the x and y axis:
x = [1,2,3,5,6,7,8,9,10,12,13,14,15,16,18,19,21,22] y = 
  [100,90,80,60,60,55,60,65,70,70,75,76,78,79,90,99,99,100]
NumPy has a method that lets us make a polynomial model:
mymodel = 
  numpy.poly1d(numpy.polyfit(x, y, 3))
Then specify how the line will display, we start at position 1, and end at 
position 22:
myline = numpy.linspace(1, 22, 100)
Draw the original scatter plot:
plt.scatter(x, y)
Draw the line of polynomial regression:
plt.plot(myline, mymodel(myline))
Display the diagram:
plt.show()
R-Squared
It is important to know how well the relationship between the values of the 
x- and y-axis is, if there are no relationship the 
polynomial 
regression can not be used to predict anything.
The relationship is measured with a value called the r-squared.
The r-squared value ranges from 0 to 1, where 0 means no relationship, and 1 
means 100% related.
Python and the Sklearn module will compute this value for you, all you have to 
do is feed it with the x and y arrays:
Example
How well does my data fit in a polynomial regression?
Note: The result 0.94 shows that there is a very good relationship, 
  and we can use polynomial regression in future 
  predictions.
Predict Future Values
Now we can use the information we have gathered to predict future values.
Example: Let us try to predict the speed of a car that passes the tollbooth 
at around the time 17:00:
To do so, we need the same mymodel array 
from the example above:
mymodel = numpy.poly1d(numpy.polyfit(x, y, 3))
Example
Predict the speed of a car passing at 17:00:
The example predicted a speed to be 88.87, which we also could read from the diagram:
Bad Fit?
Let us create an example where polynomial regression would not be the best method 
to predict future values.
Example
These values for the x- and y-axis should result in a very bad fit for 
  polynomial 
  regression:
Result:
And the r-squared value?
Example
You should get a very low r-squared value.
The result: 0.00995 indicates a very bad relationship, and tells us that this data set is not suitable for polynomial regression.","import matplotlib.pyplot as plt
x = [1,2,3,5,6,7,8,9,10,12,13,14,15,16,18,19,21,22]
y = [100,90,80,60,60,55,60,65,70,70,75,76,78,79,90,99,99,100]

  plt.scatter(x, y)
plt.show()
---
import numpy
import matplotlib.pyplot as plt
x = [1,2,3,5,6,7,8,9,10,12,13,14,15,16,18,19,21,22]
y =
  [100,90,80,60,60,55,60,65,70,70,75,76,78,79,90,99,99,100]
mymodel =
  numpy.poly1d(numpy.polyfit(x, y, 3))
myline = numpy.linspace(1, 22, 100)
plt.scatter(x, y)
plt.plot(myline, mymodel(myline))

  plt.show()
---
import numpy
from sklearn.metrics import r2_score
x =
  [1,2,3,5,6,7,8,9,10,12,13,14,15,16,18,19,21,22]
y =
  [100,90,80,60,60,55,60,65,70,70,75,76,78,79,90,99,99,100]
mymodel =
  numpy.poly1d(numpy.polyfit(x, y, 3))
print(r2_score(y, mymodel(x)))
---
import numpy
from sklearn.metrics import r2_score
x =
  [1,2,3,5,6,7,8,9,10,12,13,14,15,16,18,19,21,22]
y =
  [100,90,80,60,60,55,60,65,70,70,75,76,78,79,90,99,99,100]
mymodel =
  numpy.poly1d(numpy.polyfit(x, y, 3))
speed = mymodel(17)
print(speed)
---
import numpy
import matplotlib.pyplot as plt
x =
  [89,43,36,36,95,10,66,34,38,20,26,29,48,64,6,5,36,66,72,40]
y =
  [21,46,3,35,67,95,53,72,58,10,26,34,90,33,38,20,56,2,47,15]
mymodel =
  numpy.poly1d(numpy.polyfit(x, y, 3))
myline = numpy.linspace(2, 95, 100)


plt.scatter(x, y)
plt.plot(myline, mymodel(myline))
plt.show()
---
import numpy
from sklearn.metrics import r2_score
x =
  [89,43,36,36,95,10,66,34,38,20,26,29,48,64,6,5,36,66,72,40]
y =
  [21,46,3,35,67,95,53,72,58,10,26,34,90,33,38,20,56,2,47,15]
mymodel =
  numpy.poly1d(numpy.polyfit(x, y, 3))
print(r2_score(y, mymodel(x)))",Python Avanzado
223,Multiple Regression,https://www.w3schools.com/python/python_ml_multiple_regression.asp,"Machine Learning - Multiple Regression
Multiple Regression
Multiple regression is like linear regression , but with more than one 
independent value, meaning that we try to predict a value based on two 
or more variables.
Take a look at the data set below, it contains some information about cars.
Car
Model
Volume
Weight
CO2
Toyota
Aygo
1000
790
99
Mitsubishi
Space Star
1200
1160
95
Skoda
Citigo
1000
929
95
Fiat
500
900
865
90
Mini
Cooper
1500
1140
105
VW
Up!
1000
929
105
Skoda
Fabia
1400
1109
90
Mercedes
A-Class
1500
1365
92
Ford
Fiesta
1500
1112
98
Audi
A1
1600
1150
99
Hyundai
I20
1100
980
99
Suzuki
Swift
1300
990
101
Ford
Fiesta
1000
1112
99
Honda
Civic
1600
1252
94
Hundai
I30
1600
1326
97
Opel
Astra
1600
1330
97
BMW
1
1600
1365
99
Mazda
3
2200
1280
104
Skoda
Rapid
1600
1119
104
Ford
Focus
2000
1328
105
Ford
Mondeo
1600
1584
94
Opel
Insignia
2000
1428
99
Mercedes
C-Class
2100
1365
99
Skoda
Octavia
1600
1415
99
Volvo
S60
2000
1415
99
Mercedes
CLA
1500
1465
102
Audi
A4
2000
1490
104
Audi
A6
2000
1725
114
Volvo
V70
1600
1523
109
BMW
5
2000
1705
114
Mercedes
E-Class
2100
1605
115
Volvo
XC70
2000
1746
117
Ford
B-Max
1600
1235
104
BMW
2
1600
1390
108
Opel
Zafira
1600
1405
109
Mercedes
SLK
2500
1395
120
We can predict the CO2 emission of a car based on 
the size of the engine, but with multiple regression we can throw in more 
variables, like the weight of the car, to make the prediction more accurate.
How Does it Work?
In Python we have modules that will do the work for us. Start by importing 
the Pandas module.
import pandas
Learn about the Pandas module in our Pandas Tutorial .
The Pandas module allows us to read csv files and return a DataFrame object.
The file is meant for testing purposes only, you can download it here: data.csv
df = pandas.read_csv(""data.csv"")
Then make a list of the independent values and call this 
variable X .
Put the dependent values in a variable called y .
X = df[['Weight', 'Volume']] y = df['CO2']
Tip: It is common to name the list of independent values with a upper 
case X, and the list of dependent values with a lower case y.
We will use some methods from the sklearn module, so we will have to import that module as well:
from sklearn import linear_model
From the sklearn module we will use the LinearRegression() method 
to create a linear regression object.
This object has a method called fit() that takes 
the independent and dependent values as parameters and fills the regression object with data that describes the relationship:
regr = linear_model.LinearRegression() regr.fit(X, y)
Now we have a regression object that are ready to predict CO2 values based on 
a car's weight and volume:
#predict the CO2 emission of a car where the weight 
  is 2300kg, and the volume is 1300cm 3 : predictedCO2 = regr.predict([[2300, 1300]])
Example
See the whole example in action:
Result:
We have predicted that a car with 1.3 liter engine, and a weight of 2300 kg, will release approximately 107 grams of CO2 for every 
kilometer it drives.
Coefficient
The coefficient is a factor that describes the relationship 
with an unknown variable.
Example: if x is a variable, then 2x is x two 
times. x is the unknown variable, and the 
number 2 is the coefficient.
In this case, we can ask for the coefficient value of weight against CO2, and 
for volume against CO2. The answer(s) we get tells us what would happen if we 
increase, or decrease, one of the independent values.
Example
Print the coefficient values of the regression object:
Result:
Result Explained
The result array represents the coefficient values of weight and volume.
Weight: 0.00755095 Volume: 0.00780526
These values tell us that if the weight increase by 1kg, the CO2 
emission increases by 0.00755095g.
And if the engine size (Volume) increases by 1cm 3 , the CO2 emission 
increases by 0.00780526g.
I think that is a fair guess, but let test it!
We have already predicted that if a car with a 1300cm 3 engine weighs 2300kg, the CO2 emission will be approximately 107g.
What if we increase the weight with 1000kg?
Example
Copy the example from before, but change the weight from 2300 to 3300:
Result:
We have predicted that a car with 1.3 liter engine, and a weight of 
3300 kg, will release approximately 115 grams of CO2 for every kilometer it drives.
Which shows that the coefficient of 0.00755095 is correct:
107.2087328 + (1000 * 0.00755095) = 114.75968","import pandas
from sklearn import linear_model
df = pandas.read_csv(""data.csv"")


X = df[['Weight', 'Volume']]
y = df['CO2']
regr =
  linear_model.LinearRegression()
regr.fit(X, y)
#predict the CO2
  emission of a car where the weight is 2300kg, and the volume is 1300cm
3
:

  predictedCO2 = regr.predict([[2300, 1300]])


print(predictedCO2)
---
import pandas
from sklearn import linear_model
df = pandas.read_csv(""data.csv"")


X = df[['Weight', 'Volume']]
y = df['CO2']
regr =
  linear_model.LinearRegression()
regr.fit(X, y)
print(regr.coef_)
---
import pandas
from sklearn import linear_model
df = pandas.read_csv(""data.csv"")


X = df[['Weight', 'Volume']]
y = df['CO2']
regr =
  linear_model.LinearRegression()
regr.fit(X, y)
predictedCO2 = regr.predict([[3300, 1300]])


print(predictedCO2)
---
[107.2087328]
---
[0.00755095 0.00780526]
---
[114.75968007]",Python Avanzado
224,Scale,https://www.w3schools.com/python/python_ml_scale.asp,"Machine Learning - Scale
Scale Features
When your data has different values, and even different measurement units, it can be difficult to 
compare them. What is kilograms compared to meters? Or altitude compared to time?
The answer to this problem is scaling. We can scale data into new values that are easier to 
compare.
Take a look at the table below, it is the same data set that we used in the multiple regression chapter , but this time the volume column 
contains values in liters instead of cm 3 (1.0 instead of 1000).
Car
Model
Volume
Weight
CO2
Toyota
Aygo
1.0
790
99
Mitsubishi
Space Star
1.2
1160
95
Skoda
Citigo
1.0
929
95
Fiat
500
0.9
865
90
Mini
Cooper
1.5
1140
105
VW
Up!
1.0
929
105
Skoda
Fabia
1.4
1109
90
Mercedes
A-Class
1.5
1365
92
Ford
Fiesta
1.5
1112
98
Audi
A1
1.6
1150
99
Hyundai
I20
1.1
980
99
Suzuki
Swift
1.3
990
101
Ford
Fiesta
1.0
1112
99
Honda
Civic
1.6
1252
94
Hundai
I30
1.6
1326
97
Opel
Astra
1.6
1330
97
BMW
1
1.6
1365
99
Mazda
3
2.2
1280
104
Skoda
Rapid
1.6
1119
104
Ford
Focus
2.0
1328
105
Ford
Mondeo
1.6
1584
94
Opel
Insignia
2.0
1428
99
Mercedes
C-Class
2.1
1365
99
Skoda
Octavia
1.6
1415
99
Volvo
S60
2.0
1415
99
Mercedes
CLA
1.5
1465
102
Audi
A4
2.0
1490
104
Audi
A6
2.0
1725
114
Volvo
V70
1.6
1523
109
BMW
5
2.0
1705
114
Mercedes
E-Class
2.1
1605
115
Volvo
XC70
2.0
1746
117
Ford
B-Max
1.6
1235
104
BMW
2
1.6
1390
108
Opel
Zafira
1.6
1405
109
Mercedes
SLK
2.5
1395
120
It can be difficult to compare the volume 1.0 with the weight 790, but if we 
scale them both into comparable values, we can easily see how much one value 
is compared to the other.
There are different methods for scaling data, in this tutorial we will use a 
method called standardization.
The standardization method  
uses this formula:
z = (x - u) / s
Where z is the new value, x is the original value, u is the mean and s is the 
standard deviation.
If you take the weight column from the data set above, the first value 
is 790, and the scaled value will be:
If you take the volume column from the data set above, the first value 
is 1.0, and the scaled value 
will be:
(1.0 - 1.61 ) / 0.38 = -1.59
Now you can compare -2.1 with -1.59 instead of comparing 790 with 1.0.
You do not have to do this manually,
the Python sklearn module has a method called StandardScaler() which returns a Scaler object with methods for transforming data sets.
Example
Scale all values in the Weight and Volume columns:
Result:
Note that the first two values are -2.1 and -1.59, which corresponds to our 
  calculations:
Predict CO2 Values
The task in the Multiple Regression chapter was to predict the CO2 emission from a car 
when you only knew its weight and volume.
When the data set is scaled, you will have to use the scale when you predict values:
Example
Predict the CO2 emission from a 1.3 liter car that weighs 2300 kilograms:
Result:","import pandas
from sklearn import linear_model
from
  sklearn.preprocessing import StandardScaler
scale = StandardScaler()


df = pandas.read_csv(""data.csv"")
X = df[['Weight', 'Volume']]


scaledX = scale.fit_transform(X)

  print(scaledX)
---
import pandas
from sklearn import linear_model
from
  sklearn.preprocessing import StandardScaler
scale = StandardScaler()


df = pandas.read_csv(""data.csv"")
X = df[['Weight', 'Volume']]

  y = df['CO2']


scaledX = scale.fit_transform(X)

  regr = linear_model.LinearRegression()
regr.fit(scaledX, y)
scaled =
  scale.transform([[2300, 1.3]])
predictedCO2 = regr.predict([scaled[0]])

  print(predictedCO2)
---
[[-2.10389253 -1.59336644]
 [-0.55407235 -1.07190106]
 [-1.52166278 -1.59336644]
 [-1.78973979 -1.85409913]
 [-0.63784641 -0.28970299]
 [-1.52166278 -1.59336644]
 [-0.76769621 -0.55043568]
 [ 0.3046118  -0.28970299]
 [-0.7551301  -0.28970299]
 [-0.59595938 -0.0289703 ]
 [-1.30803892 -1.33263375]
 [-1.26615189 -0.81116837]
 [-0.7551301  -1.59336644]
 [-0.16871166 -0.0289703 ]
 [ 0.14125238 -0.0289703 ]
 [ 0.15800719 -0.0289703 ]
 [ 0.3046118  -0.0289703 ]
 [-0.05142797  1.53542584]
 [-0.72580918 -0.0289703 ]
 [ 0.14962979  1.01396046]
 [ 1.2219378  -0.0289703 ]
 [ 0.5685001   1.01396046]
 [ 0.3046118   1.27469315]
 [ 0.51404696 -0.0289703 ]
 [ 0.51404696  1.01396046]
 [ 0.72348212 -0.28970299]
 [ 0.8281997   1.01396046]
 [ 1.81254495  1.01396046]
 [ 0.96642691 -0.0289703 ]
 [ 1.72877089  1.01396046]
 [ 1.30990057  1.27469315]
 [ 1.90050772  1.01396046]
 [-0.23991961 -0.0289703 ]
 [ 0.40932938 -0.0289703 ]
 [ 0.47215993 -0.0289703 ]
 [ 0.4302729   2.31762392]]
---
[107.2087328]",Python Avanzado
225,Train/Test,https://www.w3schools.com/python/python_ml_train_test.asp,"Machine Learning - Train/Test
Evaluate Your Model
In Machine Learning we create models to predict the outcome of certain events,
like in the previous chapter where we predicted the CO2 emission of a car when we knew
the weight and engine size.
To measure if the model is good enough, we can use a method called Train/Test.
What is Train/Test
Train/Test is a method to measure the accuracy of your model.
It is called Train/Test because you split the data set into two sets: a training set and a testing set.
80% for training, and 20% for testing.
You train the model using the training set.
You test the model using the testing set.
Train the model means create the model.
Test the model means test the accuracy of the model.
Start With a Data Set
Start with a data set you want to test.
Our data set illustrates 100 customers in a shop, and their shopping habits.
Example
Result:
The x axis represents the number of minutes before making a purchase.
The y axis represents the amount of money spent on the purchase.
Split Into Train/Test
The training set should be a random selection of 80% of the original data.
The testing set should be the remaining 20%.
train_x = x[:80] train_y = y[:80] test_x = x[80:] test_y = y[80:]
Display the Training Set
Display the same scatter plot with the training set:
Example
Result:
It looks like the original data set, so it seems to be a fair 
selection:
Display the Testing Set
To make sure the testing set is not completely different, we will take a look at the testing set as well.
Example
Result:
The testing set also looks like the original data set:
Fit the Data Set
What does the data set look like? In my opinion I think the best fit would be 
a polynomial regression , so let us draw a line of polynomial regression.
To draw a line through the data points, we use the plot() method of the matplotlib module:
Example
Draw a polynomial regression line through the data points:
Result:
The result can back my suggestion of the data set fitting a polynomial 
regression, even though it would give us some weird results if we try to predict 
values outside of the data set. Example: the line indicates that a customer 
spending 6 minutes in the shop would make a purchase worth 200. That is probably 
a sign of overfitting.
But what about the R-squared score? The R-squared score is a good indicator 
of how well my data set is fitting the model.
R2
Remember R2, also known as R-squared?
It measures the relationship between the x axis and the y 
axis, and the value ranges from 0 to 1, where 0 means no relationship, and 1 
means totally related.
The sklearn module has a method called r2_score() that will help us find this relationship.
In this case we would like to measure the relationship  
between the minutes a customer stays in the shop and how much money they spend.
Example
How well does my training data fit in a polynomial regression?
Note: The result 0.799 shows that there is a OK relationship.
Bring in the Testing Set
Now we have made a model that is OK, at least when it comes to training data.
Now we want to test the model with the testing data as well, to see if gives us the 
same result.
Example
Let us find the R2 score when using testing data:
Note: The result 0.809 shows that the model fits the 
  testing set as well, and we are confident that we can use the model to predict 
  future values.
Predict Values
Now that we have established that our model is OK, we can start predicting 
new values.
Example
How much money will a buying customer spend, if she or he stays in the shop 
  for 5 minutes?
The example predicted the customer to spend 22.88 dollars, as seems to correspond to the diagram:","import numpy
import matplotlib.pyplot as plt
numpy.random.seed(2)


x = numpy.random.normal(3, 1, 100)
y = numpy.random.normal(150, 40,
  100) / x
plt.scatter(x, y)
plt.show()
---
plt.scatter(train_x,
  train_y)
plt.show()
---
plt.scatter(test_x,
  test_y)
plt.show()
---
import numpy
import
  matplotlib.pyplot as plt
numpy.random.seed(2)
x =
  numpy.random.normal(3, 1, 100)
y = numpy.random.normal(150, 40, 100) / x


train_x = x[:80]
train_y = y[:80]
test_x = x[80:]
test_y =
  y[80:]
mymodel = numpy.poly1d(numpy.polyfit(train_x, train_y, 4))


myline = numpy.linspace(0, 6, 100)
plt.scatter(train_x, train_y)

  plt.plot(myline, mymodel(myline))
plt.show()
---
import numpy
from sklearn.metrics import r2_score
numpy.random.seed(2)


x = numpy.random.normal(3, 1, 100)
y = numpy.random.normal(150, 40,
  100) / x
train_x = x[:80]
train_y = y[:80]
test_x = x[80:]

  test_y = y[80:]
mymodel = numpy.poly1d(numpy.polyfit(train_x, train_y,
  4))
r2 = r2_score(train_y, mymodel(train_x))
print(r2)
---
import numpy
from sklearn.metrics import r2_score
numpy.random.seed(2)


x = numpy.random.normal(3, 1, 100)
y = numpy.random.normal(150, 40,
  100) / x
train_x = x[:80]
train_y = y[:80]
test_x = x[80:]

  test_y = y[80:]
mymodel = numpy.poly1d(numpy.polyfit(train_x, train_y,
  4))
r2 = r2_score(test_y, mymodel(test_x))
print(r2)
---
print(mymodel(5))",Python Avanzado
226,Decision Tree,https://www.w3schools.com/python/python_ml_decision_tree.asp,"Machine Learning - Decision Tree
Decision Tree
In this chapter we will show you how to make a ""Decision Tree"". A Decision 
Tree is a Flow Chart, and can help you make decisions based on previous experience.
In the example, a person will try to decide if he/she should go to a comedy show or 
not.
Luckily our example person has registered every time there was a comedy show 
in town, and registered some information about the comedian, and also 
registered if he/she went or not.
Age
Experience
Rank
Nationality
Go
36
10
9
UK
NO
42
12
4
USA
NO
23
4
6
N
NO
52
4
4
USA
NO
43
21
8
USA
YES
44
14
5
UK
NO
66
3
7
N
YES
35
14
9
UK
YES
52
13
7
N
YES
35
5
9
N
YES
24
3
5
USA
NO
18
3
7
UK
YES
45
9
9
UK
YES
Now, based on this data set, Python can create a decision tree that can be used to decide 
if any new shows are worth attending to.
How Does it Work?
First, read the dataset with pandas:
Example
Read and print the data set:
To make a decision tree, all data has to be numerical.
We have to convert the non numerical columns 'Nationality' and 'Go' into numerical values.
Pandas has a map() method that takes a dictionary with information on how to 
convert the values.
{'UK': 0, 'USA': 1, 'N': 2}
Means convert the values 'UK' to 0, 'USA' to 1, and 'N' to 2.
Example
Change string values into numerical values:
Then we have to separate the feature columns from the target column.
The feature columns are the columns that we try to predict from , and 
the target column is the column with the values we try to predict.
Example
X is the feature columns, y is the target column:
Now we can create the actual decision tree, fit it with our details. Start by 
importing the modules we need:
Example
Create and display a Decision Tree:
Result Explained
The decision tree uses your earlier decisions to calculate the odds for you to wanting to go see 
a comedian or not.
Let us read the different aspects of the decision tree:
Rank
Rank <= 6.5 means that every comedian with a rank of 6.5 or 
lower will follow the True arrow (to the left), and the rest will 
follow the False arrow (to the right).
gini = 0.497 refers to the quality of the 
split, and is always a number between 0.0 and 0.5, where 0.0 would mean all of 
the samples got the same result, and 0.5 would mean that the split is done 
exactly in the middle.
samples = 13 means that there are 13 
comedians left at this point in the decision, which is all of them since this is 
the first step.
value = [6, 7] means that of these 13 
comedians, 6 will get a ""NO"", and 7 will get a 
""GO"".
Gini
There are many ways to split the samples, we use the GINI method in this tutorial.
The Gini method uses this formula:
Gini = 1 - (x/n) 2 - (y/n) 2
Where x is the number of positive answers(""GO""), n is the number of samples, and y is the number of negative answers (""NO""), 
which gives us this calculation:
1 - (7 / 13) 2 - (6 / 13) 2 = 0.497
The next step contains two boxes, one box for the comedians with a 'Rank' of 
6.5 or lower, and one box with the rest.
True - 5 Comedians End Here:
gini = 0.0 means all of the samples got the 
same result.
samples = 5 means that there are 5 comedians 
left in this branch (5 comedian with a Rank of 6.5 or lower).
value = [5, 0] means that 5 will get a ""NO"" 
and 0 will get a ""GO"".
False - 8 Comedians Continue:
Nationality
Nationality <= 0.5 means that the comedians 
with a nationality value of less than 0.5 will follow the arrow to the left 
(which means everyone from the UK, ), and the rest will follow the arrow to the 
right.
gini = 0.219 means that about 22% of the 
samples would go in one direction.
samples = 8 means that there are 8 comedians 
left in this branch (8 comedian with a Rank higher than 6.5).
value = [1, 7] means that of these 8 
comedians, 1 will get a ""NO"" and 7 will get a ""GO"".
True - 4 Comedians Continue:
Age
Age <= 35.5 means that comedians 
at the age of 35.5 or younger will follow the arrow to the left, and the rest will follow the arrow to the 
right.
gini = 0.375 means that about 37,5% of the 
samples would go in one direction.
samples = 4 means that there are 4 comedians 
left in this branch (4 comedians from the UK).
value = [1, 3] means that of these 4 
comedians, 1 will get a ""NO"" and 3 will get a ""GO"".
False - 4 Comedians End Here:
gini = 0.0 means all of the samples got the 
same result.
samples = 4 means that there are 4 comedians 
left in this branch (4 comedians not from the UK).
value = [0, 4] means that of these 4 
comedians, 0 will get a ""NO"" and 4 will get a ""GO"".
True - 2 Comedians End Here:
gini = 0.0 means all of the samples got the 
same result.
samples = 2 means that there are 2 comedians 
left in this branch (2 comedians at the age 35.5 or younger).
value = [0, 2] means that of these 2 
comedians, 0 will get a ""NO"" and 2 will get a ""GO"".
False - 2 Comedians Continue:
Experience
Experience <= 9.5 means that comedians 
with 9.5 years of experience, or less, will follow the arrow to the left, and the rest will follow the arrow to the 
right.
gini = 0.5 means that 50% of the samples 
would go in one direction.
samples = 2 means that there are 2 comedians 
left in this branch (2 comedians older than 35.5).
value = [1, 1] means that of these 2 
comedians, 1 will get a ""NO"" and 1 will get a ""GO"".
True - 1 Comedian Ends Here:
gini = 0.0 means all of the samples got the 
same result.
samples = 1 means that there is 1 comedian 
left in this branch (1 comedian with 9.5 years of experience or less).
value = [0, 1] means that 0 will get a ""NO"" and 
1 will get a ""GO"".
False - 1 Comedian Ends Here:
gini = 0.0 means all of the samples got the 
same result.
samples = 1 means that there is 1 comedians 
left in this branch (1 comedian with more than 9.5 years of experience).
value = [1, 0] means that 1 will get a ""NO"" and 
0 will get a ""GO"".
Predict Values
We can use the Decision Tree to predict new values.
Example: Should I go see a show starring a 40 years old American comedian, with 10 years of experience, 
and a comedy ranking of 7?
Example
Use predict() method to predict new values:
Example
What would the answer be if the comedy rank was 6?
Different Results
You will see that the Decision Tree gives you different results if you run 
  it enough times, even if you feed it with the same data.
That is because the Decision Tree does not give us a 100% certain answer. It is based on the 
  probability of an outcome, and the answer will vary.","import pandas
df = pandas.read_csv(""data.csv"")


print(df)
---
d = {'UK': 0,
  'USA': 1, 'N': 2}
df['Nationality'] = df['Nationality'].map(d)
d =
  {'YES': 1, 'NO': 0}
df['Go'] = df['Go'].map(d)
print(df)
---
features = ['Age', 'Experience', 'Rank', 'Nationality']
X = df[features]
y = df['Go']

  print(X)
print(y)
---
import pandas
from sklearn import tree
from sklearn.tree import
  DecisionTreeClassifier
import matplotlib.pyplot as plt
df =
  pandas.read_csv(""data.csv"")
d = {'UK': 0, 'USA': 1, 'N': 2}
df['Nationality']
  = df['Nationality'].map(d)
d = {'YES': 1, 'NO': 0}
df['Go'] = df['Go'].map(d)


features = ['Age', 'Experience', 'Rank', 'Nationality']
X = df[features]

  y = df['Go']
dtree = DecisionTreeClassifier()
dtree = dtree.fit(X,
  y)
tree.plot_tree(dtree, feature_names=features)
---
print(dtree.predict([[40, 10, 7, 1]]))
---
print(dtree.predict([[40, 10, 6, 1]]))",Python Avanzado
227,Confusion Matrix,https://www.w3schools.com/python/python_ml_confusion_matrix.asp,"Machine Learning - Confusion Matrix
What is a confusion matrix?
It is a table that is used in classification problems to assess where errors in the model were made.
The rows represent the actual classes the outcomes should have been.
While the columns represent the predictions we have made.
Using this table it is easy to see which predictions are wrong.
Creating a Confusion Matrix
Confusion matrixes can be created by predictions made from a logistic regression.
For now we will generate actual and predicted values by utilizing NumPy:
import numpy
Next we will need to generate the numbers for ""actual"" and ""predicted"" values.
actual = numpy.random.binomial(1, 0.9, size = 1000) predicted = numpy.random.binomial(1, 0.9, size = 1000)
In order to create the confusion matrix we need to import metrics from the sklearn module.
from sklearn import metrics
Once metrics is imported we can use the confusion matrix function on our actual and predicted values.
confusion_matrix = metrics.confusion_matrix(actual, predicted)
To create a more interpretable visual display we need to convert the table into a confusion matrix display.
cm_display = metrics.ConfusionMatrixDisplay(confusion_matrix = confusion_matrix, display_labels = [0, 
1])
Vizualizing the display requires that we import pyplot from matplotlib.
import matplotlib.pyplot as plt
Finally to display the plot we can use the functions plot() and show() from pyplot.
cm_display.plot() plt.show()
See the whole example in action:
Example
Result
Results Explained
The Confusion Matrix created has four different quadrants:
True Negative (Top-Left Quadrant) False Positive (Top-Right Quadrant) False Negative (Bottom-Left Quadrant) True Positive (Bottom-Right Quadrant)
True means that the values were accurately predicted, False means that there was an error or wrong prediction.
Now that we have made a Confusion Matrix, we can calculate different measures to quantify the quality of the model. First, lets look at Accuracy.
Created Metrics
The matrix provides us with many useful metrics that help us to evaluate our classification model.
The different measures include: Accuracy, Precision, Sensitivity (Recall), Specificity, and the F-score, explained below.
Accuracy
Accuracy measures how often the model is correct.
How to Calculate
(True Positive + True Negative) / Total Predictions
Example
Precision
Of the positives predicted, what percentage is truly positive?
How to Calculate
True Positive / (True Positive + False Positive)
Precision does not evaluate the correctly predicted negative cases:
Example
Sensitivity (Recall)
Of all the positive cases, what percentage are predicted positive?
Sensitivity (sometimes called Recall) measures how good the model is at predicting positives.
This means it looks at true positives and false negatives (which are positives that have been incorrectly predicted as negative).
How to Calculate
True Positive / (True Positive + False Negative)
Sensitivity is good at understanding how well the model predicts something is positive:
Example
Specificity
How well the model is at prediciting negative results?
Specificity is similar to sensitivity, but looks at it from the persepctive of negative results.
How to Calculate
True Negative / (True Negative + False Positive)
Since it is just the opposite of Recall, we use the recall_score function, taking the opposite position label:
Example
F-score
F-score is the ""harmonic mean"" of precision and sensitivity.
It considers both false positive and false negative cases and is good for imbalanced datasets.
How to Calculate
2 * ((Precision * Sensitivity) / (Precision + Sensitivity))
This score does not take into consideration the True Negative values:
Example
All calulations in one:
Example","import matplotlib.pyplot as plt
import numpy
from sklearn import metrics


actual = numpy.random.binomial(1,.9,size = 1000)
predicted =
  numpy.random.binomial(1,.9,size = 1000)
confusion_matrix =
  metrics.confusion_matrix(actual, predicted)
cm_display =
  metrics.ConfusionMatrixDisplay(confusion_matrix = confusion_matrix,
  display_labels = [0, 1])
cm_display.plot()
plt.show()
---
Accuracy = metrics.accuracy_score(actual, predicted)
---
Precision = metrics.precision_score(actual, predicted)
---
Sensitivity_recall = metrics.recall_score(actual, predicted)
---
Specificity = metrics.recall_score(actual, predicted, pos_label=0)
---
F1_score = metrics.f1_score(actual, predicted)
---
#metrics

print({""Accuracy"":Accuracy,""Precision"":Precision,""Sensitivity_recall"":Sensitivity_recall,""Specificity"":Specificity,""F1_score"":F1_score})",Python Avanzado
228,Hierarchical Clustering,https://www.w3schools.com/python/python_ml_hierarchial_clustering.asp,"Machine Learning - Hierarchical Clustering
Hierarchical Clustering
Hierarchical clustering is an unsupervised learning method for clustering data points. The algorithm builds clusters by measuring the dissimilarities between data. Unsupervised learning means that a model does not have to be trained, and we do not need a ""target"" variable. This method can be used on any data to visualize and interpret the relationship between individual data points.
Here we will use hierarchical clustering to group data points and visualize the clusters using both a dendrogram and scatter plot.
How does it work?
We will use Agglomerative Clustering, a type of hierarchical clustering that follows a bottom up approach. We begin by treating each data point as its own cluster. Then, we join clusters together that have the shortest distance between them to create larger clusters. This step is repeated until one large cluster is formed containing all of the data points.
Hierarchical clustering requires us to decide on both a distance and linkage method. We will use euclidean distance and the Ward linkage method, which attempts to minimize the variance between clusters.
Example
Start by visualizing some data points:
Result
Now we compute the ward linkage using euclidean distance, and visualize it using a dendrogram:
Example
Result
Example
Result
Example Explained
Import the modules you need.
import numpy as np import matplotlib.pyplot as plt from scipy.cluster.hierarchy import dendrogram, linkage from sklearn.cluster import AgglomerativeClustering
You can learn about the Matplotlib module in our ""Matplotlib Tutorial .
You can learn about the SciPy module in our SciPy Tutorial .
NumPy is a library for working with arrays and matricies in Python,
you can learn about the NumPy module in our NumPy Tutorial .
scikit-learn is a popular library for machine learning.
Create arrays that resemble two variables in a dataset. Note that while we only 
use two variables here, this method will work with any number of variables:
x = [4, 5, 10, 4, 3, 11, 14 , 6, 10, 12] y = [21, 19, 24, 17, 16, 25, 24, 22, 21, 21]
Turn the data into a set of points:
data = list(zip(x, y)) print(data)
Result:
[(4, 21), (5, 19), (10, 24), (4, 17), (3, 16), (11, 25), (14, 24), (6, 22), (10, 21), (12, 21)]
Compute the linkage between all of the different points. Here we use a simple euclidean distance measure and Ward's linkage, which seeks to minimize the variance between clusters.
linkage_data = linkage(data, method='ward', metric='euclidean')
Finally, plot the results in a dendrogram. This plot will show us the hierarchy of clusters from the bottom (individual points) to the top (a single cluster consisting of all data points).
plt.show() lets us visualize the dendrogram instead of just the raw linkage data.
dendrogram(linkage_data) plt.show()
Result:
The scikit-learn library allows us to use hierarchichal clustering in a different manner. First, we initialize the AgglomerativeClustering class with 2 clusters 
and the Ward linkage.
hierarchical_cluster = AgglomerativeClustering(n_clusters=2, linkage='ward')
The .fit_predict method can be called on our data to compute the clusters using the defined parameters across our chosen number of clusters.
labels = hierarchical_cluster.fit_predict(data)
print(labels)
Result:
[0 0 1 0 0 1 1 0 1 1]
Finally, if we plot the same data and color the points using the labels assigned to each index by the hierarchical clustering method, we can see the cluster each point was assigned to:
plt.scatter(x, y, c=labels) plt.show()
Result:","import numpy as np
import matplotlib.pyplot as plt
x = [4, 5, 10, 4,
  3, 11, 14 , 6, 10, 12]
y = [21, 19, 24, 17, 16, 25, 24, 22, 21, 21]

  plt.scatter(x, y)
plt.show()
---
import numpy as np
import matplotlib.pyplot as plt
from
  scipy.cluster.hierarchy import dendrogram, linkage
x = [4, 5, 10, 4, 3,
  11, 14 , 6, 10, 12]
y = [21, 19, 24, 17, 16, 25, 24, 22, 21, 21]

  data = list(zip(x, y))
linkage_data = linkage(data, method='ward',
  metric='euclidean')
dendrogram(linkage_data)
plt.show()
---
import numpy as np
import matplotlib.pyplot as plt
from sklearn.cluster
  import AgglomerativeClustering
x = [4, 5, 10, 4, 3, 11, 14 , 6, 10, 12]

  y = [21, 19, 24, 17, 16, 25, 24, 22, 21, 21]
data = list(zip(x, y))


hierarchical_cluster = AgglomerativeClustering(n_clusters=2,
  linkage='ward')
labels = hierarchical_cluster.fit_predict(data)

  plt.scatter(x, y, c=labels)
plt.show()",Python Avanzado
229,Logistic Regression,https://www.w3schools.com/python/python_ml_logistic_regression.asp,"Machine Learning - Logistic Regression
Logistic Regression
Logistic regression aims to solve classification problems. It does this by predicting categorical outcomes, unlike linear regression that predicts a continuous outcome.
In the simplest case there are two outcomes, which is called binomial, an example of which is predicting if a tumor is malignant or benign. Other cases have more than two outcomes to classify, in this case it is called multinomial. A common example for multinomial logistic regression would be predicting the class of an iris flower between 3 different species.
Here we will be using basic logistic regression to predict a binomial variable. This means it has only two possible outcomes.
How does it work?
In Python we have modules that will do the work for us. Start by importing the NumPy module.
import numpy
Store the independent variables in X.
Store the dependent variable in y.
Below is a sample dataset:
#X represents the size of a tumor in centimeters. X = numpy.array([3.78, 2.44, 2.09, 0.14, 1.72, 1.65, 4.92, 4.37, 4.96, 4.52, 3.69, 5.88]).reshape(-1,1) #Note: X has to be reshaped into a column from a row for the LogisticRegression() function to work. #y represents whether or not the tumor is cancerous (0 for ""No"", 1 for ""Yes""). y = numpy.array([0, 0, 0, 0, 0, 0, 1, 1, 1, 1, 1, 1])
We will use a method from the sklearn module, so we will have to import that module as well:
from sklearn import linear_model
From the sklearn module we will use the LogisticRegression() method to create a logistic regression object.
This object has a method called fit() that takes the independent and dependent values as parameters and fills the regression object with data that describes the relationship:
logr = linear_model.LogisticRegression() logr.fit(X,y)
Now we have a logistic regression object that is ready to whether a tumor is cancerous based on the tumor size:
#predict if tumor is cancerous where the size is 3.46mm: predicted = logr.predict(numpy.array([3.46]).reshape(-1,1))
Example
See the whole example in action:
Result
We have predicted that a tumor with a size of 3.46mm will not be cancerous.
Coefficient
In logistic regression the coefficient is the expected change in log-odds of having the outcome per unit change in X.
This does not have the most intuitive understanding so let's use it to create something that makes more sense, odds.
Example
See the whole example in action:
Result
This tells us that as the size of a tumor increases by 1mm the odds of it being a 
cancerous tumor increases by 4x.
Probability
The coefficient and intercept values can be used to find the probability that each tumor is cancerous.
Create a function that uses the model's coefficient and intercept values to return a new value. This new value represents probability that the given observation is a tumor:
def logit2prob(logr,x): log_odds = logr.coef_ * x + logr.intercept_ odds = numpy.exp(log_odds) probability = odds / (1 + odds) return(probability)
Function Explained
To find the log-odds for each observation, we must first create a formula that looks similar to the one from linear regression, extracting the coefficient and the intercept.
log_odds = logr.coef_ * x + logr.intercept_
To then convert the log-odds to odds we must exponentiate the log-odds.
odds = numpy.exp(log_odds)
Now that we have the odds, we can convert it to probability by dividing it by 1 plus the odds.
probability = odds / (1 + odds)
Let us now use the function with what we have learned to find out the probability that each tumor is cancerous.
Example
See the whole example in action:
Result
[[0.60749955]
   [0.19268876]
   [0.12775886]
   [0.00955221]
   [0.08038616]
   [0.07345637]
   [0.88362743]
   [0.77901378]
   [0.88924409]
   [0.81293497]
   [0.57719129]
   [0.96664243]]
Results Explained
3.78 0.61 The probability that a tumor with the size 3.78cm is cancerous is 61%.
2.44 0.19 The probability that a tumor with the size 2.44cm is cancerous is 19%.
2.09 0.13 The probability that a tumor with the size 2.09cm is cancerous is 13%.","import numpy

from sklearn import linear_model



#Reshaped for Logistic function.

X = numpy.array([3.78, 2.44, 2.09, 0.14, 1.72, 1.65, 4.92, 4.37, 4.96, 4.52, 3.69, 5.88]).reshape(-1,1)

y = numpy.array([0, 0, 0, 0, 0, 0, 1, 1, 1, 1, 1, 1])



logr = linear_model.LogisticRegression()

logr.fit(X,y)



#predict if tumor is cancerous where the size is 3.46mm:

predicted = logr.predict(numpy.array([3.46]).reshape(-1,1))

print(predicted)
---
import numpy

from sklearn import linear_model



#Reshaped for Logistic function.

X = numpy.array([3.78, 2.44, 2.09, 0.14, 1.72, 1.65, 4.92, 4.37, 4.96, 4.52, 3.69, 5.88]).reshape(-1,1)

y = numpy.array([0, 0, 0, 0, 0, 0, 1, 1, 1, 1, 1, 1])



logr = linear_model.LogisticRegression()

logr.fit(X,y)



log_odds = logr.coef_

odds = numpy.exp(log_odds)



print(odds)
---
import numpy

from sklearn import linear_model



X = numpy.array([3.78, 2.44, 2.09, 0.14, 1.72, 1.65, 4.92, 4.37, 4.96, 4.52, 3.69, 5.88]).reshape(-1,1)

y = numpy.array([0, 0, 0, 0, 0, 0, 1, 1, 1, 1, 1, 1])



logr = linear_model.LogisticRegression()

logr.fit(X,y)



def logit2prob(logr, X):


    log_odds = logr.coef_ * X + logr.intercept_


    odds = numpy.exp(log_odds)


    probability = odds / (1 + odds)


    return(probability)



print(logit2prob(logr, X))
---
[0]
---
[4.03541657]
---
[[0.60749955]
   [0.19268876]
   [0.12775886]
   [0.00955221]
   [0.08038616]
   [0.07345637]
   [0.88362743]
   [0.77901378]
   [0.88924409]
   [0.81293497]
   [0.57719129]
   [0.96664243]]",Python Avanzado
230,Grid Search,https://www.w3schools.com/python/python_ml_grid_search.asp,"Machine Learning - Grid Search
Grid Search
The majority of machine learning models contain parameters that can be adjusted to vary how the model learns.
For example, the logistic regression model, from sklearn ,
has a parameter C that controls regularization,which affects the complexity of the model.
How do we pick the best value for C ?
The best value is dependent on the data used to train the model.
How does it work?
One method is to try out different values and then pick the value that gives the best score. This technique is known as a grid search .
If we had to select the values for two or more parameters, we would evaluate all combinations of the sets of values thus forming a grid of values.
Before we get into the example it is good to know what the parameter we are changing does.
Higher values of C tell the model, the training data resembles real world information,
place a greater weight on the training data. While lower values of C do the opposite.
Using Default Parameters
First let's see what kind of results we can generate without a grid search using only the base parameters.
To get started we must first load in the dataset we will be working with.
from sklearn import datasets iris = datasets.load_iris()
Next in order to create the model we must have a set of independent variables X and a dependant variable y.
X = iris['data'] y = iris['target']
Now we will load the logistic model for classifying the iris flowers.
from sklearn.linear_model import LogisticRegression
Creating the model, setting max_iter to a higher value to ensure that the model finds a result.
Keep in mind the default value for C in a logistic regression model is 1 , we will compare this later.
In the example below, we look at the iris data set and try to train a model with varying values for C in logistic regression.
logit = LogisticRegression(max_iter = 10000)
After we create the model, we must fit the model to the data.
print(logit.fit(X,y))
To evaluate the model we run the score method.
print(logit.score(X,y))
Example
With the default setting of C = 1 , we achieved a score of 0.973 .
Let's see if we can do any better by implementing a grid search with difference values of 0.973.
Implementing Grid Search
We will follow the same steps of before except this time we will set a range of values for C .
Knowing which values to set for the searched parameters will take a combination of domain knowledge and practice.
Since the default value for C is 1 , we will set a range of values surrounding it.
C = [0.25, 0.5, 0.75, 1, 1.25, 1.5, 1.75, 2]
Next we will create a for loop to change out the values of C and evaluate the model with each change.
First we will create an empty list to store the score within.
scores = []
To change the values of C we must loop over the range of values and update the parameter each time.
for choice in C: logit.set_params(C=choice) logit.fit(X, y) scores.append(logit.score(X, y))
With the scores stored in a list, we can evaluate what the best choice of C is.
print(scores)
Example
Results Explained
We can see that the lower values of C performed worse than the base parameter of 1 . However, as we increased the value of C to 1.75 the model experienced increased accuracy.
It seems that increasing C beyond this amount does not help increase model accuracy.
Note on Best Practices
We scored our logistic regression model by using the same data that was used to train it. If the model corresponds too closely to that data, it may not be great at predicting unseen data. This statistical error is known as over fitting .
To avoid being misled by the scores on the training data, we can put aside a portion of our data and use it specifically for the purpose of testing the model. Refer to the lecture on train/test splitting to avoid being misled and overfitting.","from sklearn import datasets
from sklearn.linear_model import
  LogisticRegression
iris = datasets.load_iris()
X = iris['data']

  y = iris['target']
logit = LogisticRegression(max_iter = 10000)

  print(logit.fit(X,y))
print(logit.score(X,y))
---
from sklearn import datasets
from sklearn.linear_model import
  LogisticRegression
iris = datasets.load_iris()
X = iris['data']

  y = iris['target']
logit = LogisticRegression(max_iter = 10000)

  C = [0.25, 0.5, 0.75, 1, 1.25, 1.5, 1.75, 2]

  scores = []
for choice in C:
  logit.set_params(C=choice)

  logit.fit(X, y)
  scores.append(logit.score(X, y))

  print(scores)",Python Avanzado
231,Categorical Data,https://www.w3schools.com/python/python_ml_preprocessing.asp,"Preprocessing - Categorical Data
Categorical Data
When your data has categories represented by strings, it will be difficult to use them to train machine learning models which often only accepts numeric data.
Instead of ignoring the categorical data and excluding the information from our model, you can tranform the data so it can be used in your models.
Take a look at the table below, it is the same data set that we used in the multiple regression chapter.
Example
Result
Car       Model  Volume  Weight  CO2
  0       Toyoty        Aygo    1000     790   99
  1   Mitsubishi  Space Star    1200    1160   95
  2        Skoda      Citigo    1000     929   95
  3         Fiat         500     900     865   90
  4         Mini      Cooper    1500    1140  105
  5           VW         Up!    1000     929  105
  6        Skoda       Fabia    1400    1109   90
  7     Mercedes     A-Class    1500    1365   92
  8         Ford      Fiesta    1500    1112   98
  9         Audi          A1    1600    1150   99
  10     Hyundai         I20    1100     980   99
  11      Suzuki       Swift    1300     990  101
  12        Ford      Fiesta    1000    1112   99
  13       Honda       Civic    1600    1252   94
  14      Hundai         I30    1600    1326   97
  15        Opel       Astra    1600    1330   97
  16         BMW           1    1600    1365   99
  17       Mazda           3    2200    1280  104
  18       Skoda       Rapid    1600    1119  104
  19        Ford       Focus    2000    1328  105
  20        Ford      Mondeo    1600    1584   94
  21        Opel    Insignia    2000    1428   99
  22    Mercedes     C-Class    2100    1365   99
  23       Skoda     Octavia    1600    1415   99
  24       Volvo         S60    2000    1415   99
  25    Mercedes         CLA    1500    1465  102
  26        Audi          A4    2000    1490  104
  27        Audi          A6    2000    1725  114
  28       Volvo         V70    1600    1523  109
  29         BMW           5    2000    1705  114
  30    Mercedes     E-Class    2100    1605  115
  31       Volvo        XC70    2000    1746  117
  32        Ford       B-Max    1600    1235  104
  33         BMW         216    1600    1390  108
  34        Opel      Zafira    1600    1405  109
  35    Mercedes         SLK    2500    1395  120
In the multiple regression chapter, we tried to predict the CO2 emitted based on the volume of the engine and the weight of the car but we excluded information about the car brand and model.
The information about the car brand or the car model might help us make a better prediction of the CO2 emitted.
One Hot Encoding
We cannot make use of the Car or Model column in our data since they are not numeric. A linear relationship between a categorical variable, Car or Model, and a numeric variable, CO2, cannot be determined.
To fix this issue, we must have a numeric representation of the categorical variable. One way to do this is to have a column representing each group in the category.
For each column, the values will be 1 or 0 where 1 represents the inclusion of the group and 0 represents the exclusion. This transformation is called one hot encoding.
You do not have to do this manually, the Python Pandas module has a function that called get_dummies() which does one hot encoding.
Learn about the Pandas module in our Pandas Tutorial .
Example
One Hot Encode the Car column:
Result
Car_Audi  Car_BMW  Car_Fiat  Car_Ford  Car_Honda  Car_Hundai  Car_Hyundai  Car_Mazda  Car_Mercedes  Car_Mini  Car_Mitsubishi  Car_Opel  Car_Skoda  Car_Suzuki  Car_Toyoty  Car_VW  Car_Volvo
  0          0        0         0         0          0           0            0          0             0         0               0         0          0           0           1       0          0
  1          0        0         0         0          0           0            0          0             0         0               1         0          0           0           0       0          0
  2          0        0         0         0          0           0            0          0             0         0               0         0          1           0           0       0          0
  3          0        0         1         0          0           0            0          0             0         0               0         0          0           0           0       0          0
  4          0        0         0         0          0           0            0          0             0         1               0         0          0           0           0       0          0
  5          0        0         0         0          0           0            0          0             0         0               0         0          0           0           0       1          0
  6          0        0         0         0          0           0            0          0             0         0               0         0          1           0           0       0          0
  7          0        0         0         0          0           0            0          0             1         0               0         0          0           0           0       0          0
  8          0        0         0         1          0           0            0          0             0         0               0         0          0           0           0       0          0
  9          1        0         0         0          0           0            0          0             0         0               0         0          0           0           0       0          0
  10         0        0         0         0          0           0            1          0             0         0               0         0          0           0           0       0          0
  11         0        0         0         0          0           0            0          0             0         0               0         0          0           1           0       0          0
  12         0        0         0         1          0           0            0          0             0         0               0         0          0           0           0       0          0
  13         0        0         0         0          1           0            0          0             0         0               0         0          0           0           0       0          0
  14         0        0         0         0          0           1            0          0             0         0               0         0          0           0           0       0          0
  15         0        0         0         0          0           0            0          0             0         0               0         1          0           0           0       0          0
  16         0        1         0         0          0           0            0          0             0         0               0         0          0           0           0       0          0
  17         0        0         0         0          0           0            0          1             0         0               0         0          0           0           0       0          0
  18         0        0         0         0          0           0            0          0             0         0               0         0          1           0           0       0          0
  19         0        0         0         1          0           0            0          0             0         0               0         0          0           0           0       0          0
  20         0        0         0         1          0           0            0          0             0         0               0         0          0           0           0       0          0
  21         0        0         0         0          0           0            0          0             0         0               0         1          0           0           0       0          0
  22         0        0         0         0          0           0            0          0             1         0               0         0          0           0           0       0          0
  23         0        0         0         0          0           0            0          0             0         0               0         0          1           0           0       0          0
  24         0        0         0         0          0           0            0          0             0         0               0         0          0           0           0       0          1
  25         0        0         0         0          0           0            0          0             1         0               0         0          0           0           0       0          0
  26         1        0         0         0          0           0            0          0             0         0               0         0          0           0           0       0          0
  27         1        0         0         0          0           0            0          0             0         0               0         0          0           0           0       0          0
  28         0        0         0         0          0           0            0          0             0         0               0         0          0           0           0       0          1
  29         0        1         0         0          0           0            0          0             0         0               0         0          0           0           0       0          0
  30         0        0         0         0          0           0            0          0             1         0               0         0          0           0           0       0          0
  31         0        0         0         0          0           0            0          0             0         0               0         0          0           0           0       0          1
  32         0        0         0         1          0           0            0          0             0         0               0         0          0           0           0       0          0
  33         0        1         0         0          0           0            0          0             0         0               0         0          0           0           0       0          0
  34         0        0         0         0          0           0            0          0             0         0               0         1          0           0           0       0          0
  35         0        0         0         0          0           0            0          0             1         0               0         0          0           0           0       0          0
Results
A column was created for every car brand in the Car column.
Predict CO2
We can use this additional information alongside the volume and weight to predict CO2
To combine the information, we can use the concat() function from pandas.
First we will need to import a couple modules.
We will start with importing the Pandas.
import pandas
The pandas module allows us to read csv files and manipulate DataFrame objects:
cars = pandas.read_csv(""data.csv"")
It also allows us to create the dummy variables:
ohe_cars = pandas.get_dummies(cars[['Car']])
Then we must select the independent variables (X) and add the dummy variables columnwise.
Also store the dependent variable in y.
X = pandas.concat([cars[['Volume', 'Weight']], ohe_cars], axis=1) y = cars['CO2']
We also need to import a method from sklearn to create a linear model
Learn about linear regression .
from sklearn import linear_model
Now we can fit the data to a linear regression:
regr = linear_model.LinearRegression() regr.fit(X,y)
Finally we can predict the CO2 emissions based on the car's weight, volume, and manufacturer.
##predict the CO2 emission of a VW where the weight is 2300kg, and the volume is 1300cm3: predictedCO2 = regr.predict([[2300, 1300,0,0,0,0,0,0,0,0,0,0,0,0,0,0,0,1,0]])
Example
Result
[122.45153299]
We now have a coefficient for the volume, the weight, and each car brand in the data set
Dummifying
It is not necessary to create one column for each group in your category. The information can be retained using 1 column less than the number of groups you have.
For example, you have a column representing colors and in that column, you have two colors, red and blue.
Example
Result
color
  0  blue
  1   red
You can create 1 column called red where 1 represents red and 0 represents not red, which means it is blue.
To do this, we can use the same function that we used for one hot encoding, get_dummies, and then drop one of the columns. There is an argument, drop_first, which allows us to exclude the first column from the resulting table.
Example
Result
color_red
  0          0
  1          1
What if you have more than 2 groups? How can the multiple groups be represented by 1 less column?
Let's say we have three colors this time, red, blue and green. When we get_dummies while dropping the first column, we get the following table.
Example
Result
color_green  color_red  color
  0            0          0   blue
  1            0          1    red
  2            1          0  green","import pandas as pd



cars = pd.read_csv('data.csv')

print(cars.to_string())
---
import pandas as pd
cars = pd.read_csv('data.csv')
ohe_cars =
  pd.get_dummies(cars[['Car']])
print(ohe_cars.to_string())
---
import pandas

from sklearn import linear_model



cars = pandas.read_csv(""data.csv"")

ohe_cars = pandas.get_dummies(cars[['Car']])



X = pandas.concat([cars[['Volume', 'Weight']], ohe_cars], axis=1)

y = cars['CO2']



regr = linear_model.LinearRegression()

regr.fit(X,y)



##predict the CO2 emission of a VW where the weight is 2300kg, and the volume is 1300cm3:

predictedCO2 = regr.predict([[2300, 1300,0,0,0,0,0,0,0,0,0,0,0,0,0,0,0,1,0]])



print(predictedCO2)
---
import pandas as pd
colors = pd.DataFrame({'color': ['blue', 'red']})


print(colors)
---
import pandas as pd
colors = pd.DataFrame({'color': ['blue', 'red']})

  dummies = pd.get_dummies(colors, drop_first=True)
print(dummies)
---
import pandas as pd
colors = pd.DataFrame({'color': ['blue', 'red',
  'green']})
dummies = pd.get_dummies(colors, drop_first=True)

  dummies['color'] = colors['color']
print(dummies)
---
Car       Model  Volume  Weight  CO2
  0       Toyoty        Aygo    1000     790   99
  1   Mitsubishi  Space Star    1200    1160   95
  2        Skoda      Citigo    1000     929   95
  3         Fiat         500     900     865   90
  4         Mini      Cooper    1500    1140  105
  5           VW         Up!    1000     929  105
  6        Skoda       Fabia    1400    1109   90
  7     Mercedes     A-Class    1500    1365   92
  8         Ford      Fiesta    1500    1112   98
  9         Audi          A1    1600    1150   99
  10     Hyundai         I20    1100     980   99
  11      Suzuki       Swift    1300     990  101
  12        Ford      Fiesta    1000    1112   99
  13       Honda       Civic    1600    1252   94
  14      Hundai         I30    1600    1326   97
  15        Opel       Astra    1600    1330   97
  16         BMW           1    1600    1365   99
  17       Mazda           3    2200    1280  104
  18       Skoda       Rapid    1600    1119  104
  19        Ford       Focus    2000    1328  105
  20        Ford      Mondeo    1600    1584   94
  21        Opel    Insignia    2000    1428   99
  22    Mercedes     C-Class    2100    1365   99
  23       Skoda     Octavia    1600    1415   99
  24       Volvo         S60    2000    1415   99
  25    Mercedes         CLA    1500    1465  102
  26        Audi          A4    2000    1490  104
  27        Audi          A6    2000    1725  114
  28       Volvo         V70    1600    1523  109
  29         BMW           5    2000    1705  114
  30    Mercedes     E-Class    2100    1605  115
  31       Volvo        XC70    2000    1746  117
  32        Ford       B-Max    1600    1235  104
  33         BMW         216    1600    1390  108
  34        Opel      Zafira    1600    1405  109
  35    Mercedes         SLK    2500    1395  120
---
Car_Audi  Car_BMW  Car_Fiat  Car_Ford  Car_Honda  Car_Hundai  Car_Hyundai  Car_Mazda  Car_Mercedes  Car_Mini  Car_Mitsubishi  Car_Opel  Car_Skoda  Car_Suzuki  Car_Toyoty  Car_VW  Car_Volvo
  0          0        0         0         0          0           0            0          0             0         0               0         0          0           0           1       0          0
  1          0        0         0         0          0           0            0          0             0         0               1         0          0           0           0       0          0
  2          0        0         0         0          0           0            0          0             0         0               0         0          1           0           0       0          0
  3          0        0         1         0          0           0            0          0             0         0               0         0          0           0           0       0          0
  4          0        0         0         0          0           0            0          0             0         1               0         0          0           0           0       0          0
  5          0        0         0         0          0           0            0          0             0         0               0         0          0           0           0       1          0
  6          0        0         0         0          0           0            0          0             0         0               0         0          1           0           0       0          0
  7          0        0         0         0          0           0            0          0             1         0               0         0          0           0           0       0          0
  8          0        0         0         1          0           0            0          0             0         0               0         0          0           0           0       0          0
  9          1        0         0         0          0           0            0          0             0         0               0         0          0           0           0       0          0
  10         0        0         0         0          0           0            1          0             0         0               0         0          0           0           0       0          0
  11         0        0         0         0          0           0            0          0             0         0               0         0          0           1           0       0          0
  12         0        0         0         1          0           0            0          0             0         0               0         0          0           0           0       0          0
  13         0        0         0         0          1           0            0          0             0         0               0         0          0           0           0       0          0
  14         0        0         0         0          0           1            0          0             0         0               0         0          0           0           0       0          0
  15         0        0         0         0          0           0            0          0             0         0               0         1          0           0           0       0          0
  16         0        1         0         0          0           0            0          0             0         0               0         0          0           0           0       0          0
  17         0        0         0         0          0           0            0          1             0         0               0         0          0           0           0       0          0
  18         0        0         0         0          0           0            0          0             0         0               0         0          1           0           0       0          0
  19         0        0         0         1          0           0            0          0             0         0               0         0          0           0           0       0          0
  20         0        0         0         1          0           0            0          0             0         0               0         0          0           0           0       0          0
  21         0        0         0         0          0           0            0          0             0         0               0         1          0           0           0       0          0
  22         0        0         0         0          0           0            0          0             1         0               0         0          0           0           0       0          0
  23         0        0         0         0          0           0            0          0             0         0               0         0          1           0           0       0          0
  24         0        0         0         0          0           0            0          0             0         0               0         0          0           0           0       0          1
  25         0        0         0         0          0           0            0          0             1         0               0         0          0           0           0       0          0
  26         1        0         0         0          0           0            0          0             0         0               0         0          0           0           0       0          0
  27         1        0         0         0          0           0            0          0             0         0               0         0          0           0           0       0          0
  28         0        0         0         0          0           0            0          0             0         0               0         0          0           0           0       0          1
  29         0        1         0         0          0           0            0          0             0         0               0         0          0           0           0       0          0
  30         0        0         0         0          0           0            0          0             1         0               0         0          0           0           0       0          0
  31         0        0         0         0          0           0            0          0             0         0               0         0          0           0           0       0          1
  32         0        0         0         1          0           0            0          0             0         0               0         0          0           0           0       0          0
  33         0        1         0         0          0           0            0          0             0         0               0         0          0           0           0       0          0
  34         0        0         0         0          0           0            0          0             0         0               0         1          0           0           0       0          0
  35         0        0         0         0          0           0            0          0             1         0               0         0          0           0           0       0          0
---
[122.45153299]
---
color
  0  blue
  1   red
---
color_red
  0          0
  1          1
---
color_green  color_red  color
  0            0          0   blue
  1            0          1    red
  2            1          0  green",Python Avanzado
232,K-means,https://www.w3schools.com/python/python_ml_k-means.asp,"Machine Learning - K-means
K-means
K-means is an unsupervised learning method for clustering data points. The algorithm iteratively divides data points into K clusters by minimizing the variance in each cluster.
Here, we will show you how to estimate the best value for K using the elbow method, then use K-means clustering to group the data points into clusters.
How does it work?
First, each data point is randomly assigned to one of the K clusters. Then, we compute the centroid (functionally the center) of each cluster, and reassign each data point to the cluster with the closest centroid. We repeat this process until the cluster assignments for each data point are no longer changing.
K-means clustering requires us to select K, the number of clusters we want to group the data into. The elbow method lets us graph the inertia (a distance-based metric) and visualize the point at which it starts decreasing linearly. This point is referred to as the ""elbow"" and is a good estimate for the best value for K based on our data.
Example
Start by visualizing some data points:
Result
Now we utilize the elbow method to visualize the intertia for different values of K:
Example
Result
The elbow method shows that 2 is a good value for K, so we retrain and visualize the result:
Example
Result
Example Explained
Import the modules you need.
import matplotlib.pyplot as plt from sklearn.cluster import KMeans
You can learn about the Matplotlib module in our ""Matplotlib Tutorial .
scikit-learn is a popular library for machine learning.
Create arrays that resemble two variables in a dataset. Note that while we only use two variables here, this method will work with any number of variables:
x = [4, 5, 10, 4, 3, 11, 14 , 6, 10, 12] y = [21, 19, 24, 17, 16, 25, 24, 22, 21, 21]
Turn the data into a set of points:
data = list(zip(x, y)) print(data)
Result:
[(4, 21), (5, 19), (10, 24), (4, 17), (3, 16), (11, 25), (14, 24), (6, 22), (10, 21), (12, 21)]
In order to find the best value for K, we need to run K-means across our data for a range of possible values. We only have 10 data points, so the maximum number of clusters is 10. So for each value K in range(1,11), we train a K-means model and plot the intertia at that number of clusters:
inertias = [] for i in range(1,11): kmeans = KMeans(n_clusters=i) kmeans.fit(data) inertias.append(kmeans.inertia_) plt.plot(range(1,11), inertias, marker='o') plt.title('Elbow method') plt.xlabel('Number of clusters') plt.ylabel('Inertia') plt.show()
Result:
We can see that the ""elbow"" on the graph above (where the interia becomes more linear) is at K=2. We can then fit our K-means algorithm one more time and plot the different clusters assigned to the data:
kmeans = KMeans(n_clusters=2) kmeans.fit(data) plt.scatter(x, y, c=kmeans.labels_) plt.show()
Result:","import matplotlib.pyplot as plt
x = [4, 5, 10, 4,
  3, 11, 14 , 6, 10, 12]
y = [21, 19, 24, 17, 16, 25, 24, 22, 21, 21]

  plt.scatter(x, y)
plt.show()
---
from sklearn.cluster import KMeans



data = list(zip(x, y))

inertias = []



for i in range(1,11):

    kmeans = KMeans(n_clusters=i)

    kmeans.fit(data)

    inertias.append(kmeans.inertia_)



plt.plot(range(1,11), inertias, marker='o')

plt.title('Elbow method')

plt.xlabel('Number of clusters')

plt.ylabel('Inertia')

plt.show()
---
kmeans = KMeans(n_clusters=2)

kmeans.fit(data)



plt.scatter(x, y, c=kmeans.labels_)

plt.show()",Python Avanzado
233,Bootstrap Aggregation,https://www.w3schools.com/python/python_ml_bagging.asp,"Machine Learning - Bootstrap Aggregation (Bagging)
Bagging
Methods such as Decision Trees, can be prone to overfitting on the training set which can lead to wrong predictions on new data.
Bootstrap Aggregation (bagging) is a ensembling method that attempts to resolve overfitting for classification or regression problems. Bagging aims to improve the accuracy and performance of machine learning algorithms. It does this by taking random subsets of an original dataset, with replacement, and fits either a classifier (for classification) or regressor (for regression) to each subset. The predictions for each subset are then aggregated through majority vote for classification or averaging for regression, increasing prediction accuracy.
Evaluating a Base Classifier
To see how bagging can improve model performance, we must start by evaluating how the base classifier performs on the dataset. If you do not know what decision trees are review the lesson on decision trees before moving forward, as bagging is a continuation of the concept.
We will be looking to identify different classes of wines found in Sklearn's wine dataset.
from sklearn import datasets from sklearn.model_selection import train_test_split from sklearn.metrics import accuracy_score from sklearn.tree import DecisionTreeClassifier
Next we need to load in the data and store it into X (input features) and y (target). The parameter as_frame is set equal to True so we do not lose the feature names when loading the data. 
( sklearn version older than 0.23 must skip the as_frame argument as it is not supported)
data = datasets.load_wine(as_frame = True) X = data.data y = data.target
In order to properly evaluate our model on unseen data, we need to split X and y into train and test sets. For information on splitting data, see the Train/Test lesson.
X_train, X_test, y_train, y_test = train_test_split(X, y, test_size = 0.25, random_state = 22)
With our data prepared, we can now instantiate a base classifier and fit it to the training data.
dtree = DecisionTreeClassifier(random_state = 22) dtree.fit(X_train,y_train)
Result:
DecisionTreeClassifier(random_state=22)
We can now predict the class of wine the unseen test set and evaluate the model performance.
y_pred = dtree.predict(X_test) print(""Train data accuracy:"",accuracy_score(y_true = y_train, y_pred = dtree.predict(X_train))) print(""Test data accuracy:"",accuracy_score(y_true = y_test, y_pred = y_pred))
Result:
Train data accuracy: 1.0 Test data accuracy: 0.8222222222222222
Example
Import the necessary data and evaluate base classifier performance.
The base classifier performs reasonably well on the dataset achieving 82% accuracy on the test dataset with the current parameters (Different results may occur if you do not have the random_state parameter set).
Now that we have a baseline accuracy for the test dataset, we can see how the Bagging Classifier out performs a single Decision Tree Classifier.
Creating a Bagging Classifier
For bagging we need to set the parameter n_estimators, this is the number of base classifiers that our model is going to aggregate together.
For this sample dataset the number of estimators is relatively low, it is often the case that much larger ranges are explored. Hyperparameter tuning is usually done with a grid search , but for now we will use a select set of values for the number of estimators.
We start by importing the necessary model.
from sklearn.ensemble import BaggingClassifier
Now lets create a range of values that represent the number of estimators we want to use in each ensemble.
estimator_range = [2,4,6,8,10,12,14,16]
To see how the Bagging Classifier performs with differing values of n_estimators we need a way to iterate over the range of values and store the results from each ensemble. To do this we will create a for loop, storing the models and scores in separate lists for later 
visualizations.
Note: The default parameter for the base classifier in BaggingClassifier is the DecisionTreeClassifier therefore we do not need to set it when instantiating the bagging model.
models = [] scores = [] for n_estimators in estimator_range: # Create bagging classifier clf = BaggingClassifier(n_estimators = n_estimators, random_state = 22) # Fit the model clf.fit(X_train, y_train) # Append the model and score to their respective list models.append(clf) scores.append(accuracy_score(y_true = y_test, y_pred = clf.predict(X_test)))
With the models and scores stored, we can now visualize the improvement in model performance.
import matplotlib.pyplot as plt # Generate the plot of scores against number of estimators plt.figure(figsize=(9,6)) plt.plot(estimator_range, scores) # Adjust labels and font (to make visable) plt.xlabel(""n_estimators"", fontsize = 18) plt.ylabel(""score"", fontsize = 18) plt.tick_params(labelsize = 16) # Visualize plot plt.show()
Example
Import the necessary data and evaluate the BaggingClassifier performance.
Result
Results Explained
By iterating through different values for the number of estimators we can see an increase in model performance from 82.2% to 95.5%. After 14 estimators the accuracy begins to drop, again if you set a different random_state the values you see will vary.
That is why it is best practice to use cross validation to ensure stable results.
In this case, we see a 13.3% increase in accuracy when it comes to identifying the type of the wine.
Another Form of Evaluation
As bootstrapping chooses random subsets of observations to create classifiers, there are observations that are left out in the selection process. These ""out-of-bag"" observations can then be used to evaluate the model, similarly to that of a test set. Keep in mind, that out-of-bag estimation can overestimate error in binary classification problems and should only be used as a compliment to other metrics.
We saw in the last exercise that 12 estimators yielded the highest accuracy, so we will use that to create our model. This time setting the parameter oob_score to true to evaluate the model with out-of-bag score.
Example
Create a model with out-of-bag metric.
Since the samples used in OOB and the test set are different, and the dataset is relatively small, there is a difference in the accuracy. It is rare that they would be exactly the same, again OOB should be used quick means for estimating error, but is not the only evaluation metric.
Generating Decision Trees from Bagging Classifier
As was seen in the Decision Tree lesson, it is possible to graph the decision tree the model created. It is also possible to see the individual decision trees that went into the aggregated classifier. This helps us to gain a more intuitive understanding on how the bagging model arrives at its predictions.
Note: This is only functional with smaller datasets, where the trees are relatively shallow and narrow making them easy to visualize.
We will need to import plot_tree function from sklearn.tree . The different trees can be graphed by changing the estimator you wish to visualize.
Example
Generate Decision Trees from Bagging Classifier
Result
Here we can see just the first decision tree that was used to vote on the final prediction. Again, by changing the index of the classifier you can see each of the trees that have been aggregated.","from sklearn import datasets

from sklearn.model_selection import train_test_split

from sklearn.metrics import accuracy_score

from sklearn.tree import DecisionTreeClassifier



data = datasets.load_wine(as_frame = True)



X = data.data

y = data.target



X_train, X_test, y_train, y_test = train_test_split(X, y, test_size = 0.25, random_state = 22)



dtree = DecisionTreeClassifier(random_state = 22)

dtree.fit(X_train,y_train)



y_pred = dtree.predict(X_test)



print(""Train data accuracy:"",accuracy_score(y_true = y_train, y_pred = dtree.predict(X_train)))

print(""Test data accuracy:"",accuracy_score(y_true = y_test, y_pred = y_pred))
---
import matplotlib.pyplot as plt

from sklearn import datasets

from sklearn.model_selection import train_test_split

from sklearn.metrics import accuracy_score

from sklearn.ensemble import BaggingClassifier



data = datasets.load_wine(as_frame = True)



X = data.data

y = data.target



X_train, X_test, y_train, y_test = train_test_split(X, y, test_size = 0.25, random_state = 22)



estimator_range = [2,4,6,8,10,12,14,16]



models = []

scores = []



for n_estimators in estimator_range:



    # Create bagging classifier

    clf = BaggingClassifier(n_estimators = n_estimators, random_state = 22)



    # Fit the model

    clf.fit(X_train, y_train)



    # Append the model and score to their respective list

    models.append(clf)

    scores.append(accuracy_score(y_true = y_test, y_pred = clf.predict(X_test)))



# Generate the plot of scores against number of estimators

plt.figure(figsize=(9,6))

plt.plot(estimator_range, scores)



# Adjust labels and font (to make visable)

plt.xlabel(""n_estimators"", fontsize = 18)

plt.ylabel(""score"", fontsize = 18)

plt.tick_params(labelsize = 16)



# Visualize plot

plt.show()
---
from sklearn import datasets

from sklearn.model_selection import train_test_split

from sklearn.ensemble import BaggingClassifier



data = datasets.load_wine(as_frame = True)



X = data.data

y = data.target



X_train, X_test, y_train, y_test = train_test_split(X, y, test_size = 0.25, random_state = 22)



oob_model = BaggingClassifier(n_estimators = 12, oob_score = True,random_state = 22)



oob_model.fit(X_train, y_train)



print(oob_model.oob_score_)
---
from sklearn import datasets

from sklearn.model_selection import train_test_split

from sklearn.ensemble import BaggingClassifier

from sklearn.tree import plot_tree



X = data.data

y = data.target



X_train, X_test, y_train, y_test = train_test_split(X, y, test_size = 0.25, random_state = 22)



clf = BaggingClassifier(n_estimators = 12, oob_score = True,random_state = 22)



clf.fit(X_train, y_train)



plt.figure(figsize=(30, 20))



plot_tree(clf.estimators_[0], feature_names = X.columns)",Python Avanzado
234,Cross Validation,https://www.w3schools.com/python/python_ml_cross_validation.asp,"Machine Learning - Cross Validation
Cross Validation
When adjusting models we are aiming to increase overall model performance on unseen data. Hyperparameter tuning can lead to much better performance on test sets. However, optimizing parameters to the test set can lead information leakage causing the model to preform worse on unseen data. To correct for this we can perform cross validation.
To better understand CV, we will be performing different methods on the iris dataset. Let us first load in and separate the data.
from sklearn import datasets X, y = datasets.load_iris(return_X_y=True)
There are many methods to cross validation, we will start by looking at k-fold cross validation.
K -Fold
The training data used in the model is split, into k number of smaller sets, to be used to validate the model. The model is then trained on k-1 folds of training set. The remaining fold is then used as a validation set to evaluate the model.
As we will be trying to classify different species of iris flowers we will need to import a classifier model, for this exercise we will be using a DecisionTreeClassifier . We will also need to import CV modules from sklearn .
from sklearn.tree import DecisionTreeClassifier from sklearn.model_selection import KFold, cross_val_score
With the data loaded we can now create and fit a model for evaluation.
clf = DecisionTreeClassifier(random_state=42)
Now let's evaluate our model and see how it performs on each k -fold.
k_folds = KFold(n_splits = 5) scores = cross_val_score(clf, X, y, cv = k_folds)
It is also good pratice to see how CV performed overall by averaging the scores for all folds.
Example
Run k-fold CV:
Stratified K-Fold
In cases where classes are imbalanced we need a way to account for the imbalance in both the train and validation sets. To do so we can stratify the target classes, meaning that both sets will have an equal proportion of all classes.
Example
While the number of folds is the same, the average CV increases from the basic k-fold when making sure there is stratified classes.
Leave-One-Out (LOO)
Instead of selecting the number of splits in the training data set like k-fold LeaveOneOut, utilize 1 observation to validate and n-1 observations to train. This method is an exaustive technique.
Example
Run LOO CV:
We can observe that the number of cross validation scores performed is equal to the number of observations in the dataset. In this case there are 150 observations in the iris dataset.
The average CV score is 94%.
Leave-P-Out (LPO)
Leave-P-Out is simply a nuanced diffence to the Leave-One-Out idea, in that we can select the number of p to use in our validation set.
Example
Run LPO CV:
As we can see this is an exhaustive method we many more scores being calculated than Leave-One-Out, even with a p = 2, yet it achieves roughly the same average CV score.
Shuffle Split
Unlike KFold , ShuffleSplit leaves out a percentage of the data, not to be used in the train or validation sets. To do so we must decide what the train and test sizes are, as well as the number of splits.
Example
Run Shuffle Split CV:
Ending Notes
These are just a few of the CV methods that can be applied to models. There are many more cross validation classes, with most models having their own class. Check out sklearns cross validation for more CV options.","from sklearn import datasets

from sklearn.tree import DecisionTreeClassifier

from sklearn.model_selection import KFold, cross_val_score



X, y = datasets.load_iris(return_X_y=True)



clf = DecisionTreeClassifier(random_state=42)



k_folds = KFold(n_splits = 5)



scores = cross_val_score(clf, X, y, cv = k_folds)



print(""Cross Validation Scores: "", scores)

print(""Average CV Score: "", scores.mean())

print(""Number of CV Scores used in Average: "", len(scores))
---
from sklearn import datasets

from sklearn.tree import DecisionTreeClassifier

from sklearn.model_selection import StratifiedKFold, cross_val_score



X, y = datasets.load_iris(return_X_y=True)



clf = DecisionTreeClassifier(random_state=42)



sk_folds = StratifiedKFold(n_splits = 5)



scores = cross_val_score(clf, X, y, cv = sk_folds)



print(""Cross Validation Scores: "", scores)

print(""Average CV Score: "", scores.mean())

print(""Number of CV Scores used in Average: "", len(scores))
---
from sklearn import datasets

from sklearn.tree import DecisionTreeClassifier

from sklearn.model_selection import LeaveOneOut, cross_val_score



X, y = datasets.load_iris(return_X_y=True)



clf = DecisionTreeClassifier(random_state=42)



loo = LeaveOneOut()



scores = cross_val_score(clf, X, y, cv = loo)



print(""Cross Validation Scores: "", scores)

print(""Average CV Score: "", scores.mean())

print(""Number of CV Scores used in Average: "", len(scores))
---
from sklearn import datasets

from sklearn.tree import DecisionTreeClassifier

from sklearn.model_selection import LeavePOut, cross_val_score



X, y = datasets.load_iris(return_X_y=True)



clf = DecisionTreeClassifier(random_state=42)



lpo = LeavePOut(p=2)



scores = cross_val_score(clf, X, y, cv = lpo)



print(""Cross Validation Scores: "", scores)

print(""Average CV Score: "", scores.mean())

print(""Number of CV Scores used in Average: "", len(scores))
---
from sklearn import datasets

from sklearn.tree import DecisionTreeClassifier

from sklearn.model_selection import ShuffleSplit, cross_val_score



X, y = datasets.load_iris(return_X_y=True)



clf = DecisionTreeClassifier(random_state=42)



ss = ShuffleSplit(train_size=0.6, test_size=0.3, n_splits = 5)



scores = cross_val_score(clf, X, y, cv = ss)



print(""Cross Validation Scores: "", scores)

print(""Average CV Score: "", scores.mean())

print(""Number of CV Scores used in Average: "", len(scores))",Python Avanzado
235,AUC - ROC Curve,https://www.w3schools.com/python/python_ml_auc_roc.asp,"Machine Learning - AUC - ROC Curve
AUC - ROC Curve
In classification, there are many different evaluation metrics. The most popular is accuracy , which measures how often the model is correct. This is a great metric because it is easy to understand and getting the most correct guesses is often desired. There are some cases where you might consider using another evaluation metric.
Another common metric is AUC , area under the receiver operating characteristic ( ROC ) curve.
The Reciever operating characteristic curve plots the true positive ( TP ) rate versus the false positive ( FP ) rate at different classification thresholds. The thresholds are different probability cutoffs that separate the two classes in binary classification. It uses probability to tell us how well a model separates the classes.
Imbalanced Data
Suppose we have an imbalanced data set where the majority of our data is of one value. We can obtain high accuracy for the model by predicting the majority class.
Example
Although we obtain a very high accuracy, the model provided no information about the data so it's not useful. We accurately predict class 1 100% of the time while inaccurately predict class 0 0% of the time. At the expense of accuracy, it might be better to have a model that can somewhat separate the two classes.
Example
For the second set of predictions, we do not have as high of an accuracy score as the first but the accuracy for each class is more balanced. Using accuracy as an evaluation metric we would rate the first model higher than the second even though it doesn't tell us anything about the data.
In cases like this, using another evaluation metric like AUC would be preferred.
import matplotlib.pyplot as plt def plot_roc_curve(true_y, y_prob): """""" plots the roc curve based of the probabilities """""" fpr, tpr, thresholds = roc_curve(true_y, y_prob) plt.plot(fpr, tpr) plt.xlabel('False Positive Rate') plt.ylabel('True Positive Rate')
Example
Model 1:
Result
model 1 AUC score: 0.5
Example
Model 2:
Result
model 2 AUC score: 0.8270551578947367
An AUC score of around .5 would mean that the model is unable to make a distinction between the two classes and the curve would look like a line with a slope of 1. An AUC score closer to 1 means that the model has the ability to separate the two classes and the curve would come closer to the top left corner of the graph.
Probabilities
Because AUC is a metric that utilizes probabilities of the class predictions, we can be more confident in a model that has a higher AUC score than one with a lower score even if they have similar accuracies.
In the data below, we have two sets of probabilites from hypothetical models. The first has probabilities that are not as ""confident"" when predicting the two classes (the probabilities are close to .5). The second has probabilities that are more ""confident"" when predicting the two classes (the probabilities are close to the extremes of 0 or 1).
Example
Example
Plot model 1:
Result
Example
Plot model 2:
Result
Even though the accuracies for the two models are similar, the model with the higher AUC score will be more reliable because it takes into account the predicted probability. It is more likely to give you higher accuracy when predicting future data.","import numpy as np

from sklearn.metrics import accuracy_score, confusion_matrix, roc_auc_score, roc_curve



n = 10000

ratio = .95

n_0 = int((1-ratio) * n)

n_1 = int(ratio * n)



y = np.array([0] * n_0 + [1] * n_1)

# below are the probabilities obtained from a hypothetical model that always predicts the majority class

# probability of predicting class 1 is going to be 100%

y_proba = np.array([1]*n)

y_pred = y_proba > .5



print(f'accuracy score: {accuracy_score(y, y_pred)}')

cf_mat = confusion_matrix(y, y_pred)

print('Confusion matrix')

print(cf_mat)

print(f'class 0 accuracy: {cf_mat[0][0]/n_0}')

print(f'class 1 accuracy: {cf_mat[1][1]/n_1}')
---
# below are the probabilities obtained from a hypothetical model that doesn't always predict the mode

y_proba_2 = np.array(

    np.random.uniform(0, .7, n_0).tolist() +

    np.random.uniform(.3, 1,  n_1).tolist()

)

y_pred_2 = y_proba_2 > .5



print(f'accuracy score: {accuracy_score(y, y_pred_2)}')

cf_mat = confusion_matrix(y, y_pred_2)

print('Confusion matrix')

print(cf_mat)

print(f'class 0 accuracy: {cf_mat[0][0]/n_0}')

print(f'class 1 accuracy: {cf_mat[1][1]/n_1}')
---
plot_roc_curve(y, y_proba)

print(f'model 1 AUC score: {roc_auc_score(y, y_proba)}')
---
plot_roc_curve(y, y_proba_2)

print(f'model 2 AUC score: {roc_auc_score(y, y_proba_2)}')
---
import numpy as np



n = 10000

y = np.array([0] * n + [1] * n)

#

y_prob_1 = np.array(

    np.random.uniform(.25, .5, n//2).tolist() +

    np.random.uniform(.3, .7, n).tolist() +

    np.random.uniform(.5, .75, n//2).tolist()

)

y_prob_2 = np.array(

    np.random.uniform(0, .4, n//2).tolist() +

    np.random.uniform(.3, .7, n).tolist() +

    np.random.uniform(.6, 1, n//2).tolist()

)



print(f'model 1 accuracy score: {accuracy_score(y, y_prob_1>.5)}')

print(f'model 2 accuracy score: {accuracy_score(y, y_prob_2>.5)}')



print(f'model 1 AUC score: {roc_auc_score(y, y_prob_1)}')

print(f'model 2 AUC score: {roc_auc_score(y, y_prob_2)}')
---
plot_roc_curve(y, y_prob_1)
---
fpr, tpr, thresholds = roc_curve(y, y_prob_2)

plt.plot(fpr, tpr)",Python Avanzado
236,K-nearest neighbors,https://www.w3schools.com/python/python_ml_knn.asp,"Machine Learning - K-nearest neighbors (KNN)
KNN
KNN is a simple, supervised machine learning (ML) algorithm that can be used for classification or regression tasks - and is also frequently used in missing value imputation. It is based on the idea that the observations closest to a given data point are the most ""similar"" observations in a data set, and we can therefore classify unforeseen points based on the values of the closest existing points. By choosing K , the user can select the number of nearby observations to use in the algorithm.
Here, we will show you how to implement the KNN algorithm for classification, and show how different values of K affect the results.
How does it work?
K is the number of nearest neighbors to use. 
For classification, a majority vote is used to determined which class a new observation should fall into. 
Larger values of K are often more robust to outliers and produce more stable decision boundaries than
very small values ( K=3 would be better than K=1 , which might produce undesirable results.
Example
Start by visualizing some data points:
Result
Now we fit the KNN algorithm with K=1:
from sklearn.neighbors import KNeighborsClassifier data = list(zip(x, y)) knn = KNeighborsClassifier(n_neighbors=1) knn.fit(data, classes)
And use it to classify a new data point:
Example
Result
Now we do the same thing, but with a higher K value which changes the prediction:
Example
Result
Example Explained
Import the modules you need.
You can learn about the Matplotlib module in our ""Matplotlib Tutorial .
scikit-learn is a popular library for machine learning in Python.
import matplotlib.pyplot as plt from sklearn.neighbors import KNeighborsClassifier
Create arrays that resemble variables in a dataset. 
We have two input features ( x and y ) and then a target class ( class ). The input features that are pre-labeled with our target class will be used to predict the class of new data. Note that while we only use two input features here, this method will work with any number of variables:
x = [4, 5, 10, 4, 3, 11, 14 , 8, 10, 12] y = [21, 19, 24, 17, 16, 25, 24, 22, 21, 21] classes = [0, 0, 1, 0, 0, 1, 1, 0, 1, 1]
Turn the input features into a set of points:
data = list(zip(x, y)) print(data)
Result:
[(4, 21), (5, 19), (10, 24), (4, 17), (3, 16), (11, 25), (14, 24), (8, 22), (10, 21), (12, 21)]
Using the input features and target class, we fit a KNN model on the model using 1 nearest neighbor:
knn = KNeighborsClassifier(n_neighbors=1) knn.fit(data, classes)
Then, we can use the same KNN object to predict the class of new, 
unforeseen data points. First we create new x and y features, and then call knn.predict() on the new data point to get a class of 0 or 1:
new_x = 8 new_y = 21 new_point = [(new_x, new_y)] prediction = knn.predict(new_point) print(prediction)
Result:
[0]
When we plot all the data along with the new point and class, we can see it's been labeled blue with the 1 class. The text annotation is just to highlight the location of the new point:
plt.scatter(x + [new_x], y + [new_y], c=classes + [prediction[0]]) plt.text(x=new_x-1.7, y=new_y-0.7, s=f""new point, class: {prediction[0]}"") plt.show()
Result:
However, when we changes the number of neighbors to 5, the number of points used to classify our new point changes. As a result, so does the classification of the new point:
knn = KNeighborsClassifier(n_neighbors=5) knn.fit(data, classes) prediction = knn.predict(new_point) print(prediction)
Result:
[1]
When we plot the class of the new point along with the older points, we note that the color has changed based on the associated class label:
plt.scatter(x + [new_x], y + [new_y], c=classes + [prediction[0]]) plt.text(x=new_x-1.7, y=new_y-0.7, s=f""new point, class: {prediction[0]}"") plt.show()
Result:","import matplotlib.pyplot as plt



x = [4, 5, 10, 4, 3, 11, 14 , 8, 10, 12]

y = [21, 19, 24, 17, 16, 25, 24, 22, 21, 21]

classes = [0, 0, 1, 0, 0, 1, 1, 0, 1, 1]



plt.scatter(x, y, c=classes)

plt.show()
---
new_x = 8

new_y = 21

new_point = [(new_x, new_y)]



prediction = knn.predict(new_point)



plt.scatter(x + [new_x], y + [new_y], c=classes + [prediction[0]])

plt.text(x=new_x-1.7, y=new_y-0.7, s=f""new point, class: {prediction[0]}"")

plt.show()
---
knn = KNeighborsClassifier(n_neighbors=5)



knn.fit(data, classes)



prediction = knn.predict(new_point)



plt.scatter(x + [new_x], y + [new_y], c=classes + [prediction[0]])

plt.text(x=new_x-1.7, y=new_y-0.7, s=f""new point, class: {prediction[0]}"")

plt.show()",Python Avanzado
237,Python DSA,https://www.w3schools.com/python/python_dsa.asp,"DSA with Python
Data Structures is about how data can be stored in different structures.
Algorithms is about how to solve different problems, often by searching through and manipulating data structures.
Understanding DSA helps you to find the best combination of Data Structures and Algorithms to create more efficient code.
Data Structures
Data Structures are a way of storing and organizing data in a computer.
Python has built-in support for several data structures, such as lists, dictionaries, and sets.
Other data structures can be implemented using Python classes and objects, such as linked lists, stacks, queues, trees, and graphs.
In this tutorial we will concentrate on these Data Structures:
Lists and Arrays
Stacks
Queues
Linked Lists
Hash Tables
Trees Binary Trees Binary Search Trees AVL Trees
Binary Trees
Binary Search Trees
AVL Trees
Graphs
Algorithms
Algorithms are a way of working with data in a computer and solving problems like sorting, searching, etc.
In this tutorial we will concentrate on these search and sort Algorithms:
Linear Search
Binary Search
Bubble Sort
Selection Sort
Insertion Sort
Quick Sort
Counting Sort
Radix Sort
Merge Sort
Why Learn DSA with Python
Python has a clean readable syntax
DSA allows you to improve problem-solving skills
DSA and Python helps you write more efficient code
DSA gives you a better understanding of memory storage
DSA helps you handle complex programming challenges
Python is widely used in Data Science and Machine Learning",,Python Avanzado
238,Lists and Arrays,https://www.w3schools.com/python/python_dsa_lists.asp,"Python Lists and Arrays
In Python, lists are the built-in data structure that serves as a dynamic array.
Lists are ordered, mutable, and can contain elements of different types.
Lists
A list is a built-in data structure in Python, used to store multiple elements.
Lists are used by many algorithms.
Creating Lists
Lists are created using square brackets [] :
Example
List Methods
Python lists come with several built-in algorithms (called methods), to perform common operations like appending, sorting, and more.
Example
Append one element to the list, and sort the list ascending:
Create Algorithms
Sometimes we want to perform actions that are not built into Python.
Then we can create our own algorithms.
For example, an algorithm can be used to find the lowest value in a list, like in the example below:
Example
Create an algorithm to find the lowest value in a list:
The algorithm above is very simple, and fast enough for small data sets,
    but if the data is big enough, any algorithm will take time to run.
This is where optimization comes in.
Optimization is an important part of algorithm development, and of course, an important part of DSA programming.
Time Complexity
When exploring algorithms, we often look at how much time an algorithm takes to run relative to the size of the data set.
In the example above, the time the algorithm needs to run is proportional, or linear, to the size of the data set. This is because the algorithm must visit every array element one time to find the lowest value. The loop must run 5 times since there are 5 values in the array. And if the array had 1000 values, the loop would have to run 1000 times.
Try the simulation below to see this relationship between the number of compare operations needed to find the lowest value, and the size of the array.
See this page for a more thorough explanation of what time complexity is.
Each algorithm in this tutorial will be presented together with its time complexity.","# Empty list

x = []



# List with initial values

y = [1, 2, 3, 4, 5]



# List with mixed types

z = [1, ""hello"", 3.14, True]
---
x = [9, 12, 7, 4, 11]



# Add element:

x.append(8)



# Sort list ascending:

x.sort()
---
my_array = [7, 12, 9, 4, 11, 8]

minVal = my_array[0]



for i in my_array:

  if i < minVal:

    minVal = i



print('Lowest value:', minVal)",Python Avanzado
239,Stacks,https://www.w3schools.com/python/python_dsa_stacks.asp,"Stacks with Python
A stack is a linear data structure that follows the Last-In-First-Out (LIFO) principle.
Think of it like a stack of pancakes - you can only add or remove pancakes from the top.
Stacks
A stack is a data structure that can hold many elements, and the last element added is the first one to be removed.
Like a pile of pancakes, the pancakes are both added and removed from the top. So when removing a pancake, it will always be the last pancake you added. This way of organizing elements is called LIFO: Last In First Out.
Basic operations we can do on a stack are:
Push: Adds a new element on the stack.
Pop: Removes and returns the top element from the stack.
Peek: Returns the top (last) element on the stack.
isEmpty: Checks if the stack is empty.
Size: Finds the number of elements in the stack.
Stacks can be implemented by using arrays or linked lists.
Stacks can be used to implement undo mechanisms, to revert to previous states, to create algorithms for depth-first search in graphs, or for backtracking.
Stacks are often mentioned together with Queues, which is a similar data structure described on the next page.
Stack Implementation using Python Lists
For Python lists (and arrays), a stack can look and behave like this:
Since Python lists has good support for functionality needed to implement stacks, we start with creating a stack and do stack operations with just a few lines like this:
Example
Using a Python list as a stack:
While Python lists can be used as stacks, creating a dedicated Stack class provides better encapsulation and additional functionality:
Example
Creating a stack using class:
Reasons to implement stacks using lists/arrays:
Memory Efficient: Array elements do not hold the next elements address like linked list nodes do.
Easier to implement and understand: Using arrays to implement stacks require less code than using linked lists, and for this reason it is typically easier to understand as well.
A reason for not using arrays to implement stacks:
Fixed size: An array occupies a fixed part of the memory. This means that it could take up more memory than needed, or if the array fills up, it cannot hold more elements.
Stack Implementation using Linked Lists
A linked list consists of nodes with some sort of data, and a pointer to the next node.
A big benefit with using linked lists is that nodes are stored wherever there is free space in memory, the nodes do not have to be stored contiguously right after each other like elements are stored in arrays. Another nice thing with linked lists is that when adding or removing nodes, the rest of the nodes in the list do not have to be shifted.
To better understand the benefits with using arrays or linked lists to implement stacks,
you should check out this page that explains how arrays and linked lists are stored in memory.
This is how a stack can be implemented using a linked list.
Example
Creating a Stack using a Linked List:
A reason for using linked lists to implement stacks:
Dynamic size: The stack can grow and shrink dynamically, unlike with arrays.
Reasons for not using linked lists to implement stacks:
Extra memory: Each stack element must contain the address to the next element (the next linked list node).
Readability: The code might be harder to read and write for some because it is longer and more complex.
Common Stack Applications
Stacks are used in many real-world scenarios:
Undo/Redo operations in text editors
Browser history (back/forward)
Function call stack in programming
Expression evaluation","stack = []



    # Push

    stack.append('A')

    stack.append('B')

    stack.append('C')

    print(""Stack: "", stack)



    # Peek

    topElement = stack[-1]

    print(""Peek: "", topElement)



    # Pop

    poppedElement = stack.pop()

    print(""Pop: "", poppedElement)



    # Stack after Pop

    print(""Stack after Pop: "", stack)



    # isEmpty

    isEmpty = not bool(stack)

    print(""isEmpty: "", isEmpty)



    # Size

    print(""Size: "",len(stack))
---
class Stack:

  def __init__(self):

    self.stack = []



  def push(self, element):

    self.stack.append(element)



  def pop(self):

    if self.isEmpty():

      return ""Stack is empty""

    return self.stack.pop()



  def peek(self):

    if self.isEmpty():

      return ""Stack is empty""

    return self.stack[-1]



  def isEmpty(self):

    return len(self.stack) == 0



  def size(self):

    return len(self.stack)



# Create a stack

myStack = Stack()



myStack.push('A')

myStack.push('B')

myStack.push('C')



print(""Stack: "", myStack.stack)

print(""Pop: "", myStack.pop())

print(""Stack after Pop: "", myStack.stack)

print(""Peek: "", myStack.peek())

print(""isEmpty: "", myStack.isEmpty())

print(""Size: "", myStack.size())
---
class Node:

  def __init__(self, value):

    self.value = value

    self.next = None



class Stack:

  def __init__(self):

    self.head = None

    self.size = 0



  def push(self, value):

    new_node = Node(value)

    if self.head:

      new_node.next = self.head

    self.head = new_node

    self.size += 1



  def pop(self):

    if self.isEmpty():

      return ""Stack is empty""

    popped_node = self.head

    self.head = self.head.next

    self.size -= 1

    return popped_node.value



  def peek(self):

    if self.isEmpty():

      return ""Stack is empty""

    return self.head.value



  def isEmpty(self):

    return self.size == 0



  def stackSize(self):

    return self.size



  def traverseAndPrint(self):

    currentNode = self.head

    while currentNode:

      print(currentNode.value, end="" -> "")

      currentNode = currentNode.next

    print()



myStack = Stack()

myStack.push('A')

myStack.push('B')

myStack.push('C')



print(""LinkedList: "", end="""")

myStack.traverseAndPrint()

print(""Peek: "", myStack.peek())

print(""Pop: "", myStack.pop())

print(""LinkedList after Pop: "", end="""")

myStack.traverseAndPrint()

print(""isEmpty: "", myStack.isEmpty())

print(""Size: "", myStack.stackSize())",Python Avanzado
240,Queues,https://www.w3schools.com/python/python_dsa_queues.asp,"Queues with Python
A queue is a linear data structure that follows the First-In-First-Out (FIFO) principle.
Queues
Think of a queue as people standing in line in a supermarket.
The first person to stand in line is also the first who can pay and leave the supermarket.
Basic operations we can do on a queue are:
Enqueue: Adds a new element to the queue.
Dequeue: Removes and returns the first (front) element from the queue.
Peek: Returns the first element in the queue.
isEmpty: Checks if the queue is empty.
Size: Finds the number of elements in the queue.
Queues can be implemented by using arrays or linked lists.
Queues can be used to implement job scheduling for an office printer, order processing for e-tickets, or to create algorithms for breadth-first search in graphs.
Queues are often mentioned together with Stacks, which is a similar data structure described on the previous page .
Queue Implementation using Python Lists
For Python lists (and arrays), a Queue can look and behave like this:
Since Python lists has good support for functionality needed to implement queues, we start with creating a queue and do queue operations with just a few lines:
Example
Using a Python list as a queue:
Note: While using a list is simple, removing elements from the beginning (dequeue operation) requires shifting all remaining elements, making it less efficient for large queues.
Implementing a Queue Class
Here's a complete implementation of a Queue class:
Example
Using a Python class as a queue:
Queue Implementation using Linked Lists
A linked list consists of nodes with some sort of data, and a pointer to the next node.
A big benefit with using linked lists is that nodes are stored wherever there is free space in memory, the nodes do not have to be stored contiguously right after each other like elements are stored in arrays. Another nice thing with linked lists is that when adding or removing nodes, the rest of the nodes in the list do not have to be shifted.
To better understand the benefits with using arrays or linked lists to implement queues,
you should check out this page that explains how arrays and linked lists are stored in memory.
This is how a queue can be implemented using a linked list.
Example
Creating a Queue using a Linked List:
Reasons for using linked lists to implement queues:
Dynamic size: The queue can grow and shrink dynamically, unlike with arrays.
No shifting: The front element of the queue can be removed (enqueue) without having to shift other elements in the memory.
Reasons for not using linked lists to implement queues:
Extra memory: Each queue element must contain the address to the next element (the next linked list node).
Readability: The code might be harder to read and write for some because it is longer and more complex.
Common Queue Applications
Queues are used in many real-world scenarios:
Task scheduling in operating systems
Breadth-first search in graphs
Message queues in distributed systems","queue = []



# Enqueue

queue.append('A')

queue.append('B')

queue.append('C')

print(""Queue: "", queue)



# Peek

frontElement = queue[0]

print(""Peek: "", frontElement)



# Dequeue

poppedElement = queue.pop(0)

print(""Dequeue: "", poppedElement)



print(""Queue after Dequeue: "", queue)



# isEmpty

isEmpty = not bool(queue)

print(""isEmpty: "", isEmpty)



# Size

print(""Size: "", len(queue))
---
class Queue:

  def __init__(self):

    self.queue = []



  def enqueue(self, element):

    self.queue.append(element)



  def dequeue(self):

    if self.isEmpty():

      return ""Queue is empty""

    return self.queue.pop(0)



  def peek(self):

    if self.isEmpty():

      return ""Queue is empty""

    return self.queue[0]



  def isEmpty(self):

    return len(self.queue) == 0



  def size(self):

    return len(self.queue)



# Create a queue

myQueue = Queue()



myQueue.enqueue('A')

myQueue.enqueue('B')

myQueue.enqueue('C')



print(""Queue: "", myQueue.queue)

print(""Peek: "", myQueue.peek())

print(""Dequeue: "", myQueue.dequeue())

print(""Queue after Dequeue: "", myQueue.queue)

print(""isEmpty: "", myQueue.isEmpty())

print(""Size: "", myQueue.size())
---
class Node:

  def __init__(self, data):

    self.data = data

    self.next = None



class Queue:

  def __init__(self):

    self.front = None

    self.rear = None

    self.length = 0



  def enqueue(self, element):

    new_node = Node(element)

    if self.rear is None:

      self.front = self.rear = new_node

      self.length += 1

      return

    self.rear.next = new_node

    self.rear = new_node

    self.length += 1



  def dequeue(self):

    if self.isEmpty():

      return ""Queue is empty""

    temp = self.front

    self.front = temp.next

    self.length -= 1

    if self.front is None:

      self.rear = None

    return temp.data



  def peek(self):

    if self.isEmpty():

      return ""Queue is empty""

    return self.front.data



  def isEmpty(self):

    return self.length == 0



  def size(self):

    return self.length



  def printQueue(self):

    temp = self.front

    while temp:

      print(temp.data, end="" -> "")

      temp = temp.next

    print()



# Create a queue

myQueue = Queue()



myQueue.enqueue('A')

myQueue.enqueue('B')

myQueue.enqueue('C')



print(""Queue: "", end="""")

myQueue.printQueue()

print(""Peek: "", myQueue.peek())

print(""Dequeue: "", myQueue.dequeue())

print(""Queue after Dequeue: "", end="""")

myQueue.printQueue()

print(""isEmpty: "", myQueue.isEmpty())

print(""Size: "", myQueue.size())",Python Avanzado
241,Linked Lists,https://www.w3schools.com/python/python_dsa_linkedlists.asp,"Linked Lists with Python
A Linked List is, as the word implies, a list where the nodes are linked together. Each node contains data and a pointer. The way they are linked together is that each node points to where in the memory the next node is placed.
Linked Lists
A linked list consists of nodes with some sort of data, and a pointer, or link, to the next node.
Linked Lists vs Arrays
The easiest way to understand linked lists is perhaps by comparing linked lists with arrays.
Linked lists consist of nodes, and is a linear data structure we make ourselves, unlike arrays which is an existing data structure in the programming language that we can use.
Nodes in a linked list store links to other nodes, but array elements do not need to store links to other elements.
Note: How linked lists and arrays are stored in memory is explained in detail on the page Linked Lists in Memory .
The table below compares linked lists with arrays to give a better understanding of what linked lists are.
Arrays
Linked Lists
An existing data structure in the programming language
Yes
No
Fixed size in memory
Yes
No
Elements, or nodes, are stored right after each other in memory (contiguously)
Yes
No
Memory usage is low (each node only contains data, no links to other nodes)
Yes
No
Elements, or nodes, can be accessed directly (random access)
Yes
No
Elements, or nodes, can be inserted or deleted in constant time, no shifting operations in memory needed.
No
Yes
These are some key linked list properties, compared to arrays:
Linked lists are not allocated to a fixed size in memory like arrays are, so linked lists do not require to move the whole list into a larger memory space when the fixed memory space fills up, like arrays must.
Linked list nodes are not laid out one right after the other in memory (contiguously), so linked list nodes do not have to be shifted up or down in memory when nodes are inserted or deleted.
Linked list nodes require more memory to store one or more links to other nodes. Array elements do not require that much memory, because array elements do not contain links to other elements.
Linked list operations are usually harder to program and require more lines than similar array operations, because programming languages have better built in support for arrays.
We must traverse a linked list to find a node at a specific position, but with arrays we can access an element directly by writing myArray[5] .
Types of Linked Lists
There are three basic forms of linked lists:
Singly linked lists
Doubly linked lists
Circular linked lists
A singly linked list is the simplest kind of linked lists. It takes up less space in memory because each node has only one address to the next node, like in the image below.
A doubly linked list has nodes with addresses to both the previous and the next node, like in the image below, and therefore takes up more memory. But doubly linked lists are good if you want to be able to move both up and down in the list.
A circular linked list is like a singly or doubly linked list with the first node, the ""head"", and the last node, the ""tail"", connected.
In singly or doubly linked lists, we can find the start and end of a list by just checking if the links are null . But for circular linked lists, more complex code is needed to explicitly check for start and end nodes in certain applications.
Circular linked lists are good for lists you need to cycle through continuously.
The image below is an example of a singly circular linked list:
The image below is an example of a doubly circular linked list:
Note: What kind of linked list you need depends on the problem you are trying to solve.
Linked List Operations
Basic things we can do with linked lists are:
Traversal
Remove a node
Insert a node
Sort
For simplicity, singly linked lists will be used to explain these operations below.
Traversal of a Linked List
Traversing a linked list means to go through the linked list by following the links from one node to the next.
Traversal of linked lists is typically done to search for a specific node, and read or modify the node's content, remove the node, or insert a node right before or after that node.
To traverse a singly linked list, we start with the first node in the list, the head node, and follow that node's next link, and the next node's next link and so on, until the next address is null.
The code below prints out the node values as it traverses along the linked list, in the same way as the animation above.
Example
Traversal of a singly linked list in Python:
Find The Lowest Value in a Linked List
Let's find the lowest value in a singly linked list by traversing it and checking each value.
Finding the lowest value in a linked list is very similar to how we found the lowest value in an array , except that we need to follow the next link to get to the next node.
To find the lowest value we need to traverse the list like in the previous code. But in addition to traversing the list, we must also update the current lowest value when we find a node with a lower value.
In the code below, the algorithm to find the lowest value is moved into a function called findLowestValue .
Example
Finding the lowest value in a singly linked list in Python:
Delete a Node in a Linked List
If you want to delete a node in a linked list, it is important to connect the nodes on each side of the node before deleting it, so that the linked list is not broken.
So before deleting the node, we need to get the next pointer from the previous node, and connect the previous node to the new next node before deleting the node in between.
Also, it is a good idea to first connect next pointer to the node after the node we want to delete, before we delete it. This is to avoid a 'dangling' pointer, a pointer that points to nothing, even if it is just for a brief moment.
The simulation below shows the node we want to delete, and how the list must be traversed first to connect the list properly before deleting the node without breaking the linked list.
In the code below, the algorithm to delete a node is moved into a function called deleteSpecificNode .
Example
Deleting a specific node in a singly linked list in Python:
In the deleteSpecificNode function above, the return value is the new head of the linked list. So for example, if the node to be deleted is the first node, the new head returned will be the next node.
Insert a Node in a Linked List
Inserting a node into a linked list is very similar to deleting a node, because in both cases we need to take care of the next pointers to make sure we do not break the linked list.
To insert a node in a linked list we first need to create the node, and then at the position where we insert it, we need to adjust the pointers so that the previous node points to the new node, and the new node points to the correct next node.
The simulation below shows how the links are adjusted when inserting a new node.
New node is created
Node 1 is linked to new node
New node is linked to next node
Example
Inserting a node in a singly linked list in Python:
In the insertNodeAtPosition function above, the return value is the new head of the linked list. So for example, if the node is inserted at the start of the linked list, the new head returned will be the new node.
Time Complexity of Linked Lists Operations
Here we discuss time complexity of linked list operations, and compare these with the time complexity of the array algorithms that we have discussed previously in this tutorial.
Remember that time complexity just says something about the approximate number of operations needed by the 
  algorithm based on a large set of data (n) , and does not tell us the exact time a specific implementation of an algorithm takes.
This means that even though linear search is said to have the same time complexity for arrays as for linked list: O(n) , it does not mean they take the same amount of time. The exact time it takes for an algorithm to run depends on programming language, computer hardware, differences in time needed for operations on arrays vs linked lists, and many other things as well.
Linear search for linked lists works the same as for arrays. A list of unsorted values are traversed from the head node until the node with the specific value is found. Time complexity is O(n) .
Binary search is not possible for linked lists because the algorithm is based on jumping directly to different array elements, and that is not possible with linked lists.
Sorting algorithms have the same time complexities as for arrays, and these are explained earlier in this tutorial. But remember, sorting algorithms that are based on directly accessing an array element based on an index, do not work on linked lists.","class Node:

  def __init__(self, data):

    self.data = data

    self.next = None



def traverseAndPrint(head):

  currentNode = head

  while currentNode:

    print(currentNode.data, end="" -> "")

    currentNode = currentNode.next

  print(""null"")



node1 = Node(7)

node2 = Node(11)

node3 = Node(3)

node4 = Node(2)

node5 = Node(9)



node1.next = node2

node2.next = node3

node3.next = node4

node4.next = node5



traverseAndPrint(node1)
---
class Node:

  def __init__(self, data):

    self.data = data

    self.next = None



def findLowestValue(head):

  minValue = head.data

  currentNode = head.next

  while currentNode:

    if currentNode.data < minValue:

      minValue = currentNode.data

    currentNode = currentNode.next

  return minValue



node1 = Node(7)

node2 = Node(11)

node3 = Node(3)

node4 = Node(2)

node5 = Node(9)



node1.next = node2

node2.next = node3

node3.next = node4

node4.next = node5



print(""The lowest value in the linked list is:"", findLowestValue(node1))
---
class Node:

  def __init__(self, data):

    self.data = data

    self.next = None



def traverseAndPrint(head):

  currentNode = head

  while currentNode:

    print(currentNode.data, end="" -> "")

    currentNode = currentNode.next

  print(""null"")



def deleteSpecificNode(head, nodeToDelete):

  if head == nodeToDelete:

    return head.next



  currentNode = head

  while currentNode.next and currentNode.next != nodeToDelete:

    currentNode = currentNode.next



  if currentNode.next is None:

    return head



  currentNode.next = currentNode.next.next



  return head



node1 = Node(7)

node2 = Node(11)

node3 = Node(3)

node4 = Node(2)

node5 = Node(9)



node1.next = node2

node2.next = node3

node3.next = node4

node4.next = node5



print(""Before deletion:"")

traverseAndPrint(node1)



# Delete node4

node1 = deleteSpecificNode(node1, node4)



print(""\nAfter deletion:"")

traverseAndPrint(node1)
---
class Node:

  def __init__(self, data):

    self.data = data

    self.next = None



def traverseAndPrint(head):

  currentNode = head

  while currentNode:

    print(currentNode.data, end="" -> "")

    currentNode = currentNode.next

  print(""null"")



def insertNodeAtPosition(head, newNode, position):

  if position == 1:

    newNode.next = head

    return newNode



  currentNode = head

  for _ in range(position - 2):

    if currentNode is None:

      break

    currentNode = currentNode.next



  newNode.next = currentNode.next

  currentNode.next = newNode

  return head



node1 = Node(7)

node2 = Node(3)

node3 = Node(2)

node4 = Node(9)



node1.next = node2

node2.next = node3

node3.next = node4



print(""Original list:"")

traverseAndPrint(node1)



# Insert a new node with value 97 at position 2

newNode = Node(97)

node1 = insertNodeAtPosition(node1, newNode, 2)



print(""\nAfter insertion:"")

traverseAndPrint(node1)",Python Avanzado
242,Hash Tables,https://www.w3schools.com/python/python_dsa_hashtables.asp,"Hash Tables with Python
Hash Table
A Hash Table is a data structure designed to be fast to work with.
The reason Hash Tables are sometimes preferred instead of arrays or linked lists is because searching for, adding, and deleting data can be done really quickly, even for large amounts of data.
In a Linked List , finding a person ""Bob"" takes time because we would have to go from one node to the next, checking each node, until the node with ""Bob"" is found.
And finding ""Bob"" in an list/array could be fast if we knew the index, but when we only know the name ""Bob"", we need to compare each element and that takes time.
With a Hash Table however, finding ""Bob"" is done really fast because there is a way to go directly to where ""Bob"" is stored, using something called a hash function.
Building A Hash Table from Scratch
To get the idea of what a Hash Table is, let's try to build one from scratch, to store unique first names inside it.
We will build the Hash Table in 5 steps:
Create an empty list (it can also be a dictionary or a set).
Create a hash function.
Inserting an element using a hash function.
Looking up an element using a hash function.
Handling collisions.
Step 1: Create an Empty List
To keep it simple, let's create a list with 10 empty elements.
Each of these elements is called a bucket in a Hash Table.
Step 2: Create a Hash Function
Now comes the special way we interact with Hash Tables.
We want to store a name directly into its right place in the array, and this is where the hash function comes in.
A hash function can be made in many ways, it is up to the creator of the Hash Table.
A common way is to find a way to convert the value into a number that equals one of the Hash Table's index numbers, in this case a number from 0 to 9.
In our example we will use the Unicode number of each character, summarize them and do a modulo 10 operation to get index numbers 0-9.
Example
Create a Hash Function that sums the Unicode numbers of each character and return a number between 0 and 9:
The character B has Unicode number 66 , o has 111 ,
  and b has 98 .
  Adding those together we get 275 .
  Modulo 10 of 275 is 5 ,
  so ""Bob"" should be stored at index 5 .
The number returned by the hash function is called the hash code .
Unicode number: Everything in our computers are stored as numbers, and the Unicode code number is a unique number that exist for every character.
  For example, the character A has Unicode number 65 .
See this page for more information about how characters are represented as numbers.
Modulo: A modulo operation divides a number with another number, and gives us the resulting remainder.
    So for example, 7 % 3 will give us the remainder 1 .
    (Dividing 7 apples between 3 people, means that each person gets 2 apples, with 1 apple to spare.)
In Python and most programming languages, the modolo operator is written as % .
Step 3: Inserting an Element
According to our hash function, ""Bob"" should be stored at index 5.
Lets create a function that add items to our hash table:
Example
After storing ""Bob"" at index 5, our array now looks like this:
We can use the same functions to store ""Pete"", ""Jones"", ""Lisa"", and ""Siri"" as well.
Example
After using the hash function to store those names in the correct position, our array looks like this:
Example
Step 4: Looking up a name
Now that we have a super basic Hash Table, let's see how we can look up a name from it.
To find ""Pete"" in the Hash Table, we give the name ""Pete"" to our hash function. The hash function returns 8 ,
meaning that ""Pete"" is stored at index 8.
Example
Because we do not have to check element by element to find out if ""Pete"" is in there,
  we can just use the hash function to go straight to the right element!
Step 5: Handling collisions
Let's also add ""Stuart"" to our Hash Table.
We give ""Stuart"" to our hash function, which returns 3 , meaning ""Stuart"" should be stored at index 3.
Trying to store ""Stuart"" in index 3, creates what is called a collision , because ""Lisa"" is already stored at index 3.
To fix the collision, we can make room for more elements in the same bucket.
  Solving the collision problem in this way is called chaining , 
  and means giving room for more elements in the same bucket.
Start by creating a new list with the same size as the original list, but with empty buckets:
Rewrite the add() function, and add the same names as before:
Example
After implementing each bucket as a list, ""Stuart"" can also be stored at index 3, and our Hash Set now looks like this:
Result
Searching for ""Stuart"" now takes a little bit longer time, because we also find ""Lisa"" in the same bucket, but still much faster than searching the entire Hash Table.
Uses of Hash Tables
Hash Tables are great for:
Checking if something is in a collection (like finding a book in a library).
Storing unique items and quickly finding them (like storing phone numbers).
Connecting values to keys (like linking names to phone numbers).
The most important reason why Hash Tables are great for these things is that Hash Tables are very fast compared Arrays and Linked Lists,
  especially for large sets.
  Arrays and Linked Lists have time complexity O(n) for search and delete,
  while Hash Tables have just O(1) on average.
Hash Tables Summarized
Hash Table elements are stored in storage containers called buckets .
A hash function takes the key of an element to generate a hash code .
The hash code says what bucket the element belongs to, so now we can go directly to that Hash Table element: to modify it, or to delete it, or just to check if it exists.
A collision happens when two Hash Table elements have the same hash code, because that means they belong to the same bucket .
Collision can be solved by Chaining by using lists to allow more than one element in the same bucket.","my_list = [None, None, None, None, None, None, None, None, None, None]
---
def hash_function(value):

  sum_of_chars = 0

  for char in value:

    sum_of_chars += ord(char)



  return sum_of_chars % 10



print(""'Bob' has hash code:"", hash_function('Bob'))
---
def add(name):

  index = hash_function(name)

  my_list[index] = name



add('Bob')

print(my_list)
---
my_list = [None, None, None, None, None, 'Bob', None, None, None, None]
---
add('Pete')

  add('Jones')

  add('Lisa')

  add('Siri')

  print(my_list)
---
my_list = [None, 'Jones', None, 'Lisa', None, 'Bob', None, 'Siri', 'Pete', None]
---
def contains(name):

  index = hash_function(name)

  return my_list[index] == name



print(""'Pete' is in the Hash Table:"", contains('Pete'))
---
my_list = [

      [],

      [],

      [],

      [],

      [],

      [],

      [],

      [],

      [],

      []

    ]
---
def add(name):

    index = hash_function(name)

    my_list[index].append(name)



  add('Bob')

  add('Pete')

  add('Jones')

  add('Lisa')

  add('Siri')

  add('Stuart')

  print(my_list)
---
my_list = [

  [None],

  ['Jones'],

  [None],

  ['Lisa', 'Stuart'],

  [None],

  ['Bob'],

  [None],

  ['Siri'],

  ['Pete'],

  [None]

]",Python Avanzado
243,Trees,https://www.w3schools.com/python/python_dsa_trees.asp,"Python Trees
A tree is a hierarchical data structure consisting of nodes connected by edges.
Each node contains a value and references to its child nodes.
Trees
The Tree data structure is similar to Linked Lists in that each node contains data and can be linked to other nodes.
We have previously covered data structures like Arrays, Linked Lists, Stacks, and Queues. These are all linear structures, which means that each element follows directly after another in a sequence. Trees however, are different. In a Tree, a single element can have multiple 'next' elements, allowing the data structure to branch out in various directions.
The data structure is called a ""tree"" because it looks like a tree's structure.
The Tree data structure can be useful in many cases:
Hierarchical Data: File systems, organizational models, etc.
Databases: Used for quick data retrieval.
Routing Tables: Used for routing data in network algorithms.
Sorting/Searching: Used for sorting data and searching for data.
Priority Queues: Priority queue data structures are commonly implemented using trees, such as binary heaps.
Types of Trees
Trees are a fundamental data structure in computer science, used to represent hierarchical relationships. This tutorial covers several key types of trees.
Binary Trees: Each node has up to two children, the left child node and the right child node. This structure is the foundation for more complex tree types like Binay Search Trees and AVL Trees.
Binary Search Trees (BSTs): A type of Binary Tree where for each node, the left child node has a lower value, and the right child node has a higher value.
AVL Trees: A type of Binary Search Tree that self-balances so that for every node, the difference in height between the left and right subtrees is at most one. This balance is maintained through rotations when nodes are inserted or deleted.
Each of these data structures are described in detail on the next pages, including animations and how to implement them.
Trees vs Arrays and Linked Lists
Benefits of Trees over Arrays and Linked Lists:
Arrays are fast when you want to access an element directly, like element number 700 in an array of 1000 elements for example. But inserting and deleting elements require other elements to shift in memory to make place for the new element, or to take the deleted elements place, and that is time consuming.
Linked Lists are fast when inserting or deleting nodes, no memory shifting needed, but to access an element inside the list, the list must be traversed, and that takes time.
Trees , such as Binary Trees, Binary Search Trees and AVL Trees, are great compared to Arrays and Linked Lists because they are BOTH fast at accessing a node, AND fast when it comes to deleting or inserting a node, with no shifts in memory needed.",,Python Avanzado
244,Binary Trees,https://www.w3schools.com/python/python_dsa_binarytrees.asp,"Python Binary Trees
A tree is a hierarchical data structure consisting of nodes connected by edges.
Each node contains a value and references to its child nodes.
Binary Trees
A Binary Tree is a type of tree data structure where each node can have a maximum of two child nodes, a left child node and a right child node.
This restriction, that a node can have a maximum of two child nodes, gives us many benefits:
Algorithms like traversing, searching, insertion and deletion become easier to understand, to implement, and run faster.
Keeping data sorted in a Binary Search Tree (BST) makes searching very efficient.
Balancing trees is easier to do with a limited number of child nodes, using an AVL Binary Tree for example.
Binary Trees can be represented as arrays, making the tree more memory efficient.
Binary Tree Implementation
The Binary Tree above can be implemented much like a Linked List , except that instead of linking each node to one next node,
  we create a structure where each node can be linked to both its left and right child nodes.
Example
Create a Binary Tree in Python:
Types of Binary Trees
There are different variants, or types, of Binary Trees worth discussing to get a better understanding of how Binary Trees can be structured.
The different kinds of Binary Trees are also worth mentioning now as these words and concepts will be used later in the tutorial.
Below are short explanations of different types of Binary Tree structures, and below the explanations are drawings of these kinds of structures to make it as easy to understand as possible.
A balanced Binary Tree has at most 1 in difference between its left and right subtree heights, for each node in the tree.
A complete Binary Tree has all levels full of nodes, except the last level, which is can also be full, or filled from left to right. The properties of a complete Binary Tree means it is also balanced.
A full Binary Tree is a kind of tree where each node has either 0 or 2 child nodes.
A perfect Binary Tree has all leaf nodes on the same level, which means that all levels are full of nodes, and all internal nodes have two child nodes.The properties of a perfect Binary Tree means it is also full, balanced, and complete.
Binary Tree Traversal
Going through a Tree by visiting every node, one node at a time, is called traversal.
Since Arrays and Linked Lists are linear data structures, there is only one obvious way to traverse these: start at the first element, or node, and continue to visit the next until you have visited them all.
But since a Tree can branch out in different directions (non-linear), there are different ways of traversing Trees.
There are two main categories of Tree traversal methods:
Breadth First Search (BFS) is when the nodes on the same level are visited before going to the next level in the tree. This means that the tree is explored in a more sideways direction.
Depth First Search (DFS) is when the traversal moves down the tree all the way to the leaf nodes, exploring the tree branch by branch in a downwards direction.
There are three different types of DFS traversals:
pre-order
in-order
post-order
Pre-order Traversal of Binary Trees
Pre-order Traversal is a type of Depth First Search, where each node is visited in a certain order..
Pre-order Traversal is done by visiting the root node first, then recursively do a pre-order traversal of the left subtree, followed by a recursive pre-order traversal of the right subtree. It's used for creating a copy of the tree, prefix notation of an expression tree, etc.
This traversal is ""pre"" order because the node is visited ""before"" the recursive pre-order traversal of the left and right subtrees.
This is how the code for pre-order traversal looks like:
Example
A pre-order traversal:
The first node to be printed is node R, as the Pre-order Traversal works by first visiting, or printing, the current node (line 4), before calling the left and right child nodes recursively (line 5 and 6).
The preOrderTraversal() function keeps traversing the left subtree recursively (line 5), before going on to traversing the right subtree (line 6). So the next nodes that are printed are 'A' and then 'C'.
The first time the argument node is None is when the left child of node C is given as an argument (C has no left child).
After None is returned the first time when calling C's left child, C's right child also returns None , and then the recursive calls continue to propagate back so that A's right child D is the next to be printed.
The code continues to propagate back so that the rest of the nodes in R's right subtree gets printed.
In-order Traversal of Binary Trees
In-order Traversal is a type of Depth First Search, where each node is visited in a certain order.
In-order Traversal does a recursive In-order Traversal of the left subtree, visits the root node, and finally, does a recursive In-order Traversal of the right subtree. This traversal is mainly used for Binary Search Trees where it returns values in ascending order.
What makes this traversal ""in"" order, is that the node is visited in between the recursive function calls. The node is visited after the In-order Traversal of the left subtree, and before the In-order Traversal of the right subtree.
This is how the code for In-order Traversal looks like:
Example
Create an In-order Traversal:
The inOrderTraversal() function keeps calling itself with the current left child node as an argument (line 4) until that argument is None and the function returns (line 2-3).
The first time the argument node is None is when the left child of node C is given as an argument (C has no left child).
After that, the data part of node C is printed (line 5), which means that 'C' is the first thing that gets printed.
Then, node C's right child is given as an argument (line 6), which is None , so the function call returns without doing anything else.
After 'C' is printed, the previous inOrderTraversal() function calls continue to run, so that 'A' gets printed, then 'D', then 'R', and so on.
Post-order Traversal of Binary Trees
Post-order Traversal is a type of Depth First Search, where each node is visited in a certain order..
Post-order Traversal works by recursively doing a Post-order Traversal of the left subtree and the right subtree, followed by a visit to the root node. It is used for deleting a tree, post-fix notation of an expression tree, etc.
What makes this traversal ""post"" is that visiting a node is done ""after"" the left and right child nodes are called recursively.
This is how the code for Post-order Traversal looks like:
Example
Post-order Traversal:
The postOrderTraversal() function keeps traversing the left subtree recursively (line 4), until None is returned when C's left child node is called as the node argument.
After C's left child node returns None , line 5 runs and C's right child node returns None , and then the letter 'C' is printed (line 6).
This means that C is visited, or printed, ""after"" its left and right child nodes are traversed, that is why it is called ""post"" order traversal.
The postOrderTraversal() function continues to propagate back to previous recursive function calls, so the next node to be printed is 'D', then 'A'.
The function continues to propagate back and printing nodes until all nodes are printed, or visited.","class TreeNode:

  def __init__(self, data):

    self.data = data

    self.left = None

    self.right = None



root = TreeNode('R')

nodeA = TreeNode('A')

nodeB = TreeNode('B')

nodeC = TreeNode('C')

nodeD = TreeNode('D')

nodeE = TreeNode('E')

nodeF = TreeNode('F')

nodeG = TreeNode('G')



root.left = nodeA

root.right = nodeB



nodeA.left = nodeC

nodeA.right = nodeD



nodeB.left = nodeE

nodeB.right = nodeF



nodeF.left = nodeG



# Test

print(""root.right.left.data:"", root.right.left.data)
---
def preOrderTraversal(node):

  if node is None:

    return

  print(node.data, end="", "")

  preOrderTraversal(node.left)

  preOrderTraversal(node.right)
---
def inOrderTraversal(node):

  if node is None:

    return

  inOrderTraversal(node.left)

  print(node.data, end="", "")

  inOrderTraversal(node.right)
---
def postOrderTraversal(node):

  if node is None:

    return

  postOrderTraversal(node.left)

  postOrderTraversal(node.right)

  print(node.data, end="", "")",Python Avanzado
245,Binary Search Trees,https://www.w3schools.com/python/python_dsa_binarysearchtrees.asp,"Python Binary Search Trees
A Binary Search Tree is a Binary Tree where every node's left child has a lower value, and every node's right child has a higher value.
A clear advantage with Binary Search Trees is that operations like search, delete, and insert are fast and done without having to shift values in memory.
Binary Search Trees
A Binary Search Tree (BST) is a type of Binary Tree data structure , where the following properties must be true for any node ""X"" in the tree:
The X node's left child and all of its descendants (children, children's children, and so on) have lower values than X's value.
The right child, and all its descendants have higher values than X's value.
Left and right subtrees must also be Binary Search Trees.
These properties makes it faster to search, add and delete values than a regular binary tree.
To make this as easy to understand and implement as possible, let's also assume that all values in a Binary Search Tree are unique.
The size of a tree is the number of nodes in it (n) .
A subtree starts with one of the nodes in the tree as a local root, and consists of that node and all its descendants.
The descendants of a node are all the child nodes of that node, and all their child nodes, and so on. Just start with a node, and the descendants will be all nodes that are connected below that node.
The node's height is the maximum number of edges between that node and a leaf node.
A node's in-order successor is the node that comes after it if we were to do in-order traversal. In-order traversal of the BST above would result in node 13 coming before node 14, and so the successor of node 13 is node 14.
Traversal of a Binary Search Tree
Just to confirm that we actually have a Binary Search Tree data structure in front of us, we can check if the properties at the top of this page are true. So for every node in the figure above, check if all the values to the left of the node are lower, and that all values to the right are higher.
Another way to check if a Binary Tree is BST, is to do an in-order traversal (like we did on the previous page) and check if the resulting list of values are in an increasing order.
The code below is an implementation of the Binary Search Tree in the figure above, with traversal.
Example
Traversal of a Binary Search Tree in Python
As we can see by running the code example above, the in-order traversal produces a list of numbers in an increasing (ascending) order, which means that this Binary Tree is a Binary Search Tree.
Search for a Value in a BST
Searching for a value in a BST is very similar to how we found a value using Binary Search on an array.
For Binary Search to work, the array must be sorted already, and searching for a value in an array can then be done really fast.
Similarly, searching for a value in a BST can also be done really fast because of how the nodes are placed.
How it works:
Start at the root node.
If this is the value we are looking for, return.
If the value we are looking for is higher, continue searching in the right subtree.
If the value we are looking for is lower, continue searching in the left subtree.
If the subtree we want to search does not exist, depending on the programming language, return None , or NULL , or something similar, to indicate that the value is not inside the BST.
The algorithm can be implemented like this:
Example
Search the Tree for the value ""13""
The time complexity for searching a BST for a value is O(h) , where h is the height of the tree.
For a BST with most nodes on the right side for example, the height of the tree becomes larger than it needs to be, and the worst case search will take longer. Such trees are called unbalanced.
Both Binary Search Trees above have the same nodes, and in-order traversal of both trees gives us the same result but the height is very different. It takes longer time to search the unbalanced tree above because it is higher.
We will use the next page to describe a type of Binary Tree called AVL Trees. AVL trees are self-balancing, which means that the height of the tree is kept to a minimum so that operations like search, insertion and deletion take less time.
Insert a Node in a BST
Inserting a node in a BST is similar to searching for a value.
How it works:
Start at the root node.
Compare each node: Is the value lower? Go left. Is the value higher? Go right.
Is the value lower? Go left.
Is the value higher? Go right.
Continue to compare nodes with the new value until there is no right or left to compare with. That is where the new node is inserted.
Inserting nodes as described above means that an inserted node will always become a new leaf node.
All nodes in the BST are unique, so in case we find the same value as the one we want to insert, we do nothing.
This is how node insertion in BST can be implemented:
Example
Inserting a node in a BST:
Find The Lowest Value in a BST Subtree
The next section will explain how we can delete a node in a BST, but to do that we need a function that finds the lowest value in a node's subtree.
How it works:
Start at the root node of the subtree.
Go left as far as possible.
The node you end up in is the node with the lowest value in that BST subtree.
This is how a function for finding the lowest value in the subtree of a BST node looks like:
Example
Find the lowest value in a BST subtree
We will use this minValueNode() function in the section below, to find a node's in-order successor, and use that to delete a node.
Delete a Node in a BST
To delete a node, our function must first search the BST to find it.
After the node is found there are three different cases where deleting a node must be done differently.
How it works:
If the node is a leaf node, remove it by removing the link to it.
If the node only has one child node, connect the parent node of the node you want to remove to that child node.
If the node has both right and left child nodes: Find the node's in-order successor, change values with that node, then delete it.
In step 3 above, the successor we find will always be a leaf node, and because it is the node that comes right after the node we want to delete, we can swap values with it and delete it.
This is how a BST can be implemented with functionality for deleting a node:
Example
Delete a Node in a BST
Line 1 : The node argument here makes it possible for the function to call itself recursively on smaller and smaller subtrees in the search for the node with the data we want to delete.
Line 2-8 : This is searching for the node with correct data that we want to delete.
Line 9-22 : The node we want to delete has been found. There are three such cases:
Case 1 : Node with no child nodes (leaf node). None is returned, and that becomes the parent node's new left or right value by recursion (line 6 or 8).
Case 2 : Node with either left or right child node. That left or right child node becomes the parent's new left or right child through recursion (line 7 or 9).
Case 3 : Node has both left and right child nodes. The in-order successor is found using the minValueNode() function. We keep the successor's value by setting it as the value of the node we want to delete, and then we can delete the successor node.
Line 24 : node is returned to maintain the recursive functionality.
BST Compared to Other Data Structures
Binary Search Trees take the best from two other data structures: Arrays and Linked Lists.
Data Structure
Searching for a value
Delete / Insert leads to shifting in memory
Sorted Array
O(\log n)
Yes
Linked List
O(n)
No
Binary Search Tree
O(\log n)
No
Searching a BST is just as fast as Binary Search on an array, with the same time complexity O(log n) .
And deleting and inserting new values can be done without shifting elements in memory, just like with Linked Lists.
BST Balance and Time Complexity
On a Binary Search Tree, operations like inserting a new node, deleting a node, or searching for a node are actually O(h) . That means that the higher the tree is ( h ), the longer the operation will take.
The reason why we wrote that searching for a value is O(log n) in the table above is because that is true if the tree is ""balanced"", like in the image below.
We call this tree balanced because there are approximately the same number of nodes on the left and right side of the tree.
The exact way to tell that a Binary Tree is balanced is that the height of the left and right subtrees of any node only differs by one.
   In the image above, the left subtree of the root node has height h=2 ,
   and the right subtree has height h=3 .
For a balanced BST, with a large number of nodes (big n ),
  we get height h ≈ \log_2 n , and therefore the time complexity for searching,
  deleting, or inserting a node can be written as O(h) = O(\log n) .
But, in case the BST is completely unbalanced, like in the image below, the height of the tree is approximately the same as the number of nodes, h ≈ n , and we get time complexity O(h) = O(n) for searching, deleting, or inserting a node.
So, to optimize operations on a BST, the height must be minimized, and to do that the tree must be balanced.
And keeping a Binary Search Tree balanced is exactly what AVL Trees do, which is the data structure explained on the next page.","class TreeNode:

  def __init__(self, data):

    self.data = data

    self.left = None

    self.right = None



def inOrderTraversal(node):

  if node is None:

    return

  inOrderTraversal(node.left)

  print(node.data, end="", "")

  inOrderTraversal(node.right)



root = TreeNode(13)

node7 = TreeNode(7)

node15 = TreeNode(15)

node3 = TreeNode(3)

node8 = TreeNode(8)

node14 = TreeNode(14)

node19 = TreeNode(19)

node18 = TreeNode(18)



root.left = node7

root.right = node15



node7.left = node3

node7.right = node8



node15.left = node14

node15.right = node19



node19.left = node18



# Traverse

inOrderTraversal(root)
---
def search(node, target):

  if node is None:

    return None

  elif node.data == target:

    return node

  elif target < node.data:

    return search(node.left, target)

  else:

    return search(node.right, target)



# Search for a value

result = search(root, 13)

if result:

  print(f""Found the node with value: {result.data}"")

else:

  print(""Value not found in the BST."")
---
def insert(node, data):

  if node is None:

    return TreeNode(data)

  else:

    if data < node.data:

      node.left = insert(node.left, data)

    elif data > node.data:

      node.right = insert(node.right, data)

  return node



# Inserting new value into the BST

insert(root, 10)
---
def minValueNode(node):

  current = node

  while current.left is not None:

    current = current.left

  return current



# Find Lowest

print(""\nLowest value:"",minValueNode(root).data)
---
def delete(node, data):

  if not node:

    return None



  if data < node.data:

    node.left = delete(node.left, data)

  elif data > node.data:

    node.right = delete(node.right, data)

  else:

    # Node with only one child or no child

    if not node.left:

      temp = node.right

      node = None

      return temp

    elif not node.right:

      temp = node.left

      node = None

      return temp



    # Node with two children, get the in-order successor

    node.data = minValueNode(node.right).data

    node.right = delete(node.right, node.data)



  return node



# Delete node 15

delete(root,15)",Python Avanzado
246,AVL Trees,https://www.w3schools.com/python/python_dsa_avltrees.asp,"Python AVL Trees
The AVL Tree is a type of Binary Search Tree named after two Soviet inventors Georgy A delson- V elsky and Evgenii L andis who invented the AVL Tree in 1962.
AVL trees are self-balancing, which means that the tree height is kept to a minimum so that a very fast runtime is guaranteed for searching, inserting and deleting nodes, with time complexity \(O( \log n)\).
AVL Trees
The only difference between a regular Binary Search Tree and an AVL Tree is that AVL Trees do rotation operations in addition, to keep the tree balance.
A Binary Search Tree is in balance when the difference in height between left and right subtrees is less than 2.
By keeping balance, the AVL Tree ensures a minimum tree height, which means that search, insert, and delete operations can be done really fast.
The two trees above are both Binary Search Trees, they have the same nodes, and the same in-order traversal (alphabetical), but the height is very different because the AVL Tree has balanced itself.
Step through the building of an AVL Tree in the animation below to see how the balance factors are updated, and how rotation operations are done when required to restore the balance.
Continue reading to learn more about how the balance factor is calculated, how rotation operations are done, and how AVL Trees can be implemented.
Left and Right Rotations
To restore balance in an AVL Tree, left or right rotations are done, or a combination of left and right rotations.
The previous animation shows one specific left rotation, and one specific right rotation.
But in general, left and right rotations are done like in the animation below.
Notice how the subtree changes its parent. Subtrees change parent in this way during rotation to maintain the correct in-order traversal, and to maintain the BST property that the left child is less than the right child, for all nodes in the tree.
Also keep in mind that it is not always the root node that become unbalanced and need rotation.
The Balance Factor
A node's balance factor is the difference in subtree heights.
The subtree heights are stored at each node for all nodes in an AVL Tree, and the balance factor is calculated based on its subtree heights to check if the tree has become out of balance.
The height of a subtree is the number of edges between the root node of the subtree and the leaf node farthest down in that subtree.
The Balance Factor (\(BF\)) for a node (\(X\)) is the difference in height between its right and left subtrees.
\[ BF(X) = height(rightSubtree(X)) - height(leftSubtree(X)) \]
Balance factor values
0: The node is in balance.
more than 0: The node is ""right heavy"".
less than 0: The node is ""left heavy"".
If the balance factor is less than -1, or more than 1, for one or more nodes in the tree, the tree is considered not in balance, and a rotation operation is needed to restore balance.
Let's take a closer look at the different rotation operations that an AVL Tree can do to regain balance.
The Four ""out-of-balance"" Cases
When the balance factor of just one node is less than -1, or more than 1, the tree is regarded as out of balance, and a rotation is needed to restore balance.
There are four different ways an AVL Tree can be out of balance, and each of these cases require a different rotation operation.
Case
Description
Rotation to Restore Balance
Left-Left (LL)
The unbalanced node and its left child node are both left-heavy.
A single right rotation.
Right-Right (RR)
The unbalanced node and its right child node are both right-heavy.
A single left rotation.
Left-Right (LR)
The unbalanced node is left heavy, and its left child node is right heavy.
First do a left rotation on the left child node, then do a right rotation on the unbalanced node.
Right-Left (RL)
The unbalanced node is right heavy, and its right child node is left heavy.
First do a right rotation on the right child node, then do a left rotation on the unbalanced node.
See animations and explanations of these cases below.
The Left-Left (LL) Case
The node where the unbalance is discovered is left heavy, and the node's left child node is also left heavy.
When this LL case happens, a single right rotation on the unbalanced node is enough to restore balance.
Step through the animation below to see the LL case, and how the balance is restored by a single right rotation.
As you step through the animation above, two LL cases happen:
When D is added, the balance factor of Q becomes -2, which means the tree is unbalanced. This is an LL case because both the unbalance node Q and its left child node P are left heavy (negative balance factors). A single right rotation at node Q restores the tree balance.
After nodes L, C, and B are added, P's balance factor is -2, which means the tree is out of balance. This is also an LL case because both the unbalanced node P and its left child node D are left heavy. A single right rotation restores the balance.
Note: The second time the LL case happens in the animation above, a right rotation is done, and L goes from being the right child of D to being the left child of P. Rotations are done like that to keep the correct in-order traversal ('B, C, D, L, P, Q' in the animation above). Another reason for changing parent when a rotation is done is to keep the BST property, that the left child is always lower than the node, and that the right child always higher.
The Right-Right (RR) Case
A Right-Right case happens when a node is unbalanced and right heavy, and the right child node is also right heavy.
A single left rotation at the unbalanced node is enough to restore balance in the RR case.
The RR case happens two times in the animation above:
When node D is inserted, A becomes unbalanced, and bot A and B are right heavy. A left rotation at node A restores the tree balance.
After nodes E, C and F are inserted, node B becomes unbalanced. This is an RR case because both node B and its right child node D are right heavy. A left rotation restores the tree balance.
The Left-Right (LR) Case
The Left-Right case is when the unbalanced node is left heavy, but its left child node is right heavy.
In this LR case, a left rotation is first done on the left child node, and then a right rotation is done on the original unbalanced node.
Step through the animation below to see how the Left-Right case can happen, and how the rotation operations are done to restore balance.
As you are building the AVL Tree in the animation above, the Left-Right case happens 2 times, and rotation operations are required and done to restore balance:
When K is inserted, node Q gets unbalanced with a balance factor of -2, so it is left heavy, and its left child E is right heavy, so this is a Left-Right case.
After nodes C, F, and G are inserted, node K becomes unbalanced and left heavy, with its left child node E right heavy, so it is a Left-Right case.
The Right-Left (RL) Case
The Right-Left case is when the unbalanced node is right heavy, and its right child node is left heavy.
In this case we first do a right rotation on the unbalanced node's right child, and then we do a left rotation on the unbalanced node itself.
Step through the animation below to see how the Right-Left case can occur, and how rotations are done to restore the balance.
After inserting node B, we get a Right-Left case because node A becomes unbalanced and right heavy, and its right child is left heavy. To restore balance, a right rotation is first done on node F, and then a left rotation is done on node A.
The next Right-Left case occurs after nodes G, E, and D are added. This is a Right-Left case because B is unbalanced and right heavy, and its right child F is left heavy. To restore balance, a right rotation is first done on node F, and then a left rotation is done on node B.
Retracing in AVL Trees
After inserting or deleting a node in an AVL tree, the tree may become unbalanced. To find out if the tree is unbalanced, we need to update the heights and recalculate the balance factors of all ancestor nodes.
This process, known as retracing, is handled through recursion. As the recursive calls propagate back to the root after an insertion or deletion, each ancestor node's height is updated and the balance factor is recalculated. If any ancestor node is found to have a balance factor outside the range of -1 to 1, a rotation is performed at that node to restore the tree's balance.
In the simulation below, after inserting node F, the nodes C, E and H are all unbalanced, but since retracing works through recursion, the unbalance at node H is discovered and fixed first, which in this case also fixes the unbalance in nodes E and C.
After node F is inserted, the code will retrace, calculating balancing factors as it propagates back up towards the root node. When node H is reached and the balancing factor -2 is calculated, a right rotation is done. Only after this rotation is done, the code will continue to retrace, calculating balancing factors further up on ancestor nodes E and C.
Because of the rotation, balancing factors for nodes E and C stay the same as before node F was inserted.
AVL Tree Implementation in Python
This code is based on the BST implementation on the previous page , for inserting nodes.
There is only one new attribute for each node in the AVL tree compared to the BST, and that is the height, but there are many new functions and extra code lines needed for the AVL Tree implementation because of how the AVL Tree rebalances itself.
The implementation below builds an AVL tree based on a list of characters, to create the AVL Tree in the simulation above. The last node to be inserted 'F', also triggers a right rotation, just like in the simulation above.
Example
Implement AVL Tree in Python:
AVL Delete Node Implementation
When deleting a node that is not a leaf node, the AVL Tree requires the minValueNode() function to find a node's next  node in the in-order traversal. This is the same as when deleting a node in a Binary Search Tree, as explained on the previous page.
To delete a node in an AVL Tree, the same code to restore balance is needed as for the code to insert a node.
Example
Delete Node:
Time Complexity for AVL Trees
Take a look at the unbalanced Binary Search Tree below. Searching for ""M"" means that all nodes except 1 must be compared. But searching for ""M"" in the AVL Tree below only requires us to visit 4 nodes.
So in worst case, algorithms like search, insert, and delete must run through the whole height of the tree. This means that keeping the height (h) of the tree low, like we do using AVL Trees, gives us a lower runtime.
See the comparison of the time complexities between Binary Search Trees and AVL Trees below, and how the time complexities relate to the height (\(h\)) of the tree, and the number of nodes (\(n\)) in the tree.
The BST is not self-balancing. This means that a BST can be very unbalanced, almost like a long chain, where the height is nearly the same as the number of nodes. This makes operations like searching, deleting and inserting nodes slow, with time complexity \(O(h) = O(n)\).
The AVL Tree however is self-balancing. That means that the height of the tree is kept to a minimum so that operations like searching, deleting and inserting nodes are much faster, with time complexity \(O(h) = O( \log n)\).
\(O( \log n)\) Explained
The fact that the time complexity is \(O(h) = O( \log n)\) for search, insert, and delete on an AVL Tree with height \(h\) and nodes \(n\) can be explained like this:
Imagine a perfect Binary Tree where all nodes have two child nodes except on the lowest level, like the AVL Tree below.
The number of nodes on each level in such an AVL Tree are:
\[1, 2, 4, 8, 16, 32, ..\]
Which is the same as:
\[2^0, 2^1, 2^2, 2^3, 2^4, 2^5, ..\]
To get the number of nodes \(n\) in a perfect Binary Tree with height \(h=3\), we can add the number of nodes on each level together:
\[n_3=2^0 + 2^1 + 2^2 + 2^3 = 15\]
Which is actually the same as:
\[n_3=2^4 - 1 = 15\]
And this is actually the case for larger trees as well! If we want to get the number of nodes \(n \) in a tree with height \(h=5 \) for example, we find the number of nodes like this:
\[n_5=2^6 - 1 = 63\]
So in general, the relationship between the height \(h \) of a perfect Binary Tree and the number of nodes in it \(n \), can be expressed like this:
\[n_h = 2^{h+1} - 1\]
Note: The formula above can also be found by calculating the sum of the geometric series \(2^0 + 2^1 + 2^2+  2^3 + ... + 2^n \)
We know that the time complexity for searching, deleting, or inserting a node in an AVL tree is \(O(h) \), but we want to argue that the time complexity is actually \(O(\log(n)) \), so we need to find the height \(h\) described by the number of nodes \(n\):
\[
  \begin{equation}
  \begin{aligned}
  n             & = 2^{h+1}-1 \\
  n+1           & = 2^{h+1} \\
  \log_2(n+1)   & = \log_2(2^{h+1}) \\
  h             & = \log_2(n+1) - 1 \\
  \\
  O(h)          & = O(\log{n})
  \end{aligned}
  \end{equation}
  \]
How the last line above is derived might not be obvious, but for a Binary Tree with a lot of nodes (big \(n\)), the ""+1"" and ""-1"" terms are not important when we consider time complexity. For more details on how to calculate the time complexity using Big O notation, see this page .
The math above shows that the time complexity for search, delete, and insert operations on an AVL Tree \(O(h) \), can actually be expressed as \(O(\log{n}) \), which is fast, a lot faster than the time complexity for BSTs which is \(O(n) \).","class TreeNode:

    def __init__(self, data):

      self.data = data

      self.left = None

      self.right = None

      self.height = 1



  def getHeight(node):

    if not node:

      return 0

    return node.height



  def getBalance(node):

    if not node:

      return 0

    return getHeight(node.left) - getHeight(node.right)



  def rightRotate(y):

    print('Rotate right on node',y.data)

    x = y.left

    T2 = x.right

    x.right = y

    y.left = T2

    y.height = 1 + max(getHeight(y.left), getHeight(y.right))

    x.height = 1 + max(getHeight(x.left), getHeight(x.right))

    return x



  def leftRotate(x):

    print('Rotate left on node',x.data)

    y = x.right

    T2 = y.left

    y.left = x

    x.right = T2

    x.height = 1 + max(getHeight(x.left), getHeight(x.right))

    y.height = 1 + max(getHeight(y.left), getHeight(y.right))

    return y



  def insert(node, data):

    if not node:

      return TreeNode(data)



    if data < node.data:

      node.left = insert(node.left, data)

    elif data > node.data:

      node.right = insert(node.right, data)



    # Update the balance factor and balance the tree

    node.height = 1 + max(getHeight(node.left), getHeight(node.right))

    balance = getBalance(node)



    # Balancing the tree

    # Left Left

    if balance > 1 and getBalance(node.left) >= 0:

      return rightRotate(node)



    # Left Right

    if balance > 1 and getBalance(node.left) < 0:

      node.left = leftRotate(node.left)

      return rightRotate(node)



    # Right Right

    if balance < -1 and getBalance(node.right) <= 0:

      return leftRotate(node)



    # Right Left

    if balance < -1 and getBalance(node.right) > 0:

      node.right = rightRotate(node.right)

      return leftRotate(node)



    return node



  def inOrderTraversal(node):

    if node is None:

      return

    inOrderTraversal(node.left)

    print(node.data, end="", "")

    inOrderTraversal(node.right)



  # Inserting nodes

  root = None

  letters = ['C', 'B', 'E', 'A', 'D', 'H', 'G', 'F']

  for letter in letters:

    root = insert(root, letter)



  inOrderTraversal(root)
---
def minValueNode(node):

    current = node

    while current.left is not None:

      current = current.left

    return current



  def delete(node, data):

    if not node:

      return node



    if data < node.data:

      node.left = delete(node.left, data)

    elif data > node.data:

      node.right = delete(node.right, data)

    else:

      if node.left is None:

        temp = node.right

        node = None

        return temp

      elif node.right is None:

        temp = node.left

        node = None

        return temp



      temp = minValueNode(node.right)

      node.data = temp.data

      node.right = delete(node.right, temp.data)



    return node



  def inOrderTraversal(node):

    if node is None:

      return

    inOrderTraversal(node.left)

    print(node.data, end="", "")

    inOrderTraversal(node.right)



  # Inserting nodes

  root = None

  letters = ['C', 'B', 'E', 'A', 'D', 'H', 'G', 'F']

  for letter in letters:

    root = insert(root, letter)



  inOrderTraversal(root)",Python Avanzado
247,Graphs,https://www.w3schools.com/python/python_dsa_graphs.asp,"Python Graphs
Graphs
A Graph is a non-linear data structure that consists of vertices (nodes) and edges.
A vertex, also called a node, is a point or an object in the Graph, and an edge is used to connect two vertices with each other.
Graphs are non-linear because the data structure allows us to have different paths to get from one vertex to another, unlike with linear data structures like Arrays or Linked Lists.
Graphs are used to represent and solve problems where the data consists of objects and relationships between them, such as:
Social Networks:  Each person is a vertex, and relationships (like friendships) are the edges. Algorithms can suggest potential friends.
Maps and Navigation:  Locations, like a town or bus stops, are stored as vertices, and roads are stored as edges. Algorithms can find the shortest route between two locations when stored as a Graph.
Internet: Can be represented as a Graph, with web pages as vertices and hyperlinks as edges.
Biology: Graphs can model systems like neural networks or the spread of diseases.
Graph Representations
A Graph representation tells us how a Graph is stored in memory.
Different Graph representations can:
take up more or less space.
be faster or slower to search or manipulate.
be better suited depending on what type of Graph we have (weighted, directed, etc.), and what we want to do with the Graph.
be easier to understand and implement than others.
Below are short introductions of the different Graph representations, but Adjacency Matrix is the representation we will use for Graphs moving forward in this tutorial, as it is easy to understand and implement, and works in all cases relevant for this tutorial.
Graph representations store information about which vertices are adjacent, and how the edges between the vertices are. Graph representations are slightly different if the edges are directed or weighted.
Two vertices are adjacent, or neighbors, if there is an edge between them.
Adjacency Matrix Graph Representation
Adjacency Matrix is the Graph representation (structure) we will use for this tutorial.
How to implement an Adjacency Matrix is shown on the next page.
The Adjacency Matrix is a 2D array (matrix) where each cell on index (i,j) stores information about the edge from vertex i to vertex j .
Below is a Graph with the Adjacency Matrix representation next to it.
The adjacency matrix above represents an undirected Graph, so the values '1' only tells us where the edges are. Also, the values in the adjacency matrix is symmetrical because the edges go both ways (undirected Graph).
To create a directed Graph with an adjacency matrix, we must decide which vertices the edges go from and to, by inserting the value at the correct indexes (i,j) . To represent a weighted Graph we can put other values than '1' inside the adjacency matrix.
Below is a directed and weighted Graph with the Adjacency Matrix representation next to it.
In the adjacency matrix above, the value 3 on index (0,1) tells us there is an edge from vertex A to vertex B, and the weight for that edge is 3 .
As you can see, the weights are placed directly into the adjacency matrix for the correct edge, and for a directed Graph, the adjacency matrix does not have to be symmetric.
Adjacency List Graph Representation
In case we have a 'sparse' Graph with many vertices, we can save space by using an Adjacency List compared to using an Adjacency Matrix, because an Adjacency Matrix would reserve a lot of memory on empty Array elements for edges that don't exist.
A 'sparse' Graph is a Graph where each vertex only has edges to a small portion of the other vertices in the Graph.
An Adjacency List has an array that contains all the vertices in the Graph, and each vertex has a Linked List (or Array) with the vertex's edges.
In the adjacency list above, the vertices A to D are placed in an Array, and each vertex in the array has its index written right next to it.
Each vertex in the Array has a pointer to a Linked List that represents that vertex's edges. More specifically, the Linked List contains the indexes to the adjacent (neighbor) vertices.
So for example, vertex A has a link to a Linked List with values 3, 1, and 2. These values are the indexes to A's adjacent vertices D, B, and C.
An Adjacency List can also represent a directed and weighted Graph, like this:
In the Adjacency List above, vertices are stored in an Array. Each vertex has a pointer to a Linked List with edges stored as i,w , where i is the index of the vertex the edge goes to, and w is the weight of that edge.
Node D for example, has a pointer to a Linked List with an edge to vertex A. The values 0,4 means that vertex D has an edge to vertex on index 0 (vertex A), and the weight of that edge is 4 .",,Python Avanzado
248,Linear Search,https://www.w3schools.com/python/python_dsa_linearsearch.asp,"Linear Search with Python
Linear Search
Linear search (or sequential search) is the simplest search algorithm. It checks each element one by one.
{{ msgDone }}
Run the simulation above to see how the Linear Search algorithm works.
This algorithm is very simple and easy to understand and implement.
How it works:
Go through the array value by value from the start.
Compare each value to check if it is equal to the value we are looking for.
If the value is found, return the index of that value.
If the end of the array is reached and the value is not found, return -1 to indicate that the value was not found.
If the array is already sorted, it is better to use the much faster Binary Search algorithm that we will explore on the next page.
Implement Linear Search in Python
In Python, the fastest way check if a value exists in a list is to use the in operator.
Example
Check if a value exists in a list:
But if you need to find the index of a value, you will need to implement a linear search:
Example
Find the index of a value in a list:
To implement the Linear Search algorithm we need:
An array with values to search through.
A target value to search for.
A loop that goes through the array from start to end.
An if-statement that compares the current value with the target value, and returns the current index if the target value is found.
After the loop, return -1, because at this point we know the target value has not been found.
Linear Search Time Complexity
If Linear Search runs and finds the target value as the first array value in an array with \(n\) values, only one compare is needed.
But if Linear Search runs through the whole array of \(n\) values, without finding the target value, \(n\) compares are needed.
This means that time complexity for Linear Search is: \( O(n) \)
If we draw how much time Linear Search needs to find a value in an array of \(n\) values, we get this graph:","mylist = [3, 7, 2, 9, 5, 1, 8, 4, 6]



if 4 in mylist:

  print(""Found!"")

else:

  print(""Not found!"")
---
def linearSearch(arr, targetVal):

  for i in range(len(arr)):

    if arr[i] == targetVal:

      return i

  return -1



mylist = [3, 7, 2, 9, 5, 1, 8, 4, 6]

x = 4



result = linearSearch(mylist, x)



if result != -1:

  print(""Found at index"", result)

else:

  print(""Not found"")",Python Avanzado
249,Binary Search,https://www.w3schools.com/python/python_dsa_binarysearch.asp,"Binary Search with Python
Binary Search
The Binary Search algorithm searches through a sorted array and returns the index of the value it searches for.
{{ msgDone }}
Run the simulation to see how the Binary Search algorithm works.
Binary Search is much faster than Linear Search, but requires a sorted array to work.
The Binary Search algorithm works by checking the value in the center of the array. If the target value is lower, the next value to check is in the center of the left half of the array. This way of searching means that the search area is always half of the previous search area, and this is why the Binary Search algorithm is so fast.
This process of halving the search area happens until the target value is found, or until the search area of the array is empty.
How it works:
Check the value in the center of the array.
If the target value is lower, search the left half of the array. If the target value is higher, search the right half.
Continue step 1 and 2 for the new reduced part of the array until the target value is found or until the search area is empty.
If the value is found, return the target value index. If the target value is not found, return -1.
Manual Run Through
Let's try to do the searching manually, just to get an even better understanding of how Binary Search works before actually implementing it in a Python program. We will search for value 11.
Step 1: We start with an array.
Step 2: The value in the middle of the array at index 3, is it equal to 11?
Step 3: 7 is less than 11, so we must search for 11 to the right of index 3. The values to the right of index 3 are [ 11, 15, 25]. The next value to check is the middle value 15, at index 5.
Step 4: 15 is higher than 11, so we must search to the left of index 5. We have already checked index 0-3, so index 4 is only value left to check.
We have found it!
Value 11 is found at index 4.
Returning index position 4.
Binary Search is finished.
Run the simulation below to see the steps above animated:
Implementing Binary Search in Python
To implement the Binary Search algorithm we need:
An array with values to search through.
A target value to search for.
A loop that runs as long as left index is less than, or equal to, the right index.
An if-statement that compares the middle value with the target value, and returns the index if the target value is found.
An if-statement that checks if the target value is less than, or larger than, the middle value, and updates the ""left"" or ""right"" variables to narrow down the search area.
After the loop, return -1, because at this point we know the target value has not been found.
The resulting code for Binary Search looks like this:
Example
Create a Binary Search algorithm in Python:
Binary Search Time Complexity
Each time Binary Search checks a new value to see if it is the target value, the search area is halved.
This means that even in the worst case scenario where Binary Search cannot find the target value, it still only needs \( \log_{2}n \) comparisons to look through a sorted array of \(n\) values.
Time complexity for Binary Search is: \( O( \log_{2} n ) \)
Note: When writing time complexity using Big O notation we could also just have written \( O( \log n ) \), but \( O( \log_{2} n ) \) reminds us that the array search area is halved for every new comparison, which is the basic concept of Binary Search, so we will just keep the base 2 indication in this case.
If we draw how much time Binary Search needs to find a value in an array of \(n\) values, compared to Linear Search, we get this graph:","[ 2, 3, 7, 7, 11, 15, 25]
---
[ 2, 3, 7,
 7
, 11, 15, 25]
---
[ 2, 3, 7, 7, 11,
 15
, 25]
---
[ 2, 3, 7, 7,
 11
, 15, 25]
---
def binarySearch(arr, targetVal):

  left = 0

  right = len(arr) - 1



  while left <= right:

    mid = (left + right) // 2



    if arr[mid] == targetVal:

      return mid



    if arr[mid] < targetVal:

      left = mid + 1

    else:

      right = mid - 1



  return -1



mylist = [1, 3, 5, 7, 9, 11, 13, 15, 17, 19]

x = 11



result = binarySearch(mylist, x)



if result != -1:

  print(""Found at index"", result)

else:

  print(""Not found"")",Python Avanzado
250,Bubble Sort,https://www.w3schools.com/python/python_dsa_bubblesort.asp,"Bubble Sort with Python
Bubble Sort
Bubble Sort is an algorithm that sorts an array from the lowest value to the highest value.
Run the simulation to see how it looks like when the Bubble Sort algorithm sorts an array of values. Each value in the array is represented by a column.
The word 'Bubble' comes from how this algorithm works, it makes the highest values 'bubble up'.
How it works:
Go through the array, one value at a time.
For each value, compare the value with the next value.
If the value is higher than the next one, swap the values so that the highest value comes last.
Go through the array as many times as there are values in the array.
Manual Run Through
Before we implement the Bubble Sort algorithm in a programming language, let's manually run through a short array only one time, just to get the idea.
Step 1: We start with an unsorted array.
Step 2: We look at the two first values. Does the lowest value come first? Yes, so we don't need to swap them.
Step 3: Take one step forward and look at values 12 and 9. Does the lowest value come first? No.
Step 4: So we need to swap them so that 9 comes first.
Step 5: Taking one step forward, looking at 12 and 11.
Step 6: We must swap so that 11 comes before 12.
Step 7: Looking at 12 and 3, do we need to swap them? Yes.
Step 8: Swapping 12 and 3 so that 3 comes first.
Repeat until no more swaps are needed and you will get a sorted array:
Implement Bubble Sort in Python
To implement the Bubble Sort algorithm in Python, we need:
An array with values to sort.
An inner loop that goes through the array and swaps values if the first value is higher than the next value. This loop must loop through one less value each time it runs.
An outer loop that controls how many times the inner loop must run. For an array with n values, this outer loop must run n-1 times.
The resulting code looks like this:
Example
Create a Bubble Sort algorithm in Python:
Bubble Sort Improvement
The Bubble Sort algorithm can be improved a little bit more.
Imagine that the array is almost sorted already, with the lowest numbers at the start, like this for example:
In this case, the array will be sorted after the first run, but the Bubble Sort algorithm will continue to run, without swapping elements, and that is not necessary.
If the algorithm goes through the array one time without swapping any values, the array must be finished sorted, and we can stop the algorithm, like this:
Example
Improved Bubble Sort algorithm:
Bubble Sort Time Complexity
The Bubble Sort algorithm loops through every value in the array, comparing it to the value next to it. So for an array of \(n\) values, there must be \(n\) such comparisons in one loop.
And after one loop, the array is looped through again and again \(n\) times.
This means there are \(n \cdot n\) comparisons done in total, so the time complexity for Bubble Sort is: \( O(n^2) \)
The graph describing the Bubble Sort time complexity looks like this:
As you can see, the run time increases really fast when the size of the array is increased.
Luckily there are sorting algorithms that are faster than this, like Quicksort , that we will look at later.","[7, 12, 9, 11, 3]
---
[
7, 12,
 9, 11, 3]
---
[7,
12, 9,
 11, 3]
---
[7,
9, 12,
 11, 3]
---
[7, 9,
12, 11,
 3]
---
[7, 9,
11, 12,
 3]
---
[7, 9, 11,
12, 3
]
---
[7, 9, 11,
3, 12
]
---
mylist = [64, 34, 25, 12, 22, 11, 90, 5]



n = len(mylist)

for i in range(n-1):

  for j in range(n-i-1):

    if mylist[j] > mylist[j+1]:

      mylist[j], mylist[j+1] = mylist[j+1], mylist[j]



print(mylist)
---
mylist = [7, 3, 9, 12, 11]
---
mylist = [7, 3, 9, 12, 11]



n = len(mylist)

for i in range(n-1):

  swapped = False

  for j in range(n-i-1):

    if mylist[j] > mylist[j+1]:

      mylist[j], mylist[j+1] = mylist[j+1], mylist[j]

      swapped = True

  if not swapped:

    break



print(mylist)",Python Avanzado
251,Selection Sort,https://www.w3schools.com/python/python_dsa_selectionsort.asp,"Selection Sort with Python
Selection Sort
The Selection Sort algorithm finds the lowest value in an array and moves it to the front of the array.
The algorithm looks through the array again and again, moving the next lowest values to the front, until the array is sorted.
How it works:
Go through the array to find the lowest value.
Move the lowest value to the front of the unsorted part of the array.
Go through the array again as many times as there are values in the array.
Manual Run Through
Before we implement the Selection Sort algorithm in Python program, let's manually run through a short array only one time, just to get the idea.
Step 1: We start with an unsorted array.
Step 2: Go through the array, one value at a time. Which value is the lowest? 3, right?
Step 3: Move the lowest value 3 to the front of the array.
Step 4: Look through the rest of the values, starting with 7. 7 is the lowest value, and already at the front of the array, so we don't need to move it.
Step 5: Look through the rest of the array: 12, 9 and 11. 9 is the lowest value.
Step 6: Move 9 to the front.
Step 7: Looking at 12 and 11, 11 is the lowest.
Step 8: Move it to the front.
Finally, the array is sorted.
Run the simulation below to see the steps above animated:
Implement Selection Sort in Python
To implement the Selection Sort algorithm in Python, we need:
An array with values to sort.
An inner loop that goes through the array, finds the lowest value, and moves it to the front of the array. This loop must loop through one less value each time it runs.
An outer loop that controls how many times the inner loop must run. For an array with \(n\) values, this outer loop must run \(n-1\) times.
The resulting code looks like this:
Example
Using the Selection sort on a Python list:
Selection Sort Shifting Problem
The Selection Sort algorithm can be improved a little bit more.
In the code above, the lowest value element is removed, and then inserted in front of the array.
Each time the next lowest value array element is removed, all following elements must be shifted one place down to make up for the removal.
These shifting operation takes a lot of time, and we are not even done yet! After the lowest value (5) is found and removed, it is inserted at the start of the array, causing all following values to shift one position up to make space for the new value, like the image below shows.
Note: You will not see these shifting operations happening in the code if you are using a high level programming language such as Python or Java, but the shifting operations are still happening in the background. Such shifting operations require extra time for the computer to do, which can be a problem.
Solution: Swap Values!
Instead of all the shifting, swap the lowest value (5) with the first value (64) like below.
We can swap values like the image above shows because the lowest value ends up in the correct position, and it does not matter where we put the other value we are swapping with, because it is not sorted yet.
Here is a simulation that shows how this improved Selection Sort with swapping works:
We will insert the improvement in the Selection Sort algorithm:
Example
The improved Selection Sort algorithm, including swapping values:
Selection Sort Time Complexity
Selection Sort sorts an array of \(n\) values.
On average, about \(\frac{n}{2}\) elements are compared to find the lowest value in each loop.
And Selection Sort must run the loop to find the lowest value approximately \(n\) times.
We get time complexity: \( O( \frac{n}{2} \cdot n) = {O(n^2)} \)
The time complexity for the Selection Sort algorithm can be displayed in a graph like this:
As you can see, the run time is the same as for Bubble Sort: The run time increases really fast when the size of the array is increased.","[ 7, 12, 9, 11, 3]
---
[ 7, 12, 9, 11,
 3
]
---
[
 3
, 7, 12, 9, 11]
---
[ 3,
 7
, 12, 9, 11]
---
[ 3, 7, 12,
 9
, 11]
---
[ 3, 7,
 9
, 12, 11]
---
[ 3, 7, 9, 12,
 11
]
---
[ 3, 7, 9,
 11
, 12]
---
mylist = [64, 34, 25, 5, 22, 11, 90, 12]



n = len(mylist)

for i in range(n-1):

  min_index = i

  for j in range(i+1, n):

     if mylist[j] < mylist[min_index]:

       min_index = j

  min_value = mylist.pop(min_index)

  mylist.insert(i, min_value)



print(mylist)
---
mylist = [64, 34, 25, 12, 22, 11, 90, 5]



n = len(mylist)

for i in range(n):

  min_index = i

  for j in range(i+1, n):

     if mylist[j] < mylist[min_index]:

       min_index = j

  mylist[i], mylist[min_index] = mylist[min_index], mylist[i]



print(mylist)",Python Avanzado
252,Insertion Sort,https://www.w3schools.com/python/python_dsa_insertionsort.asp,"Insertion Sort with Python
Insertion Sort
The Insertion Sort algorithm uses one part of the array to hold the sorted values,
  and the other part of the array to hold values that are not sorted yet.
The algorithm takes one value at a time from the unsorted part of the array and puts it into the right place in the sorted part of the array, until the array is sorted.
How it works:
Take the first value from the unsorted part of the array.
Move the value into the correct place in the sorted part of the array.
Go through the unsorted part of the array again as many times as there are values.
Manual Run Through
Before we implement the Insertion Sort algorithm in a Python program, let's manually run through a short array, just to get the idea.
Step 1: We start with an unsorted array.
Step 2: We can consider the first value as the initial sorted part of the array. If it is just one value, it must be sorted, right?
Step 3: The next value 12 should now be moved into the correct position in the sorted part of the array. But 12 is higher than 7, so it is already in the correct position.
Step 4: Consider the next value 9.
Step 5: The value 9 must now be moved into the correct position inside the sorted part of the array, so we move 9 in between 7 and 12.
Step 6: The next value is 11.
Step 7: We move it in between 9 and 12 in the sorted part of the array.
Step 8: The last value to insert into the correct position is 3.
Step 9: We insert 3 in front of all other values because it is the lowest value.
Finally, the array is sorted.
Run the simulation below to see the steps above animated:
Implement Insertion Sort in Python
To implement the Insertion Sort algorithm in a Python program, we need:
An array with values to sort.
An outer loop that picks a value to be sorted. For an array with \(n\) values, this outer loop skips the first value, and must run \(n-1\) times.
An inner loop that goes through the sorted part of the array, to find where to insert the value. If the value to be sorted is at index \(i\), the sorted part of the array starts at index \(0\) and ends at index \(i-1\).
The resulting code looks like this:
Example
Using the Insertion Sort on a Python list:
Insertion Sort Improvement
Insertion Sort can be improved a little bit more.
The way the code above first removes a value and then inserts it somewhere else is intuitive. It is how you would do Insertion Sort physically with a hand of cards for example. If low value cards are sorted to the left, you pick up a new unsorted card, and insert it in the correct place between the other already sorted cards.
The problem with this way of programming it is that when removing a value from the array, all elements above must be shifted one index place down:
And when inserting the removed value into the array again, there are also many shift operations that must be done: all following elements must shift one position up to make place for the inserted value:
These shifting operations can take a lot of time, especially for an array with many elements.
Hidden memory shifts: You will not see these shifting operations happening in the code if you are using a high-level programming language such as Python or JavaScript, but the shifting operations are still happening in the background. Such shifting operations require extra time for the computer to do, which can be a problem.
You can read more about how arrays are stored in memory here .
Improved Solution
We can avoid most of these shift operations by only shifting the values necessary:
In the image above, first value 7 is copied, then values 11 and 12 are shifted one place up in the array, and at last value 7 is put where value 11 was before.
The number of shifting operations is reduced from 12 to 2 in this case.
This improvement is implemented in the example below:
Example
Insert the improvements in the sorting algorithm:
What is also done in the code above is to break out of the inner loop. That is because there is no need to continue comparing values when we have already found the correct place for the current value.
Insertion Sort Time Complexity
Insertion Sort sorts an array of \(n\) values.
On average, each value must be compared to about \(\frac{n}{2}\) other values to find the correct place to insert it.
Insertion Sort must run the loop to insert a value in its correct place approximately \(n\) times.
We get time complexity for Insertion Sort: \( O( \frac{n}{2} \cdot n) = {O(n^2)} \)
The time complexity for Insertion Sort can be displayed like this:
For Insertion Sort, there is a big difference between best, average and worst case scenarios.
Next up is Quicksort. Finally we will see a faster sorting algorithm!","[ 7, 12, 9, 11, 3]
---
[
 7
, 12, 9, 11, 3]
---
[ 7,
 12
, 9, 11, 3]
---
[ 7, 12,
 9
, 11, 3]
---
[ 7,
 9
, 12, 11, 3]
---
[ 7, 9, 12, > 11, 3]
---
[ 7, 9,
 11
, 12, 3]
---
[ 7, 9, 11, 12,
 3
]
---
[
 3
,7, 9, 11, 12]
---
mylist = [64, 34, 25, 12, 22, 11, 90, 5]



n = len(mylist)

for i in range(1,n):

  insert_index = i

  current_value = mylist.pop(i)

  for j in range(i-1, -1, -1):

    if mylist[j] > current_value:

      insert_index = j

  mylist.insert(insert_index, current_value)



print(mylist)
---
mylist = [64, 34, 25, 12, 22, 11, 90, 5]



n = len(mylist)

for i in range(1,n):

  insert_index = i

  current_value = mylist[i]

  for j in range(i-1, -1, -1):

     if mylist[j] > current_value:

       mylist[j+1] = mylist[j]

       insert_index = j

     else:

       break

  mylist[insert_index] = current_value



print(mylist)",Python Avanzado
253,Quick Sort,https://www.w3schools.com/python/python_dsa_quicksort.asp,"DSA Quicksort with Python
Quicksort
As the name suggests, Quicksort is one of the fastest sorting algorithms.
The Quicksort algorithm takes an array of values, chooses one of the values as the 'pivot' element, and moves the other values so that lower values are on the left of the pivot element, and higher values are on the right of it.
In this tutorial the last element of the array is chosen to be the pivot element, but we could also have chosen the first element of the array, or any element in the array really.
Then, the Quicksort algorithm does the same operation recursively on the sub-arrays to the left and right side of the pivot element. This continues until the array is sorted.
Recursion is when a function calls itself.
After the Quicksort algorithm has put the pivot element in between a sub-array with lower values on the left side, and a sub-array with higher values on the right side, the algorithm calls itself twice, so that Quicksort runs again for the sub-array on the left side, and for the sub-array on the right side. The Quicksort algorithm continues to call itself until the sub-arrays are too small to be sorted.
The algorithm can be described like this:
How it works:
Choose a value in the array to be the pivot element.
Order the rest of the array so that lower values than the pivot element are on the left, and higher values are on the right.
Swap the pivot element with the first element of the higher values so that the pivot element lands in between the lower and higher values.
Do the same operations (recursively) for the sub-arrays on the left and right side of the pivot element.
Manual Run Through
Before we implement the Quicksort algorithm in a programming language, let's manually run through a short array, just to get the idea.
Step 1: We start with an unsorted array.
Step 2: We choose the last value 3 as the pivot element.
Step 3: The rest of the values in the array are all greater than 3, and must be on the right side of 3. Swap 3 with 11.
Step 4: Value 3 is now in the correct position. We need to sort the values to the right of 3. We choose the last value 11 as the new pivot element.
Step 5: The value 7 must be to the left of pivot value 11, and 12 must be to the right of it. Move 7 and 12.
Step 6: Swap 11 with 12 so that lower values 9 and 7 are on the left side of 11, and 12 is on the right side.
Step 7: 11 and 12 are in the correct positions. We choose 7 as the pivot element in sub-array [ 9, 7], to the left of 11.
Step 8: We must swap 9 with 7.
And now, the array is sorted.
Run the simulation below to see the steps above animated:
Implement Quicksort in Python
To write a 'quickSort' method that splits the array into shorter and shorter sub-arrays we use recursion. This means that the 'quickSort' method must call itself with the new sub-arrays to the left and right of the pivot element. Read more about recursion here .
To implement the Quicksort algorithm in a Python program, we need:
An array with values to sort.
A quickSort method that calls itself (recursion) if the sub-array has a size larger than 1.
A partition method that receives a sub-array, moves values around, swaps the pivot element into the sub-array and returns the index where the next split in sub-arrays happens.
The resulting code looks like this:
Example
Using the Quicksort algorithm in a Python program:
Quicksort Time Complexity
The worst case scenario for Quicksort is \(O(n^2) \). This is when the pivot element is either the highest or lowest value in every sub-array, which leads to a lot of recursive calls. With our implementation above, this happens when the array is already sorted.
But on average, the time complexity for Quicksort is actually just \(O(n \log n) \), which is a lot better than for the previous sorting algorithms we have looked at. That is why Quicksort is so popular.
Below you can see the significant improvement in time complexity for Quicksort in an average scenario \(O(n \log n) \), compared to the previous sorting algorithms Bubble, Selection and Insertion Sort with time complexity \(O(n^2) \):
The recursion part of the Quicksort algorithm is actually a reason why the average sorting scenario is so fast, because for good picks of the pivot element, the array will be split in half somewhat evenly each time the algorithm calls itself. So the number of recursive calls do not double, even if the number of values \(n \) double.","[ 11, 9, 12, 7, 3]
---
[ 11, 9, 12, 7,
 3
]
---
[
 3
, 9, 12, 7,
 11
]
---
[ 3, 9, 12, 7,
 11
]
---
[ 3, 9,
 7, 12
, 11]
---
[ 3, 9, 7,
 11, 12
]
---
[ 3, 9,
 7
, 11, 12]
---
[ 3,
 7, 9
, 11, 12]
---
def partition(array, low, high):

  pivot = array[high]

  i = low - 1



  for j in range(low, high):

     if array[j] <= pivot:

       i += 1

       array[i], array[j] = array[j], array[i]



  array[i+1], array[high] = array[high], array[i+1]

  return i+1



def quicksort(array, low=0, high=None):

  if high is None:

    high = len(array) - 1



  if low < high:

    pivot_index = partition(array, low, high)

    quicksort(array, low, pivot_index-1)

    quicksort(array, pivot_index+1, high)



mylist = [64, 34, 25, 5, 22, 11, 90, 12]

quicksort(mylist)

print(mylist)",Python Avanzado
254,Counting Sort,https://www.w3schools.com/python/python_dsa_countingsort.asp,"DSA Counting Sort with Python
Counting Sort
The Counting Sort algorithm sorts an array by counting the number of times each value occurs.
Run the simulation to see how 17 integer values from 1 till 5 are sorted using Counting Sort.
Counting Sort does not compare values like the previous sorting algorithms we have looked at, and only works on non negative integers.
Furthermore, Counting Sort is fast when the range of possible values \(k\) is smaller than the number of values \(n\).
How it works:
Create a new array for counting how many there are of the different values.
Go through the array that needs to be sorted.
For each value, count it by increasing the counting array at the corresponding index.
After counting the values, go through the counting array to create the sorted array.
For each count in the counting array, create the correct number of elements, with values that correspond to the counting array index.
Conditions for Counting Sort
These are the reasons why Counting Sort is said to only work for a limited range of non-negative integer values:
Integer values: Counting Sort relies on counting occurrences of distinct values, so they must be integers. With integers, each value fits with an index (for non negative values), and there is a limited number of different values, so that the number of possible different values \(k\) is not too big compared to the number of values \(n\).
Non negative values: Counting Sort is usually implemented by creating an array for counting. When the algorithm goes through the values to be sorted, value x is counted by increasing the counting array value at index x. If we tried sorting negative values, we would get in trouble with sorting value -3, because index -3 would be outside the counting array.
Limited range of values: If the number of possible different values to be sorted \(k\) is larger than the number of values to be sorted \(n\), the counting array we need for sorting will be larger than the original array we have that needs sorting, and the algorithm becomes ineffective.
Manual Run Through
Before we implement the Counting Sort algorithm in a programming language, let's manually run through a short array, just to get the idea.
Step 1: We start with an unsorted array.
Step 2: We create another array for counting how many there are of each value. The array has 4 elements, to hold values 0 through 3.
Step 3: Now let's start counting. The first element is 2, so we must increment the counting array element at index 2.
Step 4: After counting a value, we can remove it, and count the next value, which is 3.
Step 5: The next value we count is 0, so we increment index 0 in the counting array.
Step 6: We continue like this until all values are counted.
Step 7: Now we will recreate the elements from the initial array, and we will do it so that the elements are ordered lowest to highest.
The first element in the counting array tells us that we have 1 element with value 0. So we push 1 element with value 0 into the array, and we decrease the element at index 0 in the counting array with 1.
Step 8: From the counting array we see that we do not need to create any elements with value 1.
Step 9: We push 3 elements with value 2 into the end of the array. And as we create these elements we also decrease the counting array at index 2.
Step 10: At last we must add 2 elements with value 3 at the end of the array.
Finally! The array is sorted.
Run the simulation below to see the steps above animated:
Implement Counting Sort in Python
To implement the Counting Sort algorithm in a Python program, we need:
An array with values to sort.
A 'countingSort' method that receives an array of integers.
An array inside the method to keep count of the values.
A loop inside the method that counts and removes values, by incrementing elements in the counting array.
A loop inside the method that recreates the array by using the counting array, so that the elements appear in the right order.
One more thing: We need to find out what the highest value in the array is, so that the counting array can be created with the correct size. For example, if the highest value is 5, the counting array must be 6 elements in total, to be able count all possible non negative integers 0, 1, 2, 3, 4 and 5.
The resulting code looks like this:
Example
Using the Counting Sort algorithm in a Python program:
Counting Sort Time Complexity
How fast the Counting Sort algorithm runs depends on both the range of possible values \(k\) and the number of values \(n\).
In general, time complexity for Counting Sort is \(O(n+k)\).
In a best case scenario, the range of possible different values \(k\) is very small compared to the number of values \(n\) and Counting Sort has time complexity \(O(n)\).
But in a worst case scenario, the range of possible different values \(k\) is very big compared to the number of values \(n\) and Counting Sort can have time complexity \(O(n^2)\) or even worse.
The plot below shows how much the time complexity for Counting Sort can vary.
As you can see, it is important to consider the range of values compared to the number of values to be sorted before choosing Counting Sort as your algorithm. Also, as mentioned at the top of the page, keep in mind that Counting Sort only works for non negative integer values.
As mentioned previously: if the numbers to be sorted varies a lot in value (large \(k\)), and there are few numbers to sort (small \(n\)), the Counting Sort algorithm is not effective.
If we hold \(n\) and \(k\) fixed, the ""Random"", ""Descending"" and ""Ascending"" alternatives in the simulation above results in the same number of operations. This is because the same thing happens in all three cases: A counting array is set up, the numbers are counted, and the new sorted array is created.","myArray = [ 2, 3, 0, 2, 3, 2]
---
myArray = [ 2, 3, 0, 2, 3, 2]


countArray = [ 0, 0, 0, 0]
---
myArray = [
 2
, 3, 0, 2, 3, 2]


countArray = [ 0, 0,
 1
, 0]
---
myArray = [
 3
, 0, 2, 3, 2]


countArray = [ 0, 0, 1,
 1
]
---
myArray = [
 0
, 2, 3, 2]


countArray = [
 1
, 0, 1, 1]
---
myArray = [ ]


countArray = [
 1, 0, 3, 2
]
---
myArray = [
 0
]


countArray = [
 0
, 0, 3, 2]
---
myArray = [ 0]


countArray = [ 0,
 0
, 3, 2]
---
myArray = [ 0,
 2, 2, 2
]


countArray = [ 0, 0,
 0
, 2]
---
myArray = [0, 2, 2, 2,
 3, 3
]


countArray = [ 0, 0, 0,
 0
]
---
def countingSort(arr):

  max_val = max(arr)

  count = [0] * (max_val + 1)



  while len(arr) > 0:

    num = arr.pop(0)

    count[num] += 1



  for i in range(len(count)):

    while count[i] > 0:

      arr.append(i)

      count[i] -= 1



  return arr



mylist = [4, 2, 2, 6, 3, 3, 1, 6, 5, 2, 3]

mysortedlist = countingSort(mylist)


print(mysortedlist)",Python Avanzado
255,Radix Sort,https://www.w3schools.com/python/python_dsa_radixsort.asp,"DSA Radix Sort with Python
Radix Sort
The Radix Sort algorithm sorts an array by individual digits, starting with the least significant digit (the rightmost one).
Click the button to do Radix Sort, one step (digit) at a time.
The radix (or base) is the number of unique digits in a number system. In the decimal system we normally use, there are 10 different digits from 0 till 9.
Radix Sort uses the radix so that decimal values are put into 10 different buckets (or containers) corresponding to the digit that is in focus, then put back into the array before moving on to the next digit.
Radix Sort is a non comparative algorithm that only works with non negative integers.
The Radix Sort algorithm can be described like this:
How it works:
Start with the least significant digit (rightmost digit).
Sort the values based on the digit in focus by first putting the values in the correct bucket based on the digit in focus, and then put them back into array in the correct order.
Move to the next digit, and sort again, like in the step above, until there are no digits left.
Stable Sorting
Radix Sort must sort the elements in a stable way for the result to be sorted correctly.
A stable sorting algorithm is an algorithm that keeps the order of elements with the same value before and after the sorting. Let's say we have two elements ""K"" and ""L"", where ""K"" comes before ""L"", and they both have value ""3"". A sorting algorithm is considered stable if element ""K"" still comes before ""L"" after the array is sorted.
It makes little sense to talk about stable sorting algorithms for the previous algorithms we have looked at individually, because the result would be same if they are stable or not. But it is important for Radix Sort that the the sorting is done in a stable way because the elements are sorted by just one digit at a time.
So after sorting the elements on the least significant digit and moving to the next digit, it is important to not destroy the sorting work that has already been done on the previous digit position, and that is why we need to take care that Radix Sort does the sorting on each digit position in a stable way.
In the simulation below it is revealed how the underlying sorting into buckets is done. And to get a better understanding of how stable sorting works, you can also choose to sort in an unstable way, that will lead to an incorrect result. The sorting is made unstable by simply putting elements into buckets from the end of the array instead of from the start of the array.
Stable sort? {{ isStable }}
Manual Run Through
Let's try to do the sorting manually, just to get an even better understanding of how Radix Sort works before actually implementing it in a programming language.
Step 1: We start with an unsorted array, and an empty array to fit values with corresponding radices 0 till 9.
Step 2: We start sorting by focusing on the least significant digit.
Step 3: Now we move the elements into the correct positions in the radix array according to the digit in focus. Elements are taken from the start of myArray and pushed into the correct position in the radixArray.
Step 4: We move the elements back into the initial array, and the sorting is now done for the least significant digit. Elements are taken from the end radixArray, and put into the start of myArray.
Step 5: We move focus to the next digit. Notice that values 45 and 25 are still in the same order relative to each other as they were to start with, because we sort in a stable way.
Step 6: We move elements into the radix array according to the focused digit.
Step 7: We move elements back into the start of myArray, from the back of radixArray.
The sorting is finished!
Run the simulation below to see the steps above animated:
Implement Radix Sort in Python
To implement the Radix Sort algorithm we need:
An array with non negative integers that needs to be sorted.
A two dimensional array with index 0 to 9 to hold values with the current radix in focus.
A loop that takes values from the unsorted array and places them in the correct position in the two dimensional radix array.
A loop that puts values back into the initial array from the radix array.
An outer loop that runs as many times as there are digits in the highest value.
The resulting code looks like this:
Example
Using the Radix Sort algorithm in a Python program:
On line 7 , we use floor division (""//"") to divide the maximum value 802 by 1 the first time the while loop runs, the next time it is divided by 10, and the last time it is divided by 100. When using floor division ""//"", any number beyond the decimal point are disregarded, and an integer is returned.
On line 11 , it is decided where to put a value in the radixArray based on its radix, or digit in focus. For example, the second time the outer while loop runs exp will be 10. Value 170 divided by 10 will be 17. The ""%10"" operation divides by 10 and returns what is left. In this case 17 is divided by 10 one time, and 7 is left. So value 170 is placed in index 7 in the radixArray.
Radix Sort Using Other Sorting Algorithms
Radix Sort can actually be implemented together with any other sorting algorithm as long as it is stable. This means that when it comes down to sorting on a specific digit, any stable sorting algorithm will work, such as counting sort or bubble sort.
This is an implementation of Radix Sort that uses Bubble Sort to sort on the individual digits:
Example
A Radix Sort algorithm that uses Bubble Sort:
Radix Sort Time Complexity
The time complexity for Radix Sort is: \( O(n \cdot k) \)
This means that Radix Sort depends both on the values that need to be sorted \(n\), and the number of digits in the highest value \(k\).
A best case scenario for Radix Sort is if there are lots of values to sort, but the values have few digits. For example if there are more than a million values to sort, and the highest value is 999, with just three digits. In such a case the time complexity \(O(n \cdot k)\) can be simplified to just \(O(n)\).
A worst case scenario for Radix Sort would be if there are as many digits in the highest value as there are values to sort. This is perhaps not a common scenario, but the time complexity would be \(O(n^2)\)in this case.
The most average or common case is perhaps if the number of digits \(k\) is something like \(k(n)= \log n\). If so, Radix Sort gets time complexity \(O(n \cdot \log n )\). An example of such a case would be if there are 1000000 values to sort, and the values have 6 digits.
See different possible time complexities for Radix Sort in the image below.","myArray = [ 33, 45, 40, 25, 17, 24]


radixArray = [ [], [], [], [], [], [], [], [], [], [] ]
---
myArray = [ 3
3
, 4
5
, 4
0
, 2
5
, 1
7
, 2
4
]


radixArray = [ [], [], [], [], [], [], [], [], [], [] ]
---
myArray = [ ]


radixArray = [ [4
0
], [], [], [3
3
], [2
4
], [4
5
, 2
5
], [], [1
7
], [], [] ]
---
myArray = [ 4
0
, 3
3
, 2
4
, 4
5
, 2
5
, 1
7
 ]


radixArray = [ [], [], [], [], [], [], [], [], [], [] ]
---
myArray = [
4
0,
3
3,
2
4,
4
5,
2
5,
1
7 ]


radixArray = [ [], [], [], [], [], [], [], [], [], [] ]
---
myArray = [ ]


radixArray = [ [], [
1
7], [
2
4,
2
5], [
3
3], [
4
0,
4
5], [], [], [], [], [] ]
---
myArray = [
1
7,
2
4,
2
5,
3
3,
4
0,
4
5 ]


radixArray = [ [], [], [], [], [], [], [], [], [], [] ]
---
mylist = [170, 45, 75, 90, 802, 24, 2, 66]

print(""Original array:"", mylist)

radixArray = [[], [], [], [], [], [], [], [], [], []]

maxVal = max(mylist)

exp = 1



while maxVal // exp > 0:



  while len(mylist) > 0:

    val = mylist.pop()

    radixIndex = (val // exp) % 10

    radixArray[radixIndex].append(val)



  for bucket in radixArray:

    while len(bucket) > 0:

      val = bucket.pop()

      mylist.append(val)



  exp *= 10



print(mylist)
---
def bubbleSort(arr):

  n = len(arr)

  for i in range(n):

    for j in range(0, n - i - 1):

      if arr[j] > arr[j + 1]:

        arr[j], arr[j + 1] = arr[j + 1], arr[j]



def radixSortWithBubbleSort(arr):

  max_val = max(arr)

  exp = 1



  while max_val // exp > 0:

    radixList = [[],[],[],[],[],[],[],[],[],[]]



    for num in arr:

      radixIndex = (num // exp) % 10

      radixList[radixIndex].append(num)



    for bucket in radixList:

      bubbleSort(bucket)



    i = 0

    for bucket in radixList:

      for num in bucket:

        arr[i] = num

        i += 1



    exp *= 10



mylist = [170, 45, 75, 90, 802, 24, 2, 66]



radixSortWithBubbleSort(mylist)



print(mylist)",Python Avanzado
256,Merge Sort,https://www.w3schools.com/python/python_dsa_mergesort.asp,"DSA Merge Sort with Python
Merge Sort
The Merge Sort algorithm is a divide-and-conquer algorithm that sorts an array by first breaking it down into smaller arrays, and then building the array back together the correct way so that it is sorted.
Divide: The algorithm starts with breaking up the array into smaller and smaller pieces until one such sub-array only consists of one element.
Conquer: The algorithm merges the small pieces of the array back together by putting the lowest values first, resulting in a sorted array.
The breaking down and building up of the array to sort the array is done recursively.
In the animation above, each time the bars are pushed down represents a recursive call, splitting the array into smaller pieces. When the bars are lifted up, it means that two sub-arrays have been merged together.
The Merge Sort algorithm can be described like this:
How it works:
Divide the unsorted array into two sub-arrays, half the size of the original.
Continue to divide the sub-arrays as long as the current piece of the array has more than one element.
Merge two sub-arrays together by always putting the lowest value first.
Keep merging until there are no sub-arrays left.
Take a look at the drawing below to see how Merge Sort works from a different perspective. As you can see, the array is split into smaller and smaller pieces until it is merged back together. And as the merging happens, values from each sub-array are compared so that the lowest value comes first.
Manual Run Through
Let's try to do the sorting manually, just to get an even better understanding of how Merge Sort works before actually implementing it in a Python program.
Step 1: We start with an unsorted array, and we know that it splits in half until the sub-arrays only consist of one element. The Merge Sort function calls itself two times, once for each half of the array. That means that the first sub-array will split into the smallest pieces first.
Step 2: The splitting of the first sub-array is finished, and now it is time to merge. 8 and 9 are the first two elements to be merged. 8 is the lowest value, so that comes before 9 in the first merged sub-array.
Step 3: The next sub-arrays to be merged is [ 12] and [ 8, 9]. Values in both arrays are compared from the start. 8 is lower than 12, so 8 comes first, and 9 is also lower than 12.
Step 4: Now the second big sub-array is split recursively.
Step 5: 3 and 11 are merged back together in the same order as they are shown because 3 is lower than 11.
Step 6: Sub-array with values 5 and 4 is split, then merged so that 4 comes before 5.
Step 7: The two sub-arrays on the right are merged. Comparisons are done to create elements in the new merged array:
3 is lower than 4
4 is lower than 11
5 is lower than 11
11 is the last remaining value
Step 8: The two last remaining sub-arrays are merged. Let's look at how the comparisons are done in more detail to create the new merged and finished sorted array:
3 is lower than 8:
Step 9: 4 is lower than 8:
Step 10: 5 is lower than 8:
Step 11: 8 and 9 are lower than 11:
Step 12: 11 is lower than 12:
The sorting is finished!
Run the simulation below to see the steps above animated:
Implement Merge Sort in Python
To implement the Merge Sort algorithm we need:
An array with values that needs to be sorted.
A function that takes an array, splits it in two, and calls itself with each half of that array so that the arrays are split again and again recursively, until a sub-array only consist of one value.
Another function that merges the sub-arrays back together in a sorted way.
The resulting code looks like this:
Example
Implementing the Merge Sort algorithm in Python:
On line 6 , arr[:mid] takes all values from the array up until, but not including, the value on index ""mid"".
On line 7 , arr[mid:] takes all values from the array, starting at the value on index ""mid"" and all the next values.
On lines 26-27 , the first part of the merging is done. At this this point the values of the two sub-arrays are compared, and either the left sub-array or the right sub-array is empty, so the result array can just be filled with the remaining values from either the left or the right sub-array. These lines can be swapped, and the result will be the same.
Merge Sort without Recursion
Since Merge Sort is a divide and conquer algorithm, recursion is the most intuitive code to use for implementation. The recursive implementation of Merge Sort is also perhaps easier to understand, and uses less code lines in general.
But Merge Sort can also be implemented without the use of recursion, so that there is no function calling itself.
Take a look at the Merge Sort implementation below, that does not use recursion:
Example
A Merge sort without recursion
You might notice that the merge functions are exactly the same in the two Merge Sort implementations above, but in the implementation right above here the while loop inside the mergeSort function is used to replace the recursion. The while loop does the splitting and merging of the array in place, and that makes the code a bit harder to understand.
To put it simply, the while loop inside the mergeSort function uses short step lengths to sort tiny pieces (sub-arrays) of the initial array using the merge function. Then the step length is increased to merge and sort larger pieces of the array until the whole array is sorted.
Merge Sort Time Complexity
The time complexity for Merge Sort is: \( O( n \cdot \log n ) \)
And the time complexity is pretty much the same for different kinds of arrays.
  The algorithm needs to split the array and merge it back together whether it is already sorted or completely shuffled.
The image below shows the time complexity for Merge Sort.
Merge Sort performs almost the same every time because the array is split, and merged using comparison, both if the array is already sorted or not.","[ 12, 8, 9, 3, 11, 5, 4]


[ 12, 8, 9] [ 3, 11, 5, 4]


[ 12] [ 8, 9] [ 3, 11, 5, 4]


[ 12] [ 8] [ 9] [ 3, 11, 5, 4]
---
[ 12] [
 8
,
 9
] [ 3, 11, 5, 4]
---
[
 8
,
 9
,
 12
] [ 3, 11, 5, 4]
---
[ 8, 9, 12] [ 3, 11, 5, 4]


[ 8, 9, 12] [ 3, 11] [ 5, 4]


[ 8, 9, 12] [ 3] [ 11] [ 5, 4]
---
[ 8, 9, 12] [
 3
,
 11
] [ 5, 4]
---
[ 8, 9, 12] [ 3, 11] [
 5
] [
 4
]


[ 8, 9, 12] [ 3, 11] [
 4
,
 5
]
---
[ 8, 9, 12] [
 3
,
 4
,
 5
,
 11
]
---
Before [
 8
, 9, 12] [
 3
, 4, 5, 11]


After: [
 3
,
 8
, 9, 12] [ 4, 5, 11]
---
Before [ 3,
 8
, 9, 12] [
 4
, 5, 11]


After: [ 3,
 4
,
 8
, 9, 12] [ 5, 11]
---
Before [ 3, 4,
 8
, 9, 12] [
 5
, 11]


After: [ 3, 4,
 5
,
 8
, 9, 12] [ 11]
---
Before [ 3, 4, 5,
 8
,
 9
, 12] [
 11
]


After: [ 3, 4, 5,
 8
,
 9
, 12] [
 11
]
---
Before [ 3, 4, 5, 8, 9,
 12
] [
 11
]


After: [ 3, 4, 5, 8, 9,
 11
,
 12
]
---
def mergeSort(arr):

  if len(arr) <= 1:

    return arr



  mid = len(arr) // 2

  leftHalf = arr[:mid]

  rightHalf = arr[mid:]



  sortedLeft = mergeSort(leftHalf)

  sortedRight = mergeSort(rightHalf)



  return merge(sortedLeft, sortedRight)



def merge(left, right):

  result = []

  i = j = 0



  while i < len(left) and j < len(right):

    if left[i] < right[j]:

      result.append(left[i])

      i += 1

    else:

      result.append(right[j])

      j += 1



  result.extend(left[i:])

  result.extend(right[j:])



  return result



mylist = [3, 7, 6, -10, 15, 23.5, 55, -13]

mysortedlist = mergeSort(mylist)

print(""Sorted array:"", mysortedlist)
---
def merge(left, right):

  result = []

  i = j = 0



  while i < len(left) and j < len(right):

    if left[i] < right[j]:

      result.append(left[i])

      i += 1

    else:

      result.append(right[j])

      j += 1



  result.extend(left[i:])

  result.extend(right[j:])



  return result



def mergeSort(arr):

  step = 1  # Starting with sub-arrays of length 1

  length = len(arr)



  while step < length:

    for i in range(0, length, 2 * step):

      left = arr[i:i + step]

      right = arr[i + step:i + 2 * step]



      merged = merge(left, right)



      # Place the merged array back into the original array

      for j, val in enumerate(merged):

        arr[i + j] = val



    step *= 2  # Double the sub-array length for the next iteration



  return arr



mylist = [3, 7, 6, -10, 15, 23.5, 55, -13]

mysortedlist = mergeSort(mylist)

print(mysortedlist)
---
{{ x.dieNmbr }}",Python Avanzado
257,MySQL Get Started,https://www.w3schools.com/python/python_mysql_getstarted.asp,"Python MySQL
Python can be used in database applications.
One of the most popular databases is MySQL.
MySQL Database
To be able to experiment with the code examples in this tutorial, you should 
have MySQL installed on your computer.
You can download a MySQL database at https://www.mysql.com/downloads/ .
Install MySQL Driver
Python needs a MySQL driver to access the MySQL database.
In this tutorial we will use the driver ""MySQL Connector"".
We recommend that you use PIP to install ""MySQL Connector"".
PIP is most likely already installed in your Python environment.
Navigate your command line to the location of PIP, and type the following:
Download and install ""MySQL Connector"":
Now you have downloaded and installed a MySQL driver.
Test MySQL Connector
To test if the installation was successful, or if you already have ""MySQL 
Connector"" 
installed, create a Python page with 
the following content:
demo_mysql_test.py:
If the above code was executed with no errors, ""MySQL Connector"" is installed and 
ready to be used.
Create Connection
Start by creating a connection to the database.
Use the username and password from your MySQL database:
demo_mysql_connection.py:
Now you can start querying the database using SQL statements.","C:\Users\
Your Name
\AppData\Local\Programs\Python\Python36-32\Scripts>python -m pip install
  mysql-connector-python
---
import mysql.connector
---
import mysql.connector
mydb = mysql.connector.connect(
  host=""localhost"",
  user=""
yourusername
"",
  password=""
yourpassword
""
)


print(mydb)",Python Avanzado
258,MySQL Create Database,https://www.w3schools.com/python/python_mysql_create_db.asp,"Python MySQL Create Database
Creating a Database
To create a database in MySQL, use the ""CREATE DATABASE"" statement:
Example
create a database named ""mydatabase"":
If the above code was executed with no errors, you have successfully 
created a database.
Check if Database Exists
You can check if a database exist by listing all databases in your system by 
using the ""SHOW DATABASES"" statement:
Example
Return a list of your system's databases:
Or you can try to access the database when making the connection:
Example
Try connecting to the database ""mydatabase"":
If the database does not exist, you will get an error.","import mysql.connector
mydb = mysql.connector.connect(
  host=""localhost"",


  user=""
yourusername
"",
  password=""
yourpassword
""
)
mycursor = mydb.cursor()
mycursor.execute(""CREATE DATABASE
  mydatabase"")
---
import mysql.connector
mydb = mysql.connector.connect(
  host=""localhost"",

  user=""
yourusername
"",
  password=""
yourpassword
""
)
mycursor = mydb.cursor()

  mycursor.execute(""SHOW DATABASES"")
for x in mycursor:

  print(x)
---
import mysql.connector
mydb = mysql.connector.connect(
  host=""localhost"",

  user=""
yourusername
"",
  password=""
yourpassword
"",



  database=""mydatabase""
)",Python Avanzado
259,MySQL Create Table,https://www.w3schools.com/python/python_mysql_create_table.asp,"Python MySQL Create Table
Creating a Table
To create a table in MySQL, use the ""CREATE TABLE"" statement.
Make sure you define the name of the database when you create the connection
Example
Create a table named ""customers"":
If the above code was executed with no errors, you have now successfully 
created a table.
Check if Table Exists
You can check if a table exist by listing all tables in your database with the ""SHOW TABLES"" statement:
Example
Return a list of your system's databases:
Primary Key
When creating a table, you should also create a column with a unique key for each 
record.
This can be done by defining a PRIMARY KEY.
We use the statement ""INT AUTO_INCREMENT PRIMARY KEY"" which will insert a 
unique number for each record. Starting at 1, and increased by one for each 
record.
Example
Create primary key when creating the table:
If the table already exists, use the ALTER TABLE keyword:
Example
Create primary key on an existing table:","import mysql.connector
mydb = mysql.connector.connect(
  host=""localhost"",


  user=""
yourusername
"",
  password=""
yourpassword
"",

    database=""mydatabase""
)
mycursor = mydb.cursor()


mycursor.execute(""CREATE TABLE customers (name VARCHAR(255),
  address VARCHAR(255))"")
---
import mysql.connector
mydb = mysql.connector.connect(
  host=""localhost"",

  user=""
yourusername
"",
  password=""
yourpassword
"",
  database=""mydatabase""
)
mycursor = mydb.cursor()

  mycursor.execute(""SHOW TABLES"")
for x in mycursor:

  print(x)
---
import mysql.connector
mydb = mysql.connector.connect(
  host=""localhost"",


  user=""
yourusername
"",
  password=""
yourpassword
"",

    database=""mydatabase""
)
mycursor = mydb.cursor()


mycursor.execute(""CREATE TABLE customers (id INT AUTO_INCREMENT
  PRIMARY KEY, name VARCHAR(255),
  address VARCHAR(255))"")
---
import mysql.connector
mydb = mysql.connector.connect(
  host=""localhost"",


  user=""
yourusername
"",
  password=""
yourpassword
"",

    database=""mydatabase""
)
mycursor = mydb.cursor()


mycursor.execute(""ALTER TABLE customers ADD COLUMN id INT AUTO_INCREMENT
  PRIMARY KEY"")",Python Avanzado
260,MySQL Insert,https://www.w3schools.com/python/python_mysql_insert.asp,"Python MySQL Insert Into Table
Insert Into Table
To fill a table in MySQL, use the ""INSERT INTO"" statement.
Example
Insert a record in the ""customers"" table:
Important!: Notice the statement: mydb.commit() . It is required to make the 
  changes, otherwise no 
  changes are made to the table.
Insert Multiple Rows
To insert multiple rows into a table, use the executemany() method.
The second parameter of the executemany() method 
is a list of tuples, containing the data you want to insert:
Example
Fill the ""customers"" table with data:
Get Inserted ID
You can get the id of the row you 
just inserted by asking the cursor object.
Note: If you insert more than one row, the id of the last 
inserted row is returned.
Example
Insert one row, and return the ID:","import mysql.connector
mydb = mysql.connector.connect(
  host=""localhost"",


  user=""
yourusername
"",
  password=""
yourpassword
"",
  database=""mydatabase""
)


mycursor = mydb.cursor()
sql = ""INSERT INTO customers (name,
  address) VALUES (%s, %s)""
val = (""John"", ""Highway 21"")
mycursor.execute(sql,
  val)


mydb.commit()
print(mycursor.rowcount, ""record inserted."")
---
import mysql.connector
mydb = mysql.connector.connect(
  host=""localhost"",


  user=""
yourusername
"",
  password=""
yourpassword
"",
  database=""mydatabase""
)


mycursor = mydb.cursor()
sql = ""INSERT INTO customers (name,
  address) VALUES (%s, %s)""
val = [
  ('Peter', 'Lowstreet 4'),

  ('Amy', 'Apple st 652'),
  ('Hannah', 'Mountain 21'),

  ('Michael', 'Valley 345'),
  ('Sandy', 'Ocean blvd 2'),

  ('Betty', 'Green Grass 1'),
  ('Richard', 'Sky st 331'),

  ('Susan', 'One way 98'),
  ('Vicky', 'Yellow Garden 2'),

  ('Ben', 'Park Lane 38'),
  ('William', 'Central st 954'),

  ('Chuck', 'Main Road 989'),
  ('Viola', 'Sideway 1633')
]

  mycursor.executemany(sql, val)
mydb.commit()
print(mycursor.rowcount, ""was inserted."")
---
import mysql.connector
mydb = mysql.connector.connect(
  host=""localhost"",


  user=""
yourusername
"",
  password=""
yourpassword
"",
  database=""mydatabase""
)


mycursor = mydb.cursor()
sql = ""INSERT INTO customers (name,
  address) VALUES (%s, %s)""
val = (""Michelle"", ""Blue Village"")

  mycursor.execute(sql, val)
mydb.commit()
print(""1 record
  inserted, ID:"", mycursor.lastrowid)",Python Avanzado
261,MySQL Select,https://www.w3schools.com/python/python_mysql_select.asp,"Python MySQL Select From
Select From a Table
To select from a table in MySQL, use the ""SELECT"" statement:
Example
Select all records from the ""customers"" table, and display the 
  result:
Note: We use the fetchall() method, which fetches all rows from the last executed statement.
Selecting Columns
To select only some of the columns in a table, use the ""SELECT"" statement 
followed by the column name(s):
Example
Select only the name and address columns:
Using the fetchone() Method
If you are only interested in one row, you can use the fetchone() method.
The fetchone() method will return the first row of 
the result:
Example
Fetch only one row:","import mysql.connector
mydb = mysql.connector.connect(
  host=""localhost"",

  user=""
yourusername
"",
  password=""
yourpassword
"",
  database=""mydatabase""
)
mycursor =
  mydb.cursor()
mycursor.execute(""SELECT * FROM customers"")

  myresult = mycursor.fetchall()
for x in myresult:
  print(x)
---
import mysql.connector
mydb = mysql.connector.connect(
  host=""localhost"",

  user=""
yourusername
"",
  password=""
yourpassword
"",
  database=""mydatabase""
)


mycursor = mydb.cursor()
mycursor.execute(""SELECT name,
  address FROM
  customers"")
myresult = mycursor.fetchall()
for x in myresult:

  print(x)
---
import mysql.connector
mydb = mysql.connector.connect(
  host=""localhost"",


  user=""
yourusername
"",
  password=""
yourpassword
"",
  database=""mydatabase""
)
mycursor =
  mydb.cursor()
mycursor.execute(""SELECT * FROM customers"")

  myresult = mycursor.fetchone()
print(myresult)",Python Avanzado
262,MySQL Where,https://www.w3schools.com/python/python_mysql_where.asp,"Python MySQL Where
Select With a Filter
When selecting records from a table, you can filter the selection by using 
the ""WHERE"" statement:
Example
Select record(s) where the address is ""Park Lane 38"":
  result:
Wildcard Characters
You can also select the records that starts, includes, or ends with a given letter 
or phrase.
Use the % to represent wildcard 
characters:
Example
Select records where the address contains the word ""way"":
Prevent SQL Injection
When query values are provided by the user, you should escape the values.
This is to prevent SQL injections, which is a common web hacking technique to  
destroy or misuse your database.
The mysql.connector module has methods to escape query values:
Example
Escape query values by using the placholder %s method:","import mysql.connector
mydb = mysql.connector.connect(
  host=""localhost"",

  user=""
yourusername
"",
  password=""
yourpassword
"",
  database=""mydatabase""
)
mycursor =
  mydb.cursor()
sql = ""SELECT * FROM customers WHERE address ='Park Lane
  38'""
mycursor.execute(sql)

  myresult = mycursor.fetchall()
for x in myresult:
  print(x)
---
import mysql.connector
mydb = mysql.connector.connect(
  host=""localhost"",

  user=""
yourusername
"",
  password=""
yourpassword
"",
  database=""mydatabase""
)


mycursor = mydb.cursor()
sql = ""SELECT * FROM customers WHERE address
  LIKE '%way%'""
mycursor.execute(sql)
myresult = mycursor.fetchall()
for x in myresult:

  print(x)
---
import mysql.connector
mydb = mysql.connector.connect(
  host=""localhost"",

  user=""
yourusername
"",
  password=""
yourpassword
"",
  database=""mydatabase""
)


mycursor = mydb.cursor()
sql = ""SELECT * FROM customers WHERE
  address = %s""
adr = (""Yellow Garden 2"", )

  mycursor.execute(sql, adr)
myresult = mycursor.fetchall()
for x in myresult:

  print(x)",Python Avanzado
263,MySQL Order By,https://www.w3schools.com/python/python_mysql_orderby.asp,"Python MySQL Order By
Sort the Result
Use the ORDER BY statement to sort the result in ascending or descending 
order.
The ORDER BY keyword sorts the result ascending by default. To sort the 
result in descending order, use the DESC keyword.
Example
Sort the result alphabetically by name:
  result:
ORDER BY DESC
Use the DESC keyword to sort the result in a descending order.
Example
Sort the result reverse alphabetically by name:","import mysql.connector
mydb = mysql.connector.connect(
  host=""localhost"",

  user=""
yourusername
"",
  password=""
yourpassword
"",
  database=""mydatabase""
)
mycursor =
  mydb.cursor()
sql = ""SELECT * FROM customers ORDER BY name""
mycursor.execute(sql)

  myresult = mycursor.fetchall()
for x in myresult:
  print(x)
---
import mysql.connector
mydb = mysql.connector.connect(
  host=""localhost"",

  user=""
yourusername
"",
  password=""
yourpassword
"",
  database=""mydatabase""
)


mycursor = mydb.cursor()
sql = ""SELECT * FROM customers ORDER BY
  name DESC""
mycursor.execute(sql)
myresult = mycursor.fetchall()
for x in myresult:

  print(x)",Python Avanzado
264,MySQL Delete,https://www.w3schools.com/python/python_mysql_delete.asp,"Python MySQL Delete From By
Delete Record
You can delete records from an existing table by using the ""DELETE FROM"" statement:
Example
Delete any record where the address is ""Mountain 21"":
Important!: Notice the statement: mydb.commit() . It is required to make the 
  changes, otherwise no 
  changes are made to the table.
Notice the WHERE clause in the DELETE syntax: The WHERE clause 
specifies which record(s) that should be deleted. If you omit the WHERE 
clause, all records will be deleted!
Prevent SQL Injection
It is considered a good practice to escape the values of any query, also in delete statements.
This is to prevent SQL injections, which is a common web hacking technique to  
destroy or misuse your database.
The mysql.connector module uses the placeholder %s to escape values in the delete statement:
Example
Escape values by using the placeholder %s method:","import mysql.connector
mydb = mysql.connector.connect(
  host=""localhost"",

  user=""
yourusername
"",
  password=""
yourpassword
"",
  database=""mydatabase""
)
mycursor =
  mydb.cursor()
sql = ""DELETE FROM customers WHERE address =
  'Mountain 21'""
mycursor.execute(sql)
mydb.commit()
print(mycursor.rowcount, ""record(s) deleted"")
---
import mysql.connector
mydb = mysql.connector.connect(
  host=""localhost"",

  user=""
yourusername
"",
  password=""
yourpassword
"",
  database=""mydatabase""
)


mycursor = mydb.cursor()
sql = ""DELETE FROM customers WHERE address =
  %s""
adr = (""Yellow Garden 2"", )

  mycursor.execute(sql, adr)
mydb.commit()
print(mycursor.rowcount, ""record(s) deleted"")",Python Avanzado
265,MySQL Drop Table,https://www.w3schools.com/python/python_mysql_drop_table.asp,"Python MySQL Drop Table
Delete a Table
You can delete an existing table by using 
the ""DROP TABLE"" statement:
Example
Delete the table ""customers"":
Drop Only if Exist
If the table you want to delete is already deleted, or for any other 
reason does not exist, you can use the IF EXISTS keyword to avoid getting an 
error.
Example
Delete the table ""customers"" if it exists:","import mysql.connector
mydb = mysql.connector.connect(
  host=""localhost"",

  user=""
yourusername
"",
  password=""
yourpassword
"",
  database=""mydatabase""
)
mycursor =
  mydb.cursor()
sql = ""DROP TABLE customers""
mycursor.execute(sql)
---
import mysql.connector
mydb = mysql.connector.connect(
  host=""localhost"",

  user=""
yourusername
"",
  password=""
yourpassword
"",
  database=""mydatabase""
)


mycursor =
  mydb.cursor()
sql = ""DROP TABLE IF EXISTS customers""
mycursor.execute(sql)",Python Avanzado
266,MySQL Update,https://www.w3schools.com/python/python_mysql_update.asp,"Python MySQL Update Table
Update Table
You can update existing records in a table by using 
the ""UPDATE"" statement:
Example
Overwrite the address column from ""Valley 345"" to ""Canyon 123"":
Important!: Notice the statement: mydb.commit() . It is required to make the 
  changes, otherwise no 
  changes are made to the table.
Notice the WHERE clause in the UPDATE syntax: The WHERE clause 
specifies which record or records that should be updated. If you omit the WHERE 
clause, all records will be updated!
Prevent SQL Injection
It is considered a good practice to escape the values of any query, also in 
update statements.
This is to prevent SQL injections, which is a common web hacking technique to  
destroy or misuse your database.
The mysql.connector module uses the placeholder %s to escape values in the 
update statement:
Example
Escape values by using the placeholder %s method:","import mysql.connector
mydb = mysql.connector.connect(
  host=""localhost"",

  user=""
yourusername
"",
  password=""
yourpassword
"",
  database=""mydatabase""
)
mycursor =
  mydb.cursor()
sql = ""UPDATE customers SET address = 'Canyon 123'
  WHERE address = 'Valley 345'""
mycursor.execute(sql)
mydb.commit()


print(mycursor.rowcount, ""record(s) affected"")
---
import mysql.connector
mydb = mysql.connector.connect(
  host=""localhost"",

  user=""
yourusername
"",
  password=""
yourpassword
"",
  database=""mydatabase""
)


mycursor = mydb.cursor()
sql = ""UPDATE customers SET address = %s
  WHERE address = %s""
val = (""Valley 345"", ""Canyon 123"")
mycursor.execute(sql,
  val)
mydb.commit()
print(mycursor.rowcount, ""record(s)
  affected"")",Python Avanzado
267,MySQL Limit,https://www.w3schools.com/python/python_mysql_limit.asp,"Python MySQL Limit
Limit the Result
You can limit the number of records returned from the query, by using the ""LIMIT"" statement:
Example
Select the 5 first records in the ""customers"" table:
Start From Another Position
If you want to return five records, starting from the third record, you 
can use the ""OFFSET"" keyword:
Example
Start from position 3, and return 5 records:","import mysql.connector
mydb = mysql.connector.connect(
  host=""localhost"",

  user=""
yourusername
"",
  password=""
yourpassword
"",
  database=""mydatabase""
)
mycursor =
  mydb.cursor()
mycursor.execute(""SELECT * FROM customers LIMIT 5"")
myresult = mycursor.fetchall()
for x in
  myresult:
  print(x)
---
import mysql.connector
mydb = mysql.connector.connect(
  host=""localhost"",

  user=""
yourusername
"",
  password=""
yourpassword
"",
  database=""mydatabase""
)
mycursor =
  mydb.cursor()
mycursor.execute(""SELECT * FROM customers LIMIT 5
  OFFSET 2"")
myresult = mycursor.fetchall()
for x in
  myresult:
  print(x)",Python Avanzado
268,MySQL Join,https://www.w3schools.com/python/python_mysql_join.asp,"Python MySQL Join
Join Two or More Tables
You can combine rows from two or more tables, based on a related column 
between them, by using a JOIN statement.
Consider you have a ""users"" table and a ""products"" table:
users
products
These two tables can be combined by using users' fav field and products' id field.
Example
Join users and products to see the name of the users favorite product:
Note: You can use JOIN instead of INNER JOIN. They will 
  both give you the same result.
LEFT JOIN
In the example above, Hannah, and Michael were excluded from the result, that 
is because INNER JOIN only shows the records where there is a match.
If you want to show all users, even if they do not have a favorite product, 
use the LEFT JOIN statement:
Example
Select all users and their favorite product:
RIGHT JOIN
If you want to return all products, and the users who have them as their 
favorite, even if no user have them as their favorite, use the RIGHT JOIN 
statement:
Example
Select all products, and the user(s) who have them as their favorite:
Note: Hannah and Michael, who have no favorite product, are not included in the result.","{ id: 1, name: 'John', fav: 154},
{ id:
  2, name: 'Peter', fav: 154},
{ id: 3, name: 'Amy', fav: 155},
{ id: 4, name: 'Hannah', fav:},
{ id: 5, name: 'Michael', fav:}
---
{ id: 154, name:
  'Chocolate Heaven' },
{ id: 155, name: 'Tasty Lemons' },
{
  id: 156, name: 'Vanilla Dreams' }
---
import mysql.connector
mydb = mysql.connector.connect(
  host=""localhost"",

  user=""
yourusername
"",
  password=""
yourpassword
"",
  database=""mydatabase""
)

  mycursor = mydb.cursor()
sql = ""SELECT \
  users.name AS user,
  \
  products.name AS favorite \
  FROM users \
  INNER JOIN
  products ON users.fav = products.id""
mycursor.execute(sql)

  myresult = mycursor.fetchall()
for x in myresult:
  print(x)
---
sql = ""SELECT \
  users.name AS user,
  \
  products.name AS favorite \
  FROM users \
  LEFT JOIN
  products ON users.fav = products.id""
---
sql = ""SELECT \
  users.name AS user,
  \
  products.name AS favorite \
  FROM users \
  RIGHT JOIN
  products ON users.fav = products.id""",Python Avanzado
269,MongoDB Get Started,https://www.w3schools.com/python/python_mongodb_getstarted.asp,"Python MongoDB
Python can be used in database applications.
One of the most popular NoSQL database is MongoDB.
MongoDB
MongoDB stores data in JSON-like documents, which makes the database very 
flexible and scalable.
To be able to experiment with the code examples in this tutorial, you will need access to a MongoDB database.
You can download a free MongoDB database at https://www.mongodb.com .
Or get started right away with a MongoDB cloud service at https://www.mongodb.com/cloud/atlas .
PyMongo
Python needs a MongoDB driver to access the MongoDB database.
In this tutorial we will use the MongoDB driver ""PyMongo"".
We recommend that you use PIP to install ""PyMongo"".
PIP is most likely already installed in your Python environment.
Navigate your command line to the location of PIP, and type the following:
Download and install ""PyMongo"":
Now you have downloaded and installed a mongoDB driver.
Test PyMongo
To test if the installation was successful, or if you already have ""pymongo"" 
installed, create a Python page with 
the following content:
demo_mongodb_test.py:
If the above code was executed with no errors, ""pymongo"" is installed and 
ready to be used.","C:\Users\
Your Name
\AppData\Local\Programs\Python\Python36-32\Scripts>python -m pip install pymongo
---
import pymongo",Python Avanzado
270,MongoDB Create DB,https://www.w3schools.com/python/python_mongodb_create_db.asp,"Python MongoDB Create Database
Creating a Database
To create a database in MongoDB, start by creating a MongoClient object, then specify a connection URL with the 
correct ip address and the name of the database you want to create.
MongoDB will create the database if it does not exist, and make a connection 
to it.
Example
Create a database called ""mydatabase"":
Important: In MongoDB, a database is not created until it 
  gets content!
MongoDB waits until you have created a collection (table), with at least one document (record) before it actually creates the database (and collection).
Check if Database Exists
Remember: In MongoDB, a database is not created until it 
  gets content, so if this is your first time creating a database, you should 
  complete the next two chapters (create collection and create document) before 
  you check if the database exists!
You can check if a database exist by listing all databases in you system:
Example
Return a list of your system's databases:
Or you can check a specific database by name:
Example
Check if ""mydatabase"" exists:","import pymongo
myclient = pymongo.MongoClient(""mongodb://localhost:27017/"")


mydb = myclient[""mydatabase""]
---
print(myclient.list_database_names())
---
dblist = myclient.list_database_names()
if ""mydatabase"" in dblist:

  print(""The database exists."")",Python Avanzado
271,MongoDB Collection,https://www.w3schools.com/python/python_mongodb_create_collection.asp,"Python MongoDB Create Collection
A collection in MongoDB is the same as a table in SQL databases.
Creating a Collection
To create a collection in MongoDB, use database object and specify the name 
of the collection you want to create.
MongoDB will create the collection if it does not exist.
Example
Create a collection called ""customers"":
Important: In MongoDB, a collection is not created until it 
  gets content!
MongoDB waits until you have inserted a document before it actually creates the collection.
Check if Collection Exists
Remember: In MongoDB, a collection is not created until it 
  gets content, so if this is your first time creating a collection, you should 
  complete the next chapter (create document) before 
  you check if the collection exists!
You can check if a collection exist in a database by listing all collections:
Example
Return a list of all collections in your database:
Or you can check a specific collection by name:
Example
Check if the ""customers"" collection exists:","import pymongo
myclient = pymongo.MongoClient(""mongodb://localhost:27017/"")

  mydb = myclient[""mydatabase""]
mycol = mydb[""customers""]
---
print(mydb.list_collection_names())
---
collist = mydb.list_collection_names()
if ""customers"" in collist:

  print(""The collection exists."")",Python Avanzado
272,MongoDB Insert,https://www.w3schools.com/python/python_mongodb_insert.asp,"Python MongoDB Insert Document
A document in MongoDB is the same as a record in SQL databases.
Insert Into Collection
To insert a record, or document as it is called in MongoDB, into a collection, we use the insert_one() method.
The first parameter of the insert_one() method is a 
dictionary containing the 
name(s) and value(s) of each field in the document you want to insert.
Example
Insert a record in the ""customers"" collection:
Return the _id Field
The insert_one() method returns a InsertOneResult object, which has a 
property, inserted_id , that holds the id of the inserted document.
Example
Insert another record in the ""customers"" collection, and return the value of the _id field:
If you do not specify an _id field, then MongoDB 
will add one for you and assign a unique id for each document.
In the example above no _id field was 
specified, so MongoDB assigned a unique 
_id for the record (document).
Insert Multiple Documents
To insert multiple documents into a collection in MongoDB, we use the insert_many() method.
The first parameter of the insert_many() method 
is a list containing dictionaries with the data you want to insert:
Example
The insert_many() method returns a InsertManyResult object, which has a property, inserted_ids , that holds the ids of the inserted documents.
Insert Multiple Documents, with Specified IDs
If you do not want MongoDB to assign unique ids for your document, you can 
specify the _id field when you insert the document(s).
Remember that the values has to be unique. Two documents cannot have the same 
_id.
Example","import pymongo
myclient = pymongo.MongoClient(""mongodb://localhost:27017/"")

  mydb = myclient[""mydatabase""]
mycol = mydb[""customers""]


mydict = { ""name"": ""John"", ""address"": ""Highway 37"" }

  x =
  mycol.insert_one(mydict)
---
mydict = { ""name"": ""Peter"", ""address"": ""Lowstreet 27"" }

  x = mycol.insert_one(mydict)
print(x.inserted_id)
---
import pymongo
myclient = pymongo.MongoClient(""mongodb://localhost:27017/"")

mydb = myclient[""mydatabase""]
mycol = mydb[""customers""]


mylist = [
  { ""name"": ""Amy"", ""address"": ""Apple st 652""},

    { ""name"": ""Hannah"", ""address"": ""Mountain 21""},
  { ""name"":
    ""Michael"", ""address"": ""Valley 345""},
  { ""name"": ""Sandy"", ""address"":
    ""Ocean blvd 2""},
  { ""name"": ""Betty"", ""address"": ""Green Grass 1""},

    { ""name"": ""Richard"", ""address"": ""Sky st 331""},
  { ""name"": ""Susan"",
    ""address"": ""One way 98""},
  { ""name"": ""Vicky"", ""address"": ""Yellow
    Garden 2""},
  { ""name"": ""Ben"", ""address"": ""Park Lane 38""},

    { ""name"": ""William"", ""address"": ""Central st 954""},
  { ""name"":
    ""Chuck"", ""address"": ""Main Road 989""},
  { ""name"": ""Viola"",
    ""address"": ""Sideway 1633""}
]
x = mycol.insert_many(mylist)
#print list of the _id values of the inserted
    documents:
print(x.inserted_ids)
---
import pymongo
myclient = pymongo.MongoClient(""mongodb://localhost:27017/"")

mydb = myclient[""mydatabase""]
mycol = mydb[""customers""]


mylist = [
  { ""_id"": 1, ""name"": ""John"", ""address"": ""Highway 37""},

    { ""_id"": 2, ""name"": ""Peter"", ""address"": ""Lowstreet 27""},
  { ""_id"":
    3, ""name"": ""Amy"", ""address"": ""Apple st 652""},
  { ""_id"": 4, ""name"":
    ""Hannah"", ""address"": ""Mountain 21""},
  { ""_id"": 5, ""name"":
    ""Michael"", ""address"": ""Valley 345""},
  { ""_id"": 6, ""name"": ""Sandy"",
    ""address"": ""Ocean blvd 2""},
  { ""_id"": 7, ""name"": ""Betty"",
    ""address"": ""Green Grass 1""},
  { ""_id"": 8, ""name"": ""Richard"",
    ""address"": ""Sky st 331""},
  { ""_id"": 9, ""name"": ""Susan"", ""address"":
    ""One way 98""},
  { ""_id"": 10, ""name"": ""Vicky"", ""address"": ""Yellow
    Garden 2""},
  { ""_id"": 11, ""name"": ""Ben"", ""address"": ""Park Lane
    38""},
  { ""_id"": 12, ""name"": ""William"", ""address"": ""Central st
    954""},
  { ""_id"": 13, ""name"": ""Chuck"", ""address"": ""Main Road 989""},

    { ""_id"": 14, ""name"": ""Viola"", ""address"": ""Sideway 1633""}
]
x = mycol.insert_many(mylist)
#print list of the _id values of the inserted
    documents:
print(x.inserted_ids)",Python Avanzado
273,MongoDB Find,https://www.w3schools.com/python/python_mongodb_find.asp,"Python MongoDB Find
In MongoDB we use the find() and find_one() methods to find data in a collection.
Just like the SELECT statement is used to find data in a 
  table in a MySQL database.
Find One
To select data from a collection in MongoDB, we can use the find_one() method.
The find_one() method returns the first 
occurrence in the selection.
Example
Find the first document in the customers collection:
Find All
To select data from a table in MongoDB, we can also use the find() method.
The find() method returns all 
occurrences in the selection.
The first parameter of the find() method 
is a query object. In this example we use an empty query object, which selects 
all documents in the collection.
No parameters in the find() method gives you the same result as SELECT * in MySQL.
Example
Return all documents in the ""customers"" collection, and print each document:
Return Only Some Fields
The second parameter of the find() method 
is an object describing which fields to include in the result.
This parameter is optional, and if omitted, all fields will be included in 
the result.
Example
Return only the names and addresses, not the _ids:
You are not allowed to specify both 0 and 1 values in the same object (except 
if one of the fields is the _id field). If you specify a field with the value 0, all other fields get the value 1, 
and vice versa:
Example
This example will exclude ""address"" from the result:
Example
You get an error if you specify both 0 and 1 values in the same object 
(except if one of the fields is the _id field):","import pymongo
myclient = pymongo.MongoClient(""mongodb://localhost:27017/"")

  mydb = myclient[""mydatabase""]
mycol = mydb[""customers""]


x = mycol.find_one()
print(x)
---
import pymongo
myclient = pymongo.MongoClient(""mongodb://localhost:27017/"")

  mydb = myclient[""mydatabase""]
mycol = mydb[""customers""]


for x in mycol.find():
  print(x)
---
import pymongo
myclient = pymongo.MongoClient(""mongodb://localhost:27017/"")

  mydb = myclient[""mydatabase""]
mycol = mydb[""customers""]


for x in mycol.find({},{ ""_id"": 0, ""name"": 1, ""address"": 1 }):

    print(x)
---
import pymongo
myclient = pymongo.MongoClient(""mongodb://localhost:27017/"")

  mydb = myclient[""mydatabase""]
mycol = mydb[""customers""]


for x in mycol.find({},{ ""address"": 0 }):

    print(x)
---
import pymongo
myclient = pymongo.MongoClient(""mongodb://localhost:27017/"")

  mydb = myclient[""mydatabase""]
mycol = mydb[""customers""]


for x in mycol.find({},{ ""name"": 1, ""address"": 0 }):

    print(x)",Python Avanzado
274,MongoDB Query,https://www.w3schools.com/python/python_mongodb_query.asp,"Python MongoDB Query
Filter the Result
When finding documents in a collection, you can filter the result by using a 
query object.
The first argument of the find() method 
is a query object, and is used to limit the search.
Example
Find document(s) with the address ""Park Lane 38"":
Advanced Query
To make advanced queries you can use modifiers as values in the query object.
E.g. to find the documents where the ""address"" field starts with the letter ""S"" 
or higher (alphabetically), use the greater than modifier: {""$gt"": ""S""} :
Example
Find documents where the address starts with the letter ""S"" or 
higher:
Filter With Regular Expressions
You can also use regular expressions as a modifier.
Regular expressions can only be used to query strings .
To find only the documents where the ""address"" field starts with the letter ""S"", use the regular 
expression {""$regex"": ""^S""} :
Example
Find documents where the address starts with the letter ""S"":","import pymongo
myclient = pymongo.MongoClient(""mongodb://localhost:27017/"")

  mydb = myclient[""mydatabase""]
mycol = mydb[""customers""]


myquery = { ""address"": ""Park Lane 38"" }


mydoc = mycol.find(myquery)
for x in mydoc:
  print(x)
---
import pymongo
myclient = pymongo.MongoClient(""mongodb://localhost:27017/"")

  mydb = myclient[""mydatabase""]
mycol = mydb[""customers""]


myquery = { ""address"": { ""$gt"": ""S"" } }
mydoc = mycol.find(myquery)


for x in mydoc:
  print(x)
---
import pymongo
myclient = pymongo.MongoClient(""mongodb://localhost:27017/"")

  mydb = myclient[""mydatabase""]
mycol = mydb[""customers""]


myquery = { ""address"": { ""$regex"": ""^S"" } }
mydoc = mycol.find(myquery)


for x in mydoc:
  print(x)",Python Avanzado
275,MongoDB Sort,https://www.w3schools.com/python/python_mongodb_sort.asp,"Python MongoDB Sort
Sort the Result
Use the sort() method to sort the result in 
ascending or descending order.
The sort() method takes one parameter for 
""fieldname"" and one parameter for ""direction"" (ascending is the default 
direction).
Example
Sort the result alphabetically by name:
Sort Descending
Use the value -1 as the second parameter to sort descending.
sort(""name"", 1) #ascending sort(""name"", -1) #descending
Example
Sort the result reverse alphabetically by name:","import pymongo
myclient = pymongo.MongoClient(""mongodb://localhost:27017/"")

  mydb = myclient[""mydatabase""]
mycol = mydb[""customers""]


mydoc = mycol.find().sort(""name"")
for x in mydoc:
  print(x)
---
import pymongo
myclient = pymongo.MongoClient(""mongodb://localhost:27017/"")

  mydb = myclient[""mydatabase""]
mycol = mydb[""customers""]


mydoc = mycol.find().sort(""name"", -1)
for x in mydoc:
  print(x)",Python Avanzado
276,MongoDB Delete,https://www.w3schools.com/python/python_mongodb_delete.asp,"Python MongoDB Delete Document
Delete Document
To delete one document, we use the delete_one() method.
The first parameter of the delete_one() method 
is a query object defining which document to delete.
Note: If the query finds more than one document, only the first 
occurrence is deleted.
Example
Delete the document with the address ""Mountain 21"":
Delete Many Documents
To delete more than one document, use the delete_many() method.
The first parameter of the delete_many() method 
is a query object defining which documents to delete.
Example
Delete all documents were the address starts with the letter S:
Delete All Documents in a Collection
To delete all documents in a collection, pass an empty query object to the delete_many() method:
Example
Delete all documents in the ""customers"" collection:","import pymongo
myclient = pymongo.MongoClient(""mongodb://localhost:27017/"")

  mydb = myclient[""mydatabase""]
mycol = mydb[""customers""]


myquery = { ""address"": ""Mountain 21"" }


mycol.delete_one(myquery)
---
import pymongo
myclient = pymongo.MongoClient(""mongodb://localhost:27017/"")

  mydb = myclient[""mydatabase""]
mycol = mydb[""customers""]


myquery = { ""address"": {""$regex"": ""^S""} }


x = mycol.delete_many(myquery)
print(x.deleted_count, "" documents
  deleted."")
---
import pymongo
myclient = pymongo.MongoClient(""mongodb://localhost:27017/"")

  mydb = myclient[""mydatabase""]
mycol = mydb[""customers""]


x = mycol.delete_many({})
print(x.deleted_count, "" documents
  deleted."")",Python Avanzado
277,MongoDB Drop Collection,https://www.w3schools.com/python/python_mongodb_drop_collection.asp,"Python MongoDB Drop Collection
Delete Collection
You can delete a table, or collection as it is called in MongoDB, by using 
the drop() method.
Example
Delete the ""customers"" collection:
The drop() method returns true if the collection was dropped successfully, 
and false if the collection does not exist.","import pymongo
myclient = pymongo.MongoClient(""mongodb://localhost:27017/"")

  mydb = myclient[""mydatabase""]
mycol = mydb[""customers""]


mycol.drop()",Python Avanzado
278,MongoDB Update,https://www.w3schools.com/python/python_mongodb_update.asp,"Python MongoDB Update
Update Collection
You can update a record, or document as it is called in MongoDB, by using 
the update_one() method.
The first parameter of the update_one() method 
is a query object defining which document to update.
Note: If the query finds more than one record, only the first 
occurrence is updated.
The second parameter  
is an object defining the new values of the document.
Example
Change the address from ""Valley 345"" to ""Canyon 123"":
Update Many
To update all documents that meets the criteria of the query, use 
the update_many() method.
Example
Update all documents where the address starts with the letter ""S"":","import pymongo
myclient = pymongo.MongoClient(""mongodb://localhost:27017/"")

  mydb = myclient[""mydatabase""]
mycol = mydb[""customers""]


myquery = { ""address"": ""Valley 345"" }
newvalues = { ""$set"": {
  ""address"": ""Canyon 123"" } }


mycol.update_one(myquery, newvalues)
#print ""customers"" after the update:
for x in mycol.find():
  print(x)
---
import pymongo
myclient = pymongo.MongoClient(""mongodb://localhost:27017/"")

  mydb = myclient[""mydatabase""]
mycol = mydb[""customers""]


myquery = { ""address"": { ""$regex"": ""^S"" } }
newvalues = { ""$set"": {
  ""name"": ""Minnie"" } }


x = mycol.update_many(myquery, newvalues)
print(x.modified_count, ""documents updated."")",Python Avanzado
279,MongoDB Limit,https://www.w3schools.com/python/python_mongodb_limit.asp,"Python MongoDB Limit
Limit the Result
To limit the result in MongoDB, we use the limit() method.
The limit() method takes one parameter, a number defining how many documents 
to return.
Consider you have a ""customers"" collection:
Customers
Example
Limit the result to only return 5 documents:","{'_id': 1, 'name': 'John', 'address': 'Highway37'}

{'_id': 2, 'name': 'Peter', 'address': 'Lowstreet 27'}

{'_id': 3, 'name': 'Amy', 'address': 'Apple st 652'}

{'_id': 4, 'name': 'Hannah', 'address': 'Mountain 21'}

{'_id': 5, 'name': 'Michael', 'address': 'Valley 345'}

{'_id': 6, 'name': 'Sandy', 'address': 'Ocean blvd 2'}

{'_id': 7, 'name': 'Betty', 'address': 'Green Grass 1'}

{'_id': 8, 'name': 'Richard', 'address': 'Sky st 331'}

{'_id': 9, 'name': 'Susan', 'address': 'One way 98'}

{'_id': 10, 'name': 'Vicky', 'address': 'Yellow Garden 2'}

{'_id': 11, 'name': 'Ben', 'address': 'Park Lane 38'}

{'_id': 12, 'name': 'William', 'address': 'Central st 954'}

{'_id': 13, 'name': 'Chuck', 'address': 'Main Road 989'}

{'_id': 14, 'name': 'Viola', 'address': 'Sideway 1633'}
---
import pymongo
myclient = pymongo.MongoClient(""mongodb://localhost:27017/"")

  mydb = myclient[""mydatabase""]
mycol = mydb[""customers""]


myresult = mycol.find().limit(5)
#print the result:
for x in myresult:
  print(x)",Python Avanzado
280,Python Overview,https://www.w3schools.com/python/python_reference.asp,"Python Reference
This section contains a Python reference documentation.
Python Reference
Module Reference",,Python Avanzado
281,Python Built-in Functions,https://www.w3schools.com/python/python_ref_functions.asp,"Python Built in Functions
Python has a set of built-in functions.
Function
Description
abs()
Returns the absolute value of a number
all()
Returns True if all items in an iterable object are true
any()
Returns True if any item in an iterable object is true
ascii()
Returns a readable version of an object. Replaces none-ascii characters with escape character
bin()
Returns the binary version of a number
bool()
Returns the boolean value of the specified object
bytearray()
Returns an array of bytes
bytes()
Returns a bytes object
callable()
Returns True if the specified object is callable, otherwise False
chr()
Returns a character from the specified 
  Unicode code.
classmethod()
Converts a method into a class method
compile()
Returns the specified source as an object, ready to be executed
complex()
Returns a complex number
delattr()
Deletes the specified attribute (property or method) from the specified object
dict()
Returns a dictionary (Array)
dir()
Returns a list of the specified object's properties and methods
divmod()
Returns the quotient and the remainder when argument1 is divided by argument2
enumerate()
Takes a collection (e.g. a tuple) and returns it as an enumerate object
eval()
Evaluates and executes an expression
exec()
Executes the specified code (or object)
filter()
Use a filter function to exclude items in an iterable object
float()
Returns a floating point number
format()
Formats a specified value
frozenset()
Returns a frozenset object
getattr()
Returns the value of the specified attribute (property or method)
globals()
Returns the current global symbol table as a dictionary
hasattr()
Returns True if the specified object has the specified attribute (property/method)
hash()
Returns the hash value of a specified object
help()
Executes the built-in help system
hex()
Converts a number into a hexadecimal value
id()
Returns the id of an object
input()
Allowing user input
int()
Returns an integer number
isinstance()
Returns True if a specified object is an instance of a specified object
issubclass()
Returns True if a specified class is a subclass of a specified object
iter()
Returns an iterator object
len()
Returns the length of an object
list()
Returns a list
locals()
Returns an updated dictionary of the current local symbol table
map()
Returns the specified iterator with the specified function applied to each item
max()
Returns the largest item in an iterable
memoryview()
Returns a memory view object
min()
Returns the smallest item in an iterable
next()
Returns the next item in an iterable
object()
Returns a new object
oct()
Converts a number into an octal
open()
Opens a file and returns a file object
ord()
Convert an integer 
  representing the Unicode of the specified character
pow()
Returns the value of x to the power of y
print()
Prints to the standard output device
property()
Gets, sets, deletes a property
range()
Returns a sequence of numbers, starting from 0 and increments by 1 (by default)
repr()
Returns a readable version of an object
reversed()
Returns a reversed iterator
round()
Rounds a numbers
set()
Returns a new set object
setattr()
Sets an attribute (property/method) of an object
slice()
Returns a slice object
sorted()
Returns a sorted list
staticmethod()
Converts a method into a static method
str()
Returns a string object
sum()
Sums the items of an iterator
super()
Returns an object that represents the parent class
tuple()
Returns a tuple
type()
Returns the type of an object
vars()
Returns the __dict__ property of an object
zip()
Returns an iterator, from two or more iterators",,Python Avanzado
282,Python String Methods,https://www.w3schools.com/python/python_ref_string.asp,"Python String Methods
Python has a set of built-in methods that you can use on strings.
Note: All string methods returns new values. They do not change the original string.
Method
Description
capitalize()
Converts the first 
    character to upper case
casefold()
Converts string into 
    lower case
center()
Returns a centered 
    string
count()
Returns the number of 
    times a specified value occurs in a string
encode()
Returns an encoded 
    version of the string
endswith()
Returns true if the 
    string ends with the specified value
expandtabs()
Sets the 
    tab size of the string
find()
Searches the string for a 
    specified value and returns the position of where it was found
format()
Formats specified 
    values in a string
format_map()
Formats specified values from a dictionary in a string
index()
Searches the string 
    for a specified value and returns the position of where it was found
isalnum()
Returns True if all 
    characters in the string are alphanumeric
isalpha()
Returns True if all 
    characters in the string are in the alphabet
isascii()
Returns True if all 
    characters in the string are ascii characters
isdecimal()
Returns True if all 
    characters in the string are decimals
isdigit()
Returns True if all 
    characters in the string are digits
isidentifier()
Returns True if 
    the string is an identifier
islower()
Returns True if all 
    characters in the string are lower case
isnumeric()
Returns True if 
    all characters in the string are numeric
isprintable()
Returns True if 
    all characters in the string are printable
isspace()
Returns True if all 
    characters in the string are whitespaces
istitle()
Returns True if the string follows the rules of a 
    title
isupper()
Returns True if all 
    characters in the string are upper case
join()
Converts the elements of 
    an iterable into a string
ljust()
Returns a left justified 
    version of the string
lower()
Converts a string into 
    lower case
lstrip()
Returns a left trim 
    version of the string
maketrans()
Returns a 
    translation table to be used in translations
partition()
Returns a tuple 
    where the string is parted into three parts
replace()
Returns a string 
    where a specified value is replaced with a specified value
rfind()
Searches the string for 
    a specified value and returns the last position of where it was found
rindex()
Searches the string for 
    a specified value and returns the last position of where it was found
rjust()
Returns a right justified 
    version of the string
rpartition()
Returns a tuple 
    where the string is parted into three parts
rsplit()
Splits the string at 
    the specified separator, and returns a list
rstrip()
Returns a right trim 
    version of the string
split()
Splits the string at 
    the specified separator, and returns a list
splitlines()
Splits the string 
    at line breaks and returns a list
startswith()
Returns true if 
    the string starts with the specified value
strip()
Returns a trimmed version of the string
swapcase()
Swaps cases, lower 
    case becomes upper case and vice versa
title()
Converts the first 
    character of each word to upper case
translate()
Returns a 
    translated string
upper()
Converts a string 
    into upper case
zfill()
Fills the string with 
  a specified number of 0 values at the beginning
Note: All string methods returns new values. They do not change the original string.
Learn more about strings in our Python Strings Tutorial .",,Python Avanzado
283,Python List Methods,https://www.w3schools.com/python/python_ref_list.asp,"Python List/Array Methods
Python has a set of built-in methods that you can use on lists/arrays.
Method
Description
append()
Adds an element at 
  the end of the list
clear()
Removes all the 
  elements from the list
copy()
Returns a copy of the 
  list
count()
Returns the number of 
  elements with the specified value
extend()
Add the elements of a 
  list (or any iterable), to the end of the current list
index()
Returns the index of 
  the first element with the specified value
insert()
Adds an element at 
  the specified position
pop()
Removes the element at the 
  specified position
remove()
Removes the first 
  item with the specified value
reverse()
Reverses the order 
  of the list
sort()
Sorts the list
Note: Python does not have built-in support for Arrays, 
  but Python Lists can be used instead.
Learn more about lists in our Python Lists Tutorial .
Learn more about arrays in our Python Arrays Tutorial .",,Python Avanzado
284,Python Dictionary Methods,https://www.w3schools.com/python/python_ref_dictionary.asp,"Python Dictionary Methods
Python has a set of built-in methods that you can use on dictionaries.
Method
Description
clear()
Removes all the elements from the dictionary
copy()
Returns a copy of the dictionary
fromkeys()
Returns a dictionary with the specified keys and value
get()
Returns the value of the specified key
items()
Returns a list containing a tuple for each key value pair
keys()
Returns a list containing the dictionary's keys
pop()
Removes the element with the specified key
popitem()
Removes the last 
  inserted key-value pair
setdefault()
Returns the value of the specified key. If the key does not exist: insert the key, with the specified value
update()
Updates the dictionary with the specified key-value pairs
values()
Returns a list of all the values in the dictionary
Learn more about dictionaries in our Python Dictionaries Tutorial .",,Python Avanzado
285,Python Tuple Methods,https://www.w3schools.com/python/python_ref_tuple.asp,"Python Tuple Methods
Python has two built-in methods that you can use on tuples.
Method
Description
count()
Returns the number of times a specified value occurs in a tuple
index()
Searches the tuple for a specified value and returns the position of where it was found
Learn more about tuples in our Python Tuples Tutorial .",,Python Avanzado
286,Python Set Methods,https://www.w3schools.com/python/python_ref_set.asp,"Python Set Methods
Python has a set of built-in methods that you can use on sets.
Method
Shortcut
Description
add()
Adds an element to the set
clear()
Removes all the elements from the set
copy()
Returns a copy of the set
difference()
-
Returns a set containing the difference between two or more sets
difference_update()
-=
Removes the items in this set that are also included in another, specified set
discard()
Remove the specified item
intersection()
&
Returns a set, that is the intersection of two other sets
intersection_update()
&=
Removes the items in this set that are not present in other, specified set(s)
isdisjoint()
Returns whether two sets have a intersection or not
issubset()
<=
Returns True if all items of this set is present in another set
<
Returns True if all items of this set is present in another, larger set
issuperset()
>=
Returns True if all items of another set is present in this set
>
Returns True if all items of another, smaller set is present in this set
pop()
Removes an element from the set
remove()
Removes the specified element
symmetric_difference()
^
Returns a set with the symmetric differences of two sets
symmetric_difference_update()
^=
Inserts the symmetric differences from this set and another
union()
|
Return a set containing the union of sets
update()
|=
Update the set with the union of this set and others
Learn more about sets in our Python Sets Tutorial .",,Python Avanzado
287,Python File Methods,https://www.w3schools.com/python/python_ref_file.asp,"Python File Methods
Python has a set of methods available for the file object.
Method
Description
close()
Closes the file
detach()
Returns the separated 
    raw stream from the buffer
fileno()
Returns a number that 
    represents the stream, from the operating system's perspective
flush()
Flushes the internal 
    buffer
isatty()
Returns whether the 
    file stream is interactive or not
read()
Returns the file content
readable()
Returns whether 
    the file stream can be read or not
readline()
Returns one line 
    from the file
readlines()
Returns a list 
    of lines from the file
seek()
Change the file position
seekable()
Returns whether 
    the file allows us to change the file position
tell()
Returns the current file 
    position
truncate()
Resizes the file 
    to a specified size
writable()
Returns whether 
    the file can be written to or not
write()
Writes the specified 
    string to the file
writelines()
Writes a list 
    of strings to the file
Learn more about the file object in our Python File Handling Tutorial .",,Python Avanzado
288,Python Keywords,https://www.w3schools.com/python/python_ref_keywords.asp,"Python Keywords
Python has a set of keywords that are reserved words that cannot be used as 
variable names, function names, or any other identifiers:
Keyword
Description
and
A logical operator
as
To create an alias
assert
For debugging
async
Define an asynchronous function
await
Wait for and get a result from an awaitable
break
To break out of a loop
case
Pattern in a match statement
class
To define a class
continue
To continue to the 
    next iteration of a loop
def
To define a function
del
To delete an object
elif
Used in conditional 
    statements, same as else if
else
Used in conditional 
    statements
except
Used with exceptions, 
    what to do when an exception occurs
False
Boolean value, result of 
    comparison operations
finally
Used with exceptions, a 
    block of code that will be executed no matter if there is an exception or 
    not
for
To create a for loop
from
To import specific parts of 
    a module
global
To declare a global 
    variable
if
To make a conditional 
    statement
import
To import a module
in
To check if a value is 
    present in a list, tuple, etc.
is
To test if two variables are 
    equal
lambda
To create an anonymous 
    function
match
Start a match statement (compare a value against cases)
None
Represents a null value
nonlocal
To declare a 
    non-local variable
not
A logical operator
or
A logical operator
pass
A null statement, a 
  statement that will do nothing
raise
To raise an exception
return
To exit a function and 
  return a value
True
Boolean value, result of 
    comparison operations
try
To make a try...except 
  statement
while
To create a while loop
with
Used to simplify 
  exception handling
yield
To return a list of values from a generator",,Python Avanzado
289,Python Exceptions,https://www.w3schools.com/python/python_ref_exceptions.asp,"Python Built-in Exceptions
Built-in Exceptions
The table below shows built-in exceptions that are usually raised in Python:
Exception
Description
ArithmeticError
Raised when an error occurs in numeric calculations
AssertionError
Raised when an assert statement fails
AttributeError
Raised when attribute reference or assignment fails
Exception
Base class for all exceptions
EOFError
Raised when 
      the input() method hits an ""end of file"" condition (EOF)
FloatingPointError
Raised when a floating point calculation fails
GeneratorExit
Raised when a generator is closed (with the close() method)
ImportError
Raised when an imported module does not exist
IndentationError
Raised when indentation is not correct
IndexError
Raised when an index of a sequence does not exist
KeyError
Raised when a key does not exist in a dictionary
KeyboardInterrupt
Raised when the user presses Ctrl+c, 
      Ctrl+z or Delete
LookupError
Raised when errors raised cant be found
MemoryError
Raised when a program runs out of memory
NameError
Raised when a variable does not exist
NotImplementedError
Raised when an abstract method requires an inherited class to override the 
      method
OSError
Raised when a system related operation causes an error
OverflowError
Raised when the result of a numeric calculation is too large
ReferenceError
Raised when a weak reference object does not exist
RuntimeError
Raised when an error occurs that do not belong to any specific exceptions
StopIteration
Raised when the next() method of an iterator has no further values
SyntaxError
Raised when a syntax error occurs
TabError
Raised when indentation consists of tabs or spaces
SystemError
Raised when a system error occurs
SystemExit
Raised when the sys.exit() function is called
TypeError
Raised when two different types are combined
UnboundLocalError
Raised when a local variable is referenced before assignment
UnicodeError
Raised when a unicode problem occurs
UnicodeEncodeError
Raised when a unicode encoding problem occurs
UnicodeDecodeError
Raised when a unicode decoding problem occurs
UnicodeTranslateError
Raised when a unicode translation problem occurs
ValueError
Raised when there is a wrong value in a specified data type
ZeroDivisionError
Raised when the second operator in a division is zero",,Python Avanzado
290,Python Glossary,https://www.w3schools.com/python/python_ref_glossary.asp,"Python Glossary
This is a list of all the features explained in the Python Tutorial.
Feature
Description
Indentation
Indentation refers to the spaces at the beginning of a code line
Comments
Comments are code lines that will not be executed
Multiline Comments
How to insert comments on multiple lines
Creating Variables
Variables are containers for storing data values
Variable Names
How to name your variables
Camel Case
Camel Case Variable Names
Pascal Case
Pascal Case Variable Names
Snake Case
Snake Case Variable Names
Assign Values to Multiple Variables
How to assign values to multiple variables
Output Variables
Use the print statement to output variables
String Concatenation
How to combine strings
Global Variables
Global variables are variables that belongs to the global scope
Built-In Data Types
Python has a set of built-in data types
Getting Data Type
How to get the data type of an object
Setting Data Type
How to set the data type of an object
Numbers
There are three numeric types in Python
Int
The integer number type
Float
The floating number type
Complex
The complex number type
Type Conversion
How to convert from one number type to another
Random Number
How to create a random number
Specify a Variable Type
How to specify a certain data type for a variable
String Literals
How to create string literals
Assigning a String to a Variable
How to assign a string value to a variable
Multiline Strings
How to create a multiline string
Strings are Arrays
Strings in Python are arrays of bytes representing Unicode characters
Slicing a String
How to slice a string
Negative Indexing on a String
How to use negative indexing when accessing a string
String Length
How to get the length of a string
Check In String
How to check if a string contains a specified phrase
Format String
How to combine two strings
Escape Characters
How to use escape characters
Boolean Values
True or False
Evaluate Booleans
Evaluate a value or statement and return either True or False
Return Boolean Value
Functions that return a Boolean value
Operators
Use operator to perform operations in Python
Arithmetic Operators
Arithmetic operator are used to perform common mathematical operations
Assignment Operators
Assignment operators are use to assign values to variables
Comparison Operators
Comparison operators are used to compare two values
Logical Operators
Logical operators are used to combine conditional statements
Identity Operators
Identity operators are used to see if two objects are in fact the same object
Membership Operators
Membership operators are used to test is a sequence is present in an object
Bitwise Operators
Bitwise operators are used to compare (binary) numbers
Lists
A list is an ordered, and changeable, collection
Access List Items
How to access items in a list
Change List Item
How to change the value of a list item
Loop Through List Items
How to loop through the items in a list
List Comprehension
How use a list comprehensive
Check if List Item Exists
How to check if a specified item is present in a list
List Length
How to determine the length of a list
Add List Items
How to add items to a list
Remove List Items
How to remove list items
Copy a List
How to copy a list
Join Two Lists
How to join two lists
Tuple
A tuple is an ordered, and unchangeable, collection
Access Tuple Items
How to access items in a tuple
Change Tuple Item
How to change the value of a tuple item
Loop List Items
How to loop through the items in a tuple
Check if Tuple Item Exists
How to check if a specified item is present in a tuple
Tuple Length
How to determine the length of a tuple
Tuple With One Item
How to create a tuple with only one item
Remove Tuple Items
How to remove tuple items
Join Two Tuples
How to join two tuples
Set
A set is an unordered, and unchangeable, collection
Access Set Items
How to access items in a set
Add Set Items
How to add items to a set
Loop Set Items
How to loop through the items in a set
Check if Set Item Exists
How to check if a item exists
Set Length
How to determine the length of a set
Remove Set Items
How to remove set items
Join Two Sets
How to join two sets
Dictionary
A dictionary is an unordered, and changeable, collection
Access Dictionary Items
How to access items in a dictionary
Change Dictionary Item
How to change the value of a dictionary item
Loop Dictionary Items
How to loop through the items in a tuple
Check if Dictionary Item Exists
How to check if a specified item is present in a dictionary
Dictionary Length
How to determine the length of a dictionary
Add Dictionary Item
How to add an item to a dictionary
Remove Dictionary Items
How to remove dictionary items
Copy Dictionary
How to copy a dictionary
Nested Dictionaries
A dictionary within a dictionary
If Statement
How to write an if statement
If Indentation
If statements in Python relies on indentation (whitespace at the beginning of a line)
Elif
elif is the same as ""else if"" in other programming languages
Else
How to write an if...else statement
Shorthand If
How to write an if statement in one line
Shorthand If Else
How to write an if...else statement in one line
If AND
Use the and keyword to combine if statements
If OR
Use the or keyword to combine if statements
If NOT
Use the not keyword to reverse the condition
Nested If
How to write an if statement inside an if statement
The pass Keyword in If
Use the pass keyword inside empty if statements
While
How to write a while loop
While Break
How to break a while loop
While Continue
How to stop the current iteration and continue wit the next
While Else
How to use an else statement in a while loop
For
How to write a for loop
Loop Through a String
How to loop through a string
For Break
How to break a for loop
For Continue
How to stop the current iteration and continue wit the next
Looping Through a range
How to loop through a range of values
For Else
How to use an else statement in a for loop
Nested Loops
How to write a loop inside a loop
For pass
Use the pass keyword inside empty for loops
Function
How to create a function in Python
Call a Function
How to call a function in Python
Function Arguments
How to use arguments in a function
*args
To deal with an unknown number of arguments in a function, use the * symbol before the parameter name
Keyword Arguments
How to use keyword arguments in a function
**kwargs
To deal with an unknown number of keyword arguments in a function, use the * symbol before the parameter name
Default Parameter Value
How to use a default parameter value
Passing a List as an Argument
How to pass a list as an argument
Function Return Value
How to return a value from a function
The pass Statement in Functions
Use the pass statement in empty functions
Function Recursion
Functions that can call itself is called recursive functions
Lambda Function
How to create anonymous functions in Python
Why Use Lambda Functions
Learn when to use a lambda function or not
Array
Lists can be used as Arrays
What is an Array
Arrays are variables that can hold more than one value
Access Arrays
How to access array items
Array Length
How to get the length of an array
Looping Array Elements
How to loop through array elements
Add Array Element
How to add elements from an array
Remove Array Element
How to remove elements from an array
Array Methods
Python has a set of Array/Lists methods
Class
A class is like an object constructor
Create Class
How to create a class
The Class __init__() Function
The __init__() function is executed when the class is initiated
Object Methods
Methods in objects are functions that belongs to the object
self
The self parameter refers to the current instance of the class
Modify Object Properties
How to modify properties of an object
Delete Object Properties
How to modify properties of an object
Delete Object
How to delete an object
Class pass Statement
Use the pass statement in empty classes
Create Parent Class
How to create a parent class
Create Child Class
How to create a child class
Create the __init__() Function
How to create the __init__() function
super Function
The super() function make the child class inherit the parent class
Add Class Properties
How to add a property to a class
Add Class Methods
How to add a method to a class
Iterators
An iterator is an object that contains a countable number of values
Iterator vs Iterable
What is the difference between an iterator and an iterable
Loop Through an Iterator
How to loop through the elements of an iterator
Create an Iterator
How to create an iterator
StopIteration
How to stop an iterator
Global Scope
When does a variable belong to the global scope?
Global Keyword
The global keyword makes the variable global
Create a Module
How to create a module
Variables in Modules
How to use variables in a module
Renaming a Module
How to rename a module
Built-in Modules
How to import built-in modules
Using the dir() Function
List all variable names and function names in a module
Import From Module
How to import only parts from a module
Datetime Module
How to work with dates in Python
Date Output
How to output a date
Create a Date Object
How to create a date object
The strftime Method
How to format a date object into a readable string
Date Format Codes
The datetime module has a set of legal format codes
JSON
How to work with JSON in Python
Parse JSON
How to parse JSON code in Python
Convert into JSON
How to convert a Python object in to JSON
Format JSON
How to format JSON output with indentations and line breaks
Sort JSON
How to sort JSON
RegEx Module
How to import the regex module
RegEx Functions
The re module has a set of functions
Metacharacters in RegEx
Metacharacters are characters with a special meaning
RegEx Special Sequences
A backslash followed by a a character has a special meaning
RegEx Sets
A set is a set of characters inside a pair of square brackets with a special meaning
RegEx Match Object
The Match Object is an object containing information about the search and the result
Install PIP
How to install PIP
PIP Packages
How to download and install a package with PIP
PIP Remove Package
How to remove a package with PIP
Error Handling
How to handle errors in Python
Handle Many Exceptions
How to handle more than one exception
Try Else
How to use the else keyword in a try statement
Try Finally
How to use the finally keyword in a try statement
raise
How to raise an exception in Python",,Python Avanzado
291,Built-in Modules,https://www.w3schools.com/python/python_ref_modules.asp,"Python Python Built-in Modules
This page lists the built-in modules that ship with the Python 3.13 Standard Library.
These modules are available without extra installation (some are platform-dependent).
A
Module
Description
Introduced
abc
Tools for defining Abstract Base Classes (interfaces for Python classes).
2.6
aifc
Read and write AIFF/AIFF-C audio files.
1.5.2
argparse
Parse command line arguments and create user-friendly CLIs.
2.7
array
Efficient arrays of basic numeric types (compact alternative to lists).
1.0
ast
Work with Python code as an Abstract Syntax Tree (analyze or transform code).
2.6
asyncio
Write concurrent code using the async/await syntax (event loop, tasks, IO).
3.4
atexit
Register functions to run automatically when the program exits.
2.0
B
Module
Description
Introduced
base64
Encode and decode data using Base16, Base32, Base64, etc.
2.0
bdb
Debugger framework used by pdb (implements the core debugging logic).
—
binascii
Convert between binary and ASCII (hex, base64 helpers at C speed).
2.0
bisect
Maintain sorted lists; insert and search with binary search.
2.0
builtins
Access Python's built-in objects like len, range, and exceptions.
3.0
bz2
Read and write bzip2-compressed files and streams.
2.3
C
Module
Description
Introduced
calendar
Work with dates as calendars; print text calendars and compute month info.
2.0
cgi
Helpers for Common Gateway Interface (legacy web server scripts).
2.0
cgitb
Pretty tracebacks for CGI scripts (HTML formatted error reports).
—
cmd
Build simple line-oriented command interpreters (REPL-like shells).
2.0
code
Run an interactive interpreter or embed one in your program.
2.0
codecs
Text encodings and decoding/encoding helpers.
2.0
codeop
Compile Python code objects conditionally (used by code editors and shells).
2.0
collections
High-performance container datatypes like deque, Counter, namedtuple.
2.4
colorsys
Convert between color systems: RGB, YIQ, HLS, HSV.
2.0
concurrent
Concurrency framework (futures) for running callables asynchronously.
3.2
configparser
Read and write INI-style configuration files.
3.0
contextlib
Utilities for context managers and the with-statement.
2.5
contextvars
Context-local storage for async code (like thread-local, but for tasks).
3.7
copy
Shallow and deep copy operations for Python objects.
2.0
copyreg
Register custom pickling functions for complex objects.
3.0
csv
Read and write CSV files (comma-separated values) with ease.
2.3
ctypes
Call C libraries and work with C-compatible data types.
2.5
curses
Terminal handling for character-cell UIs (Unix-like systems only).
2.0
D
Module
Description
Introduced
dataclasses
Decorator and helpers for classes that store data (auto-generate init, repr, etc.).
3.7
datetime
Dates, times, time zones, and timedeltas made simple and precise.
2.3
dbm
Family of simple on-disk key/value databases (backed by platform libs).
2.0
decimal
Fixed-point and floating decimal arithmetic for money and exact math.
2.4
difflib
Compare sequences and create human-readable diffs.
2.1
dis
Disassemble Python bytecode for inspection and debugging.
2.0
doctest
Test examples embedded in docstrings (keeps docs and code in sync).
2.1
E
Module
Description
Introduced
email
Parse, build, and send email messages (headers, MIME, attachments).
2.2
encodings
Implementation of text encodings used by Python's codec system.
2.0
ensurepip
Bootstraps pip into a Python installation.
3.4
enum
Define enumerations (named constants) with nice semantics.
3.4
errno
Standard error number constants from the OS.
2.0
F
Module
Description
Introduced
faulthandler
Dump Python tracebacks on a crash or on demand (helps debug hard faults).
3.3
filecmp
Compare files and directories to see what changed.
2.0
fileinput
Loop over lines from stdin or a list of files as a single stream.
2.0
fnmatch
Match filenames using shell-style wildcards.
2.0
fractions
Rational numbers (Fractions) for exact arithmetic.
2.6
ftplib
FTP client library for transferring files.
2.0
functools
Higher-order functions and utilities (lru_cache, partial, wraps, etc.).
2.5
G
Module
Description
Introduced
gc
Control the garbage collector and inspect tracked objects.
2.0
getopt
Parse command-line options (POSIX-style).
1.5.2
getpass
Prompt for a password without echoing it to the console.
2.0
gettext
Internationalization (i18n) support for translating messages.
2.3
glob
Find pathnames matching a pattern like *.py.
2.0
graphlib
Topological sorting utilities for dependency graphs.
3.9
gzip
Read and write gzip-compressed files and streams.
2.0
H
Module
Description
Introduced
hashlib
Secure hashes and message digests (SHA, MD5, BLAKE2, etc.).
2.5
heapq
Heap queue (priority queue) algorithms on plain lists.
2.3
hmac
Keyed-hash message authentication codes (HMAC).
2.2
html
HTML helpers (escape/unescape text).
3.2
http
HTTP modules package (client, server, cookies).
3.0
I
Module
Description
Introduced
idlelib
Support for the IDLE interactive Python environment.
—
imaplib
IMAP4 client library for accessing email servers.
2.0
imghdr
Determine the type of an image file.
2.0
imp
Access the import internals (deprecated; use importlib ).
—
importlib
Programmatic interface to Python's import mechanism.
3.1
inspect
Inspect live objects such as modules, classes, and functions.
—
io
Input/Output streams and buffering (text and binary).
2.6
J
Module
Description
Introduced
json
Encode and decode JSON data (JavaScript Object Notation).
2.6
K
Module
Description
Introduced
keyword
Test for Python keywords; list all keywords.
—
L
Module
Description
Introduced
linecache
Read text lines from files with random access.
2.0
locale
Internationalization (i18n) support for formatting numbers and dates.
2.0
logging
Flexible event logging system with various handlers.
2.3
lzma
Compression using the LZMA algorithm (xz format).
3.3
M
Module
Description
Introduced
mailbox
Work with various mailbox formats (mbox, Maildir, etc.).
2.3
mailcap
Read mailcap files (MIME handlers configuration).
2.0
marshal
Read and write Python values in a binary format (for .pyc internals).
—
math
Fast math functions: trigonometry, logarithms, constants, etc.
—
mimetypes
Guess a file's type based on its filename or URL.
2.0
mmap
Memory-map files for efficient random access.
2.0
modulefinder
Find modules used by a script (dependency scanning).
—
msilib
Create and read Microsoft Installer (.msi) files (Windows only).
—
msvcrt
Access to Microsoft C runtime routines (Windows only).
—
multiprocessing
Run code in parallel using processes (bypass the GIL).
2.6
N
Module
Description
Introduced
netrc
Parse .netrc files for machine login credentials.
2.0
nntplib
Client for NNTP (Usenet) news servers.
2.0
numbers
Abstract base classes for numeric types.
2.6
nis
Interface to Sun's NIS (Yellow Pages) service (Unix platforms).
—
ntpath
Windows path operations (used by os.path on Windows).
2.0
O
Module
Description
Introduced
operator
Functional interface to operators (add, mul, itemgetter, attrgetter).
1.5.2
optparse
Deprecated parser for command line options (use argparse).
2.3
os
Operating system interfaces: files, environment, processes.
—
P
Module
Description
Introduced
pathlib
Object-oriented filesystem paths.
3.4
pdb
Interactive debugger for Python programs.
2.0
pickle
Serialize and deserialize Python objects (not secure against untrusted data).
2.0
pickletools
Tools for analyzing pickled data.
2.3
pipes
Pipe shell commands together (Unix).
2.0
pkgutil
Utilities for packages: walk packages, find loaders, etc.
2.3
platform
Access to underlying platform information.
2.3
plistlib
Read and write Apple .plist files.
2.6
poplib
POP3 email client.
2.0
posix
POSIX APIs (Unix-only, low-level).
2.0
pprint
Pretty-print Python data structures.
2.0
profile
Deterministic profiling of Python programs.
2.0
pstats
Work with profiling results produced by profile/cProfile.
2.0
pty
Pseudo-terminal utilities (Unix).
2.0
pyclbr
Read module to get class browser information without importing it.
2.0
pydoc
Generate and view Python documentation.
2.1
py_compile
Compile Python source files to bytecode.
2.0
Q
Module
Description
Introduced
queue
Thread-safe FIFO/LIFO/priority queues.
2.6
quopri
Encode/decode MIME quoted-printable data.
2.0
R
Module
Description
Introduced
random
Generate pseudo-random numbers for various distributions.
2.0
re
Regular expression operations for pattern matching in strings.
2.0
reprlib
Safe string representations for large or recursive structures.
3.0
resource
Control and query system resource limits (Unix).
2.0
rlcompleter
Tab-completion support for the interactive interpreter.
2.0
runpy
Run modules as scripts (like python -m).
2.5
S
Module
Description
Introduced
sched
Event scheduler for running functions at specific times.
2.0
secrets
Generate cryptographically strong random numbers and tokens.
3.6
select
Low-level I/O multiplexing (select, poll, epoll, kqueue).
2.0
selectors
High-level I/O multiplexing built on select module.
3.4
shelve
Simple persistent storage for Python objects (dict-like API).
2.0
shlex
Parse shell-like syntaxes into tokens.
2.0
shutil
High-level file operations: copy, move, archive, disk usage.
2.0
signal
Set handlers for asynchronous signals.
2.0
site
Site-specific configuration hook that runs at startup.
2.0
smtplib
Send emails using the SMTP protocol.
2.0
socket
Low-level networking interface.
2.0
socketserver
Framework for network servers (TCP/UDP).
3.0
sqlite3
Built-in lightweight SQL database (SQLite).
2.5
ssl
TLS/SSL wrapper for secure network connections.
2.6
stat
Constants and helpers for interpreting os.stat() results.
2.0
statistics
Basic statistics (mean, median, stdev).
3.4
string
Common string constants and helpers.
2.0
stringprep
String preparation for internet protocols (IDNA).
2.3
struct
Convert between Python values and C structs packed as bytes.
2.0
subprocess
Spawn new processes and connect to their input/output/error pipes.
2.4
sunau
Read and write Sun AU audio files.
2.0
symtable
Access the compiler's internal symbol tables.
2.6
sys
Access to interpreter variables and functions.
—
sysconfig
Access Python's configuration information.
3.2
T
Module
Description
Introduced
tabnanny
Detect ambiguous indentation in Python source files.
2.0
tarfile
Read and write tar archives, including gzip/bz2/xz.
2.3
telnetlib
Telnet client implementation.
2.0
tempfile
Create temporary files and directories safely.
2.0
termios
POSIX terminal control (Unix).
2.0
test
Regression tests package for the Python standard library.
2.0
textwrap
Wrap and fill text paragraphs.
2.3
threading
Higher-level threading interface (locks, events, threads).
2.0
time
Time access and conversions.
—
timeit
Measure execution time of small code snippets.
2.3
tkinter
Standard GUI toolkit (Tk interface) package.
3.0
token
Token constants used by the Python tokenizer.
2.0
tokenize
Turn Python source into tokens (lexical scanner).
2.0
tomllib
Read TOML files into Python data structures.
3.11
trace
Trace program execution and produce coverage reports.
2.0
traceback
Print or retrieve stack traces.
2.0
tracemalloc
Track memory allocations to find leaks and hotspots.
3.4
tty
Terminal control functions (Unix).
2.0
turtle
Simple graphics library for teaching and fun.
2.5
types
Names for built-in types and helper factories.
2.0
typing
Type hints and typing helpers for static analysis and tooling.
3.5
U
Module
Description
Introduced
unicodedata
Access the Unicode Character Database (properties, normalization).
2.0
unittest
Unit testing framework (xUnit style) for Python.
2.1
urllib
Package for working with URLs (requests, parsing, robots).
2.0
uuid
Generate universally unique identifiers (UUIDs).
2.5
V
Module
Description
Introduced
venv
Create lightweight isolated Python environments.
3.3
W
Module
Description
Introduced
warnings
Issue and control warning messages.
2.0
wave
Read and write WAV audio files.
2.0
weakref
Weak references to objects (avoid reference cycles).
2.0
webbrowser
Open URLs in a web browser.
2.0
wsgiref
WSGI utilities and simple reference server for web apps.
2.3
X
Module
Description
Introduced
xdrlib
Pack and unpack XDR data (External Data Representation).
2.0
xml
XML processing package.
2.0
xmlrpc
XML-RPC client and server package.
2.2
Z
Module
Description
Introduced
zipapp
Create executable Python zip applications.
3.5
zipfile
Read and write ZIP archives.
2.0
zipimport
Import modules from ZIP archives.
2.3
zlib
Compress and decompress data using zlib.
2.0
zoneinfo
IANA time zone support for datetime.
3.9
Note: This page lists Python 3.13 Standard Library modules. Some modules are platform-specific (Unix/Windows) or optional at build time.",,Python Avanzado
292,Random Module,https://www.w3schools.com/python/module_random.asp,"Python Random Module
Python has a built-in module that you can use to make random numbers.
The random module has a set of methods:
Method
Description
seed()
Initialize the random number generator
getstate()
Returns the current internal state of the random number generator
setstate()
Restores the internal state of the random number generator
getrandbits()
Returns a number representing the random bits
randrange()
Returns a random number between the given range
randint()
Returns a random number between the given range
choice()
Returns a random element from the given sequence
choices()
Returns a list with a random selection from the given sequence
shuffle()
Takes a sequence and returns the sequence in a random order
sample()
Returns a given sample of a sequence
random()
Returns a random float number between 0 and 1
uniform()
Returns a random float number between two given parameters
triangular()
Returns a random float number between two given parameters, you can also set 
a mode parameter to specify the midpoint between the two other parameters
betavariate()
Returns a random float number between 0 and 1 based on the Beta distribution 
(used in statistics)
expovariate()
Returns a random float number based on the Exponential distribution (used in 
statistics)
gammavariate()
Returns a random float number based on the Gamma 
distribution (used in statistics)
gauss()
Returns a random float number based on the Gaussian 
distribution (used in probability theories)
lognormvariate()
Returns a random float number based on a log-normal 
distribution (used in probability theories)
normalvariate()
Returns a random float number based on the normal 
distribution (used in probability theories)
vonmisesvariate()
Returns a random float number based on the von Mises 
distribution (used in directional statistics)
paretovariate()
Returns a random float number based on the Pareto 
distribution (used in probability theories)
weibullvariate()
Returns a random float number based on the Weibull 
distribution (used in statistics)",,Python Avanzado
293,Requests Module,https://www.w3schools.com/python/module_requests.asp,"Python Requests Module
Example
Make a request to a web page, and print the response text:
Definition and Usage
The requests module allows you to send HTTP 
requests using Python.
The HTTP request returns a Response Object with all the response data 
(content, encoding, status, etc).
Download and Install the Requests Module
Navigate your command line to the location of PIP, and type the following:
Syntax
Methods
Method
Description
delete( url , args )
Sends a DELETE request to the specified url
get( url , params, args )
Sends a GET request to the specified url
head( url , args )
Sends a HEAD request to the specified url
patch( url , data, args )
Sends a PATCH request to the specified url
post( url , data, json, args )
Sends a POST request to the specified url
put( url , data, args )
Sends a PUT request to the specified url
request( method , url , args )
Sends a request of the specified method to the specified url","import requests
x = requests.get('https://w3schools.com/python/demopage.htm')
print(x.text)
---
C:\Users\
Your Name
\AppData\Local\Programs\Python\Python36-32\Scripts>pip install requests
---
requests.
methodname(params)",Python Avanzado
294,Statistics Module,https://www.w3schools.com/python/module_statistics.asp,"Python statistics Module
Python statistics Module
Python has a built-in module that you can use to calculate mathematical 
statistics of numeric data.
The statistics module was new in Python 3.4.
Statistics Methods
Method
Description
statistics.harmonic_mean()
Calculates the harmonic mean (central location) of the given data
statistics.mean()
Calculates the mean (average) of the given data
statistics.median()
Calculates the median (middle value) of the given data
statistics.median_grouped()
Calculates the median of grouped continuous  
    data
statistics.median_high()
Calculates the high median of the given data
statistics.median_low()
Calculates the low median of the given data
statistics.mode()
Calculates the mode (central tendency) of the given numeric or nominal data
statistics.pstdev()
Calculates the standard deviation from an entire population
statistics.stdev()
Calculates the standard deviation from a sample of data
statistics.pvariance()
Calculates the variance of an entire population
statistics.variance()
Calculates the variance from a sample of data",,Python Avanzado
295,Math Module,https://www.w3schools.com/python/module_math.asp,"Python math Module
Python math Module
Python has a built-in module that you can use for mathematical tasks.
The math module has a set of methods and constants.
Math Methods
Method
Description
math.acos()
Returns the arc cosine of a number
math.acosh()
Returns the inverse hyperbolic cosine of a number
math.asin()
Returns the arc sine of a number
math.asinh()
Returns the inverse hyperbolic sine of a number
math.atan()
Returns the arc tangent of a number in radians
math.atan2()
Returns the arc tangent of y/x in radians
math.atanh()
Returns the inverse hyperbolic tangent of a number
math.ceil()
Rounds a number up to the nearest integer
math.comb()
Returns the number of ways to choose k items from n items without repetition and order
math.copysign()
Returns a float consisting of the value of the first parameter and the sign of the second parameter
math.cos()
Returns the cosine of a number
math.cosh()
Returns the hyperbolic cosine of a number
math.degrees()
Converts an angle from radians to degrees
math.dist()
Returns the Euclidean distance between two points (p and q), where p and 
    q are the coordinates of that point
math.erf()
Returns the error function of a number
math.erfc()
Returns the complementary error function of a number
math.exp()
Returns E raised to the power of x
math.expm1()
Returns E x - 1
math.fabs()
Returns the absolute value of a number
math.factorial()
Returns the factorial of a number
math.floor()
Rounds a number down to the nearest integer
math.fmod()
Returns the remainder of x/y
math.frexp()
Returns the mantissa and the exponent, of a specified number
math.fsum()
Returns the sum of all items in any iterable (tuples, arrays, lists, etc.)
math.gamma()
Returns the gamma function at x
math.gcd()
Returns the greatest common divisor of two integers
math.hypot()
Returns the Euclidean norm
math.isclose()
Checks whether two values are close to each other, or not
math.isfinite()
Checks whether a number is finite or not
math.isinf()
Checks whether a number is infinite or not
math.isnan()
Checks whether a value is NaN (not a number) or not
math.isqrt()
Rounds a square root number downwards to the nearest integer
math.ldexp()
Returns the inverse of math.frexp() which is x * (2**i) of the given numbers x and i
math.lgamma()
Returns the log gamma value of x
math.log()
Returns the natural logarithm of a number, or the logarithm of number to base
math.log10()
Returns the base-10 logarithm of x
math.log1p()
Returns the natural logarithm of 1+x
math.log2()
Returns the base-2 logarithm of x
math.perm()
Returns the number of ways to choose k items from n items with order and without repetition
math.pow()
Returns the value of x to the power of y
math.prod()
Returns the product of all the elements in an iterable
math.radians()
Converts a degree value into radians
math.remainder()
Returns the closest value that can make numerator completely divisible by the denominator
math.sin()
Returns the sine of a number
math.sinh()
Returns the hyperbolic sine of a number
math.sqrt()
Returns the square root of a number
math.tan()
Returns the tangent of a number
math.tanh()
Returns the hyperbolic tangent of a number
math.trunc()
Returns the truncated integer parts of a number
Math Constants
Constant
Description
math.e
Returns Euler's number (2.7182...)
math.inf
Returns a floating-point positive infinity
math.nan
Returns a floating-point NaN (Not a Number) value
math.pi
Returns PI (3.1415...)
math.tau
Returns tau (6.2831...)",,Python Avanzado
296,cMath Module,https://www.w3schools.com/python/module_cmath.asp,"Python cmath Module
Python cmath Module
Python has a built-in module that you can use for mathematical tasks for 
complex numbers.
The methods in this module accepts int , float ,  and complex numbers. It even accepts Python objects that has a __complex__() or __float__() method.
The methods in this module almost always return a complex number. If the return 
value can be expressed as a real number, the return value has an imaginary part 
of 0.
The cmath module has a set of methods and constants.
cMath Methods
Method
Description
cmath.acos(x)
Returns the arc cosine value of x
cmath.acosh(x)
Returns the hyperbolic arc cosine of x
cmath.asin(x)
Returns the arc sine of x
cmath.asinh(x)
Returns the hyperbolic arc sine of x
cmath.atan(x)
Returns the arc tangent value of x
cmath.atanh(x)
Returns the hyperbolic arctangent value of x
cmath.cos(x)
Returns the cosine of x
cmath.cosh(x)
Returns the hyperbolic cosine of x
cmath.exp(x)
Returns the value of E x , where E is Euler's number (approximately 2.718281...), and x is the number passed to it
cmath.isclose()
Checks whether two values are close, or not
cmath.isfinite(x)
Checks whether x is a finite number
cmath.isinf(x)
Check whether x is a positive or negative infinty
cmath.isnan(x)
Checks whether x is NaN (not a number)
cmath.log(x[, base])
Returns the logarithm of x to the base
cmath.log10(x)
Returns the base-10 logarithm of x
cmath.phase()
Return the phase of a complex number
cmath.polar()
Convert a complex number to polar coordinates
cmath.rect()
Convert polar coordinates to rectangular form
cmath.sin(x)
Returns the sine of x
cmath.sinh(x)
Returns the hyperbolic sine of x
cmath.sqrt(x)
Returns the square root of x
cmath.tan(x)
Returns the tangent of x
cmath.tanh(x)
Returns the hyperbolic tangent of x
cMath Constants
Constant
Description
cmath.e
Returns Euler's number (2.7182...)
cmath.inf
Returns a floating-point positive infinity value
cmath.infj
Returns a complex infinity value
cmath.nan
Returns floating-point NaN (Not a Number) value
cmath.nanj
Returns coplext NaN (Not a Number) value
cmath.pi
Returns PI (3.1415...)
cmath.tau
Returns tau (6.2831...)",,Python Avanzado
297,Remove List Duplicates,https://www.w3schools.com/python/python_howto_remove_duplicates.asp,"How to Remove Duplicates From a Python List
Learn how to remove duplicates from a List in Python.
Example
Remove any duplicates from a List:
Example Explained
First we have a List that contains duplicates:
A List with Duplicates
Create a dictionary, 
using the List items as keys. This will automatically remove any duplicates 
because dictionaries cannot have duplicate keys.
Create a Dictionary
Then, convert the dictionary back into a list:
Convert Into a List
Now we have a List without any duplicates, and it has the same order as the 
original List.
Print the List to demonstrate the result
Print the List
Create a Function
If you like to have a function where you can send your lists, and get them 
back without duplicates, you can create a function and insert the code from the 
example above.
Example
Example Explained
Create a function that takes a List as an argument.
Create a Function
Create a dictionary, using this List items as keys.
Create a Dictionary
Convert the dictionary into a list.
Convert Into a List
Return the list
Return List
Call the function, with a list as a parameter:
Call the Function
Print the result:
Print the Result","mylist = [""a"", ""b"", ""a"", ""c"", ""c""]
mylist = list(dict.fromkeys(mylist))

  print(mylist)
---
mylist = [""a"", ""b"", ""a"", ""c"", ""c""]





mylist = list(dict.fromkeys(mylist))

print(mylist)
---
mylist = [""a"", ""b"", ""a"", ""c"", ""c""]




mylist = list(
dict.fromkeys(mylist)
)

    print(mylist)
---
mylist = [""a"", ""b"", ""a"", ""c"", ""c""]




mylist = list(
dict.fromkeys(mylist)
)


print(mylist)
---
mylist = [""a"", ""b"", ""a"", ""c"", ""c""]

    mylist = list(dict.fromkeys(mylist))


print(mylist)
---
def my_function(x):
  return list(dict.fromkeys(x))
mylist =
  my_function([""a"", ""b"", ""a"", ""c"", ""c""])


print(mylist)
---
def my_function(x):


return list(dict.fromkeys(x))
mylist =
  my_function([""a"", ""b"", ""a"", ""c"", ""c""])


print(mylist)
---
def my_function(x):

    return list(
dict.fromkeys(x)
)
mylist =
  my_function([""a"", ""b"", ""a"", ""c"", ""c""])


print(mylist)
---
def my_function(x):

    return
list(
dict.fromkeys(x)
)
mylist =
  my_function([""a"", ""b"", ""a"", ""c"", ""c""])


print(mylist)
---
def my_function(x):


return
 list(dict.fromkeys(x))
mylist =
  my_function([""a"", ""b"", ""a"", ""c"", ""c""])


print(mylist)
---
def my_function(x):

    return list(dict.fromkeys(x))


mylist = my_function([""a"", ""b"", ""a"", ""c"", ""c""])


print(mylist)
---
def my_function(x):

    return list(dict.fromkeys(x))

  mylist = my_function([""a"", ""b"", ""a"", ""c"", ""c""])


print(mylist)",Python Avanzado
298,Reverse a String,https://www.w3schools.com/python/python_howto_reverse_string.asp,"How to Reverse a String in Python
Learn how to reverse a String in Python.
There is no built-in function to reverse a String in Python.
The fastest (and easiest?) way is to use a slice that steps backwards, -1 .
Example
Reverse the string ""Hello World"":
Example Explained
We have a string, ""Hello World"", which we want to reverse:
The String to Reverse
Create a slice that starts at the end of the string, and moves backwards.
In this particular example, the slice statement [::-1] means start at 
the end of the string and end at position 0, move with the 
step -1 , negative one, which means one step backwards.
Slice the String
Now we have a string txt that reads ""Hello 
World"" backwards.
Print the String to demonstrate the result
Print the List
Create a Function
If you like to have a function where you can send your strings, and return 
them 
backwards, you can create a function and insert the code from the 
example above.
Example
Example Explained
Create a function that takes a String as an argument.
Create a Function
Slice the string starting at the end of the string and move backwards.
Slice the String
Return the backward String
Return the String
Call the function, with a string as a parameter:
Call the Function
Print the result:
Print the Result","txt = ""Hello World""[::-1]
print(txt)
---
txt =
""Hello World""
[::-1]

  print(txt)
---
txt = ""Hello World""
[::-1]

  print(txt)
---
txt = ""Hello World""[::-1]


print(txt)
---
def my_function(x):
  return x[::-1]
mytxt =
  my_function(""I wonder how this text looks like backwards"")


print(mytxt)
---
def my_function(x):


return x[::-1]
mytxt =
  my_function(""I wonder how this text looks like backwards"")


print(mytxt)
---
def my_function(x):

    return x
[::-1]
mytxt =
  my_function(""I wonder how this text looks like backwards"")


print(mytxt)
---
def my_function(x):


return

  x[::-1]
mytxt =
  my_function(""I wonder how this text looks like backwards"")


print(mytxt )
---
def my_function(x):

    return
  x[::-1]


mytxt = my_function(""I
  wonder how this text looks like backwards"")


print(mytxt)
---
def my_function(x):

    return
  x[::-1]

  mytxt = my_function(""I wonder how this text looks like backwards"")


print(mytxt)",Python Avanzado
299,Add Two Numbers,https://www.w3schools.com/python/python_howto_add_two_numbers.asp,"How to Add Two Numbers in Python
Learn how to add two numbers in Python.
Use the + operator to add two numbers:
Example
Add Two Numbers with User Input
In this example, the user must input two numbers. Then we print the sum by calculating (adding) the two numbers:
Example","x = 5
y = 10
print(x + y)
---
x = input(""Type a number: "")
y = input(""Type another number: "")
sum
  = int(x) + int(y)
print(""The sum is: "", sum)",Python Avanzado
300,Python Examples,https://www.w3schools.com/python/python_examples.asp,"Python Examples
Python Syntax
Syntax Explained
Python Variables
Variables Explained
Python Numbers
Numbers Explained
Python Casting
Casting Explained
Python Strings
Strings Explained
Python Operators
Operators Explained
Python Lists
Lists Explained
Python Tuples
Tuples Explained
Python Sets
Sets Explained
Python Dictionaries
Dictionaries Explained
Python If ... Else
If ... Else Explained
Python While Loop
While Loop Explained
Python For Loop
For Loop Explained
Python Functions
Functions Explained
Python Lambda
Lambda Explained
Python Arrays
Arrays Explained
Python Classes and Objects
Classes/Objects Explained
Python Iterators
Iterators Explained
Python Modules
Modules Explained
Python Dates
Dates Explained
Python Math
Math Explained
Python JSON
JSON Explained
Python RegEx
RegEx Explained
Python PIP
PIP Explained
Python Try Except
Try Except Explained
Python File Handling
File Handling Explained
Python MySQL
MySQL Explained
Python MongoDB
MongoDB Explained",,Python Avanzado
301,Python Compiler,https://www.w3schools.com/python/python_compiler.asp,"Python Online Compiler
Python Compiler (Editor)
With our online Python compiler, you can edit Python code, and view the result in your browser.
Example
Click on the ""Try it Yourself"" button to see how it works.
Publish Your Code
If you want to create your own website or build Python applications, check out W3Schools Spaces .
W3Schools Spaces is a website-building tool that enables you to create and share your own website. 
You can also get a Python server, allowing you to develop and host your Python applications with ease.
Note: This includes Python libraries such as: Django, Pandas, NumPy, SciPy and more.
You can change the website's look and how it works by editing the code right in your web browser.
It's easy to use and doesn't require any setup:
The code editor is packed with features to help you achieve more:
Templates: Start from scratch or use a template
Cloud-based: no installations required. You only need your browser
Terminal & Log: debug and troubleshoot your code easily
File Navigator: switch between files inside the code editor
And much more!
Learn Faster
Practice is key to mastering coding, and the best way to put your Python knowledge into practice is by getting practical with code.
Use W3Schools Spaces to build, test and deploy code.
The code editor lets you write and practice different types of computer languages. It includes 
Python, but you can use it for other languages too.
New languages are added all the time:
If you don't know Python, we suggest that you read our Python Tutorial from scratch.
Easy Package Management
Get an overview of your packages and easily add or delete frameworks and libraries. Then, with just one click, you can make changes to your packages without manual installation.
Build Powerful Websites
You can also use the code editor in W3School Spaces to build frontend or full-stack websites from scratch.
Or you can use the 60+ templates available and save time:
Create your Spaces account today and explore them all!
Share Your Website With The World
Host and publish your websites in no time with W3School Spaces .
W3Schools subdomain and SSL certificate are included for free with W3School Spaces . An SSL certificate makes your website safe and secure. It also helps people trust your website and makes it easier to find it online.
Want a custom domain for your website?
You can buy a domain or transfer an existing one and connect it to your space.
How Does It Work?
Get started in a few clicks with W3School Spaces .","print
(
""Hello, World!""
)

x
=

""Python""

y
=

""is""

z
=

""awesome""


print
(
x, y, z
)",Python Avanzado
302,Python Exercises,https://www.w3schools.com/python/python_exercises.asp,"Python Exercises
Test your Python skills with exercises from all categories:
Exercises
Tip: Sign in to track your progress.
Get Started 3 exercises
Syntax 3 exercises
Comments 3 exercises
Variables 4 exercises
Variable Names 3 exercises
Multiple Variable Values 3 exercises
Output Variable 3 exercises
Global Variable 3 exercises
Data Types 8 exercises
Numbers 4 exercises
Casting 3 exercises
Strings 4 exercises
Slicing Strings 3 exercises
Modify Strings 5 exercises
Concatenate Strings 3 exercises
Format Strings 3 exercises
Booleans 6 exercises
Arithmetic Operators 5 exercises
Assignment Operators 4 exercises
Comparison Operators 4 exercises
Logical Operators 4 exercises
Identity Operators 3 exercises
Membership Operators 4 exercises
Bitwise Operators 3 exercises
Operator Precedence 3 exercises
Lists 4 exercises
Access Lists 4 exercises
Change Lists 3 exercises
Add List Items 4 exercises
Remove List Items 4 exercises
Loop Lists 3 exercises
List Comprehension 3 exercises
Sort Lists 3 exercises
Copy Lists 3 exercises
Join Lists 3 exercises
Tuples 3 exercises
Access Tuples 4 exercises
Update Tuples 3 exercises
Unpack Tuples 3 exercises
Loop Tuples 3 exercises
Join Tuples 3 exercises
Sets 4 exercises
Access Sets 3 exercises
Add Set Items 3 exercises
Remove Set Items 4 exercises
Loop Sets 3 exercises
Join Sets 3 exercises
Frozenset 3 exercises
Dictionaries 4 exercises
Access Dictionaries 3 exercises
Change Dictionaries 3 exercises
Add Dictionary Items 3 exercises
Remove Dictionary Items 4 exercises
Loop Dictionaries 4 exercises
Copy Dictionaries 3 exercises
Nested Dictionaries 3 exercises
If 6 exercises
Elif 4 exercises
Else 5 exercises
Shorthand If 3 exercises
Logical 6 exercises
Nested If 3 exercises
Pass 3 exercises
Match 3 exercises
While Loops 5 exercises
For Loops 5 exercises
Functions 3 exercises
Args / Kwargs 3 exercises
Args / Kwargs 3 exercises
Decorators 3 exercises
Scope 3 exercises
Lambda 4 exercises
Range 3 exercises
Arrays 3 exercises
Iterators 3 exercises
Modules 5 exercises
Dates 4 exercises
Math 4 exercises
JSON 3 exercises
RegEx 4 exercises
PIP 3 exercises
Try Except 3 exercises
None 3 exercises
User Input 3 exercises
String Formatting 4 exercises
Virtual Environment 3 exercises
Classes 4 exercises
__init__ Method 4 exercises
Self Parameter 3 exercises
Class Properties 3 exercises
Class Methods 5 exercises
Inheritance 5 exercises
Polymorphism 3 exercises
Encapsulation 3 exercises
Inner Class 3 exercises
File Handling 3 exercises
Open File 3 exercises
Write to File 3 exercises
Remove File 3 exercises
Log in to track your progress
If you haven't already, sign up to become a W3Schooler, and get points for every exercise you complete.
As a logged-in W3Schools user you will have access to many features like having your own web page , track your learning progress , receive personal guided paths , and more .
The Exercise
The exercises are a mix of ""multiple choice"" and ""fill in the blanks"" questions.
There are between 3 and 9 questions in each category.
The answer can be found in the corresponding tutorial chapter.
If you're stuck, or answer wrong, you can try again or hit the ""Show Answer"" button to see the correct answer.
Kickstart your career",,Python Avanzado
303,Python Quiz,https://www.w3schools.com/python/python_quiz.asp,"Python Quiz
You can test your Python skills with W3Schools' Quiz.
The Test
The test contains 25 questions and there is no time limit.
The test is not official, it's just a nice way to see how much you know, or don't know, about 
Python.
Count Your Score
You will get 1 point for each correct answer. At the end of the Quiz,
your total score will be displayed. Maximum score is 25 points.
Start the Quiz
Good luck!
If you don't know Python, we suggest that you read our Python Tutorial from scratch.
Kickstart your career",,Python Avanzado
304,Python Challenges,https://www.w3schools.com/python/python_challenges.asp,"Python Code Challenges
Test your Python skills with code challenges from all categories:
Code Challenges
Code challenges are interactive coding exercises where you write Python code to achieve a specific result.
Each challenge presents you with a goal and lets you practice writing real Python code.
Kickstart your career",,Python Avanzado
305,Python Server,https://www.w3schools.com/python/python_server.asp,"Python Server
Create a Python Server
Host Python code with W3Schools Spaces
Practice
Coding Skills
kAI
AI Tutor
Build
Projects
Host
Securely
Choose your Plan
By subscribing to a plan you support the W3Schools mission to make learning available to everyone - no matter their background.
NEW SUBSCRIBER DEAL
25% OFF
FOR A YEAR
USE PROMO CODE:
Want custom domains?
You can also buy a domain or connect an existing one.
Looking to add multiple users?
Powerful Code Editor
Front-end, Back-end or Full-stack - the choice is yours
Practice Makes Perfect
Sharpen and Master your development skills with these technologies using Spaces .
Save Time with Templates
Build powerful websites in just a few clicks
k AI
Just landed in Spaces
Learn to code more effectively and intelligently with kAI - AI tutor
Hi! I'm kAI, W3Schools AI Tutor...
Feel free to ask me any coding-related questions, and I'll do my best to assist you.
I can help you checking your code for errors, improving your code's structure, explaining coding concepts in a clear and understandable way, and more...
I can even create complete websites for you based on your input, so what are you waiting for?
Super Simple to Share
Host and Publish Websites in no time
Included in all plans
Want custom domains?
How it works
Coding Made Easy
Cloud-based
Terminal & Log
How To Libraries
Database
File Navigator
Package Manager
Analytics
Environment Manager
Save Time & Money.
All Your Files in One Place.
Fix Your Code Faster.
Get Full Data Visibility.
Increased Control and Security.
Find What You Need Quicker.
Get Traffic Insights.
Get Inspired
Connect and share your website with the community to get instant feedback
Frequently Asked Questions
With Basic Spaces, you can build frontend websites. Whereas with Fullstack Spaces, you can build frontend and backend websites.
Basic Spaces include HTML, CSS, and Javascript. Full Stack Spaces include everything in Basic Spaces plus PHP, Python, React.js, Vue.js, Node.js, Handlebars, and Django.
Your subscription will be automatically renewed every month.
Your access to all the benefits for the paid period of time will continue. However, the subscription will not be renewed automatically.
To subscribe W3Schools accounts for multiple users, you can contact sales@w3schools.com
Have some other questions? Visit our support page",,Python Avanzado
306,Python Syllabus,https://www.w3schools.com/python/python_syllabus.asp,"Python Syllabus
Introduction
The W3Schools Python Tutorial is comprehensive and beginner-friendly.
It will give you a fundamental knowledge of Python.
It is designed for beginners and requires no prior experience with programming.
The content has been carefully made to be bite-sized, simple, and easy to understand.
The content has been proven by millions of users over the years. It is updated and improved frequently.
The syllabus outline and its sequence are structured so you can learn Python step by step, from the introduction, to creating your first application with Python.
Get Started With Python »
Learning Outcomes
Understand Python basics, such as syntax, variables, and data types.
Write Python code using loops, conditionals, and functions.
Handle files (open, read, write) using Python.
Use Python libraries and modules for specific tasks.
Work with data structures like lists, tuples, sets, and dictionaries.
Develop programs that use object-oriented concepts such as classes and inheritance.
Develop a problem-solving mindset.
Note: Are you a teacher teaching Python programming? W3Schools Academy is a toolbox of features that can help you teach. It offers classroom features such as pre-built study plans, classroom administration and much more. Read more about Academy here .
Which Subjects Are Python Relevant For?
Computer Science Python can be used to learn programming
Mathematics Python can help solve math problems and do calculations
Science (Physics, Chemistry, Biology) Python can be used to make scientific models and undertake experiments
Economics and Finance Python can be used to analyze data, understand trends, and do financial calculations
Data Science and Analytics Python and its libraries can be used for big data and to find patterns
Robotics and Engineering Python can be used to make programs to control robots or test engineering projects
Art and Design Python can be used to create digital art, interactive projects, and automate tasks
And more Python can be useful for many other subjects
Get Started
Activities
In this tutorial we offer different activities for you to learn Python for free:
Lessons
Exercises
Quizzes
Sign in to Track Progress
You can also create an account to track your progress.
As a signed-in user, you get access to features such as:
Learning paths
Sandbox and lab environments
Achievements
And much more!
Sign Up
Overview of the Modules
Python HOME
Python Intro
Python Get Started
Python Syntax
Python Comments
Python Variables
Python Data Types
Python Numbers
Python Casting
Python Strings
Python Booleans
Python Operators
Python Lists
Python Tuples
Python Sets
Python Dictionaries
Python If...Else
Python While Loops
Python For Loops
Python Functions
Python Lambda
Python Arrays
Python Classes/Objects
Python Inheritance
Python Iterators
Python Polymorphism
Python Scope
Python Modules
Python Dates
Python Math
Python JSON
Python RegEx
Python PIP
Python Try...Except
Python User Input
Python String Formatting
Python File Handling
Python NumPy
Python Pandas
Python SciPy
Python Django
Python Matplotlib
Python Machine Learning
Python MySQL
Python MongoDB
Get Started
Sandbox and Lab Environment
Python, like any other programming language, is best learned by working hands-on with code.
Easily try code with our ""Try it Yourself"" editor.
Here, you can edit Python code and view the result:
Example
If you want to explore more and host your project, we have a feature called that allows you to build, test and deploy Python code and other backend languages.
Here you get a secure sandbox environment called Spaces, where you can practice coding and test projects in real-time.
Features include:
Collaboration
File navigator
Terminal & log
Package manager
Database
Environment manager
Analytics
Create a Spaces Account
Python Certification
W3Schools offers an end-of-pathway certification program.
Here you can take exams to get certified.
The Python exam is a test that summarizes the W3Schools Python syllabus.
After passing the exam you get the ""Certified Python Developer"" Certification.
There are two different types of certifications:
Non-adaptive
Adaptive
The non-adaptive is pass or no pass.
The adaptive certification is adaptive and graded; students will get a grade from intermediate, advanced to professional.
Buy Certificate »
Are You a Teacher?
Are you interested in learning how you can use W3Schools Academy to Teach Python programming?
Watch a demo of W3Schools Academy . You'll see how it works, and discover how it can make teaching programming easier and more engaging.
Watch Demo »","print(""Hello, World!"")",Python Avanzado
307,Python Study Plan,https://www.w3schools.com/python/python_study_plan.asp,"Python Study Plan
Introduction
The Python study plan helps you teach your students Python step-by-step.
Creating a study plan for Python is easy.
You can use a pre-built study plan or customize it.
Students have different skill levels. The study plans can be customized to ensure that everyone is challenged.
Save time with pre-built teacher materials and study plans. Easily organize your class with a timeline from the introduction of Python to the final exam.
W3Schools Academy
The study plan is a feature of W3Schools Academy.
W3Schools Academy is a platform that has everything you need to teach coding, all in one place.
It offers you as a teacher a toolbox of features that helps you succeed with teaching in your classroom.
You need to have an active subscription to access the study plan feature. There are two different subscription tiers:
Essentials ($1.99 / month per student)
Full Access ($5.99 / month per student)
Calculate your price and order here .
Learn More »
Academy also offer other features such as:
Managing your classroom
Tracking of student progress and reports
Labs, assignments, and code challenges (prebuilt challenges or create your own ones)
Auto-grading
Teaching materials
Certification exams
Get a free demo »
Teacher Materials
W3Schools has everything you need to teach Python.
The Python training materials is available for you to include and use in your study plan:
W3Schools Python Tutorial
Python Exercises
Python Quiz
Python Challenges (Coding challenges)
Python Certification Exam (End of Pathway Exam)
Python Syllabus
With the Python Syllabus, your students will start with the basics, like understanding variables and data types, and move to more advanced topics, like working with loops, functions, and file handling. Each chapter has examples, try-it-yourself sections, exercises, and quizzes to make learning easy, interactive, and fun.
Read more about Python Syllabus .
Study Plan Overview
The study plan features are made to help teachers and students. They make learning easy, flexible, and fun. These features work for different types of classes, learning styles and student level.
Learning Paths You can add ready-made learning paths. The learning paths are by default ordered by our recommended order. You can change the order. You can add custom activities with text, links, or multi-media files. Drag and drop or click to make changes to the path.
You can add ready-made learning paths.
The learning paths are by default ordered by our recommended order.
You can change the order.
You can add custom activities with text, links, or multi-media files.
Drag and drop or click to make changes to the path.
Interactive Content Tutorials Try-its (test code snippets) Exercises Quiz Challenges Labs
Tutorials
Try-its (test code snippets)
Exercises
Quiz
Challenges
Labs
Timeline and Pace You can set a timeline of your study plan (e.g., 4-week, 8-week, 12-week, 24-week plans). You can decide the learning pace for your class. Different study plans can be assigned to different students in the same class. The flexibility can help to make sure that everyone is challenged.
You can set a timeline of your study plan (e.g., 4-week, 8-week, 12-week, 24-week plans).
You can decide the learning pace for your class.
Different study plans can be assigned to different students in the same class.
The flexibility can help to make sure that everyone is challenged.
Track Student Progress There are tools to track student progress. The analytic tools include: chapter progress, exercises results, quiz results, exam results, and much more. The challenges can be auto-graded or manually graded. The results are available to you as a teacher.
There are tools to track student progress.
The analytic tools include: chapter progress, exercises results, quiz results, exam results, and much more.
The challenges can be auto-graded or manually graded. The results are available to you as a teacher.
End of Pathway Exam The Python study plan aligns with the Python Certification Exam. The exam can be taken at the end of the study plan, at your selected date. The exam summarizes the Python Tutorial. You get reports of the students' results.
The Python study plan aligns with the Python Certification Exam.
The exam can be taken at the end of the study plan, at your selected date.
The exam summarizes the Python Tutorial.
You get reports of the students' results.
Accessibility Study plans and learning materials are accessible on desktops, tablets, and smartphones. This ensures students can learn anytime, anywhere.
Study plans and learning materials are accessible on desktops, tablets, and smartphones.
This ensures students can learn anytime, anywhere.
Learn More »
Sample Study Plan
You choose the timeline and pace of your study plans.
Schools have different preferences.
Some would like more intensive pace, e.g. 5 weeks, others 12 or more weeks.
It is completely up to you.
For example, this is how a 5-week Python study plan could look like:
Week 1: Introduction, variables, Data Types, Numbers & Casting
Week 2: Strings, Booleans & Operators, Lists, Tuples
Week 3: Sets, Dictionaries
Week 4: Conditionals, Loops & Iterators, Polymorphism, Arrays, Objects, Inheritance & Scope, Functions & Lambdas
Week 5: Miscellaneous, File Handling, MySQL, MongoDB, Matplotlib, Machine Learning, Python Certification Exam
Image of Sample Python study plan:
Ready to get started?
Start with Python Study Plans today.
Get Started »
Are You a Teacher?
Are you interested in learning how you can use W3Schools Academy to Teach Python programming?
Watch a demo of W3Schools Academy . You'll see how it works, and discover how it can make teaching programming easier and more engaging.
Watch Demo »",,Python Avanzado
308,Python Interview Q&A,https://www.w3schools.com/python/python_interview_questions.asp,"Python Interview Questions
This page contains a list of typical Python Interview Questions and Answers.
Python Interview Questions
These questions and answers cover some fundamental Python concepts that are often discussed in interviews.
1) What is the difference between global and local scope?
A variable created inside a function belongs to the local scope of that function, and can only be used inside that function.
A variable created in the main body of the Python code is a global variable and belongs to the global scope. Global variables are available from within any scope, global and local.
2) What is an iterator in Python?
An iterator is an object that contains a countable number of values.
An iterator is an object that can be iterated upon, meaning that you can traverse through all the values.
Technically, in Python, an iterator is an object which implements the iterator protocol, which consist of the methods __iter__() and __next__().
3) What is the __init__() function in Python?
All classes in Python have a function called __init__(), which is always executed when the class is being initiated.
We can use the __init__() function to assign values to object properties, or other operations that are necessary to do when the object is being created.
4) When should you use lambda functions in Python?
Use lambda functions when an anonymous function is required for a short period of time.
5) What is the difference between lists, tuples and sets?
Lists, tuples, and sets are all used to store multiple items in a single variable, but they have different properties:
A list is ordered and changeable. It allows duplicate values.
A tuple is ordered but unchangeable (immutable). It also allows duplicates.
A set is unordered, unindexed, and contains only unique items. It is changeable, but you cannot modify individual elements by index.
6) How can you check if all the characters in a string are alphanumeric?
You can use the isalnum() method, which returns True if all the characters are alphanumeric, meaning alphabet letter (a-z) and numbers (0-9).
7) How can you convert a string to an integer?
You can use the int() function, like this:
8) What is indentation in Python, and why is it important?
Indentation refers to the spaces at the beginning of a code line. Where in other programming languages the indentation in code is for readability only, the indentation in Python is very important.
Python uses indentation to indicate a block of code.
Python will give you an error if you skip the indentation.
9) What is the correct syntax to output the type of a variable or object in Python?
10) Which collection does not allow duplicate members?
SET
11) What is Inheritance in Python?
Inheritance allows us to define a class that inherits all the methods and properties from another class.
Parent class is the class being inherited from, also called base class.
Child class is the class that inherits from another class, also called derived class.
12) What is the output of the following code?
Above ten, and also above 20!
13) Can you list Python's primary built-in data types, in categories?
Text Type: str
Numeric Types: int , float , complex
Sequence Types: list , tuple , range
Mapping Type: dict
Set Types: set , frozenset
Boolean Type: bool
Binary Types: bytes , bytearray , memoryview
14) What are Membership Operators?
Membership operators are used to test if a sequence is present in an object. The in and not in operators are examples of these:
Membership operators are used to test if a sequence is present in an object. The in and not in operators are examples of these:
15) Which statement can be used to avoid errors if an if statement has no content?
The pass statement
16) What are Arbitrary Arguments?
Arbitrary Arguments are often shortened to *args in Python documentations.
If you do not know how many arguments that will be passed into your function, add a * before the parameter name in the function definition. This way the function will receive a tuple of arguments, and can access the items accordingly.
17) How can you create and use a Module in Python??
To create a module just save the code you want in a file with the file extension .py : def greeting(name): print(""Hello, "" + name)
To create a module just save the code you want in a file with the file extension .py :
Now we can use the module we just created, by using the import statement: import mymodule mymodule.greeting(""Jonathan"")
Now we can use the module we just created, by using the import statement:
18) Can you copy a List in Python by simply writing: list2 = 
list1 ?
No, because: list2 will only be a reference to list1 , and changes made in list1 will automatically also be made in list2 .
To make a copy of a list, you can use copy() or the list() method.
19) How can you return a range of characters of a string?
You can return a range of characters by using the ""slice syntax"".
Specify the start index and the end index, separated by a colon, to return a part of the string, for example:
Get the characters from position 2 to position 5 (not included):
20) What is a class in Python, and how do you use it?
A Class is like an object constructor, or a ""blueprint"" for creating objects.
You can create a class with the class keyword: class MyClass: x = 5 Now we can use the class named MyClass to create objects: Create an object named p1, and print the value of x: p1 = MyClass() print(p1.x)
Now we can use the class named MyClass to create objects:
Create an object named p1, and print the value of x:
Kickstart your career","num = ""5""

convert = int(num)
---
print(type(x))
---
x = 41

if x > 10:
  print(""Above ten,"")
  if x > 20:
    print(""and also above 20!"")
  else:
    print(""but not above 20."")
---
x = [""apple"", ""banana""]

print(""banana"" in x) # returns True

x = [""apple"", ""banana""]

print(""pineapple"" not in x) # returns True
---
def greeting(name):
  print(""Hello, "" + name)
---
import mymodule
mymodule.greeting(""Jonathan"")
---
b = ""Hello, World!""

print(b[2:5])
---
class MyClass:

  x = 5
---
p1 = MyClass()

print(p1.x)",Python Avanzado
309,Python Bootcamp,https://www.w3schools.com/python/python_bootcamp.asp,"W3Schools Python Bootcamp
Python Bootcamp
Learn with W3Schools.
Live online learning sessions.
Duration : 4 Weeks.
Learn More
Live Online Bootcamp
In this bootcamp, you will learn the fundamentals of Python. This powerful programming language is widely used in web development, data science and artificial intelligence, and many other fields.
You will learn the fundamentals of Python over a 4 weeks period together with a live instructor and an interactive cohort of engaged learners!
You Will Learn
The fundamentals of the Python language & syntax. Fundamentals including variables and datatypes, through to control structures, arrays, functions, objects, and more.
To write scripts for automating tasks using Python.
To create and serve web applications.
To write programs for mathematical and scientific computing using Python and relevant libraries.
Use object-oriented programming and third-party libraries.
To build secure and reliable applications.
3 Reasons to Join the Bootcamp
1. Live Online Instruction
2. Live Sessions
3. Affordable & Flexible
Learn More
How it Works
1. Application and Enrollment : Reserve your seat and enroll in the bootcamp by paying the bootcamp fee of only $395. The price includes the exam fee and 18 hours with live instructor.
2. Complete the Bootcamp : After enrollment, you will be placed in a learning cohort with other students. You will go through the course material together and complete assignments and projects with the help of an experienced instructor. The bootcamp covers the fundamentals of Python. The curriculum used is the W3Schools Python Tutorial . The bootcamp will help you prepare for the W3Schools Python exam so that you can document and validate your competence. Throughout the bootcamp, you will receive support from your cohort and the W3Schools team to help you grow your skill set.
3. Certification and Job Application : Upon completing the bootcamp, you will have passed the W3Schools Python exam and obtained the Certified Python Developer Title and an extra acknowledgement that you were a part of the bootcamp on the certification. This certification demonstrates that you know the fundamentals of Python.
Learn More",,Python Avanzado
310,Python Certificate,https://www.w3schools.com/python/python_exam.asp,"W3Schools Python Certificate
w 3 s c h o o l s C E R T I F I E D . 2 0 2 5
W3Schools offers an Online Certification Program. The perfect solution for busy professionals who need to balance work, family, and career building. More than 50 000 certificates already issued! Get Your Certificate »
W3Schools offers an Online Certification Program.
The perfect solution for busy professionals who need to balance work, family, and career building.
More than 50 000 certificates already issued!
Get Your Certificate »
W3Schools offers an Online Certification Program.
The perfect solution for busy professionals who need to balance work, family, and career building.
More than 50 000 certificates already issued!
Get Your Certificate »
Who Should Consider Getting Certified?
Any student or professional within the digital industry.
Certifications are valuable assets to gain trust and demonstrate knowledge to your clients, current or future employers on a ever increasing competitive market.
W3Schools is Trusted by Top Companies
W3Schools has over two decades of experience with teaching coding online.
Our certificates are recognized and valued by companies looking to employ skilled developers.
Save Time and Money
Show the world your coding skills by getting a certification.
The prices is a small fraction compared to the price of traditional education.
Document and validate your competence by getting certified!
Exam overview
Fee: 95 USD
Achievable certification levels: Intermediate (40%) Advanced (75%) Professional (90%)
Number of questions: Adaptive, 60 on average
Requirement to pass: Minimum 40% - Intermediate level
Time limit: 60 minutes
Number of attempts to pass: 3
Exam deadline: None
Certification Expiration: None
Format: Online, multiple choice
Register now »
Advance Faster in Your Career
Getting a certificate proves your commitment to upgrading your skills.
The certificate can be added as credentials to your CV, Resume, LinkedIn profile, and so on.
It gives you the credibility needed for more responsibilities, larger projects, and a higher salary.
Knowledge is power, especially in the current job market.
Documentation of your skills enables you to advance your career or helps you to start a new one.
How Does It Work?
Study for free at W3Schools.com
Study at your own speed
Test your skills with W3Schools online quizzes
Apply for your certificate by paying an exam fee
Take your exam online, at any time, and from any location
Get Your Certificate and Share It With The World
Example certificate:
Each certificate gets a unique link that can be shared with others.
Validate your certification with the link or QR code.
Check how it looks like in this Example .
Share your certificate on Linked in the Certifications section in just one click!
Document Your Skills
Getting a certificate proves your commitment to upgrade your skills,
gives you the credibility needed for more responsibilities, larger projects, and a higher salary.
Get Your Certificate »
Looking to add multiple users?
Are you an educator, manager or business owner looking for courses or certifications?
We are working with schools, companies and organizations from all over the world.
Get courses and/or certifications for your team here.",,Python Avanzado
311,Python Training,https://www.w3schools.com/python/python_training.asp,"Python Training
Introduction: Python is a popular programming language that can be used for a wide range of applications.
W3Schools offers an Python training course that covers Python foundations and more.
The course includes the W3Schools Certified Python Developer certification.
The Python training is relevant for companies and schools that want to certify their employees or students.
Organizations can track learner progress, get insights and manage everything from licenses to certificates with W3Schools Academy .
Remember that you can always learn for free on W3Schools with the Python Tutorial .
*Academy is available for companies and schools only.
Track progress
Get analytics to track learner progress and results.
Self-paced
Flexible timelines and pacing to match busy schedules.
Globally Recognized
Certifications that are trusted by leading organizations worldwide
Python Training with W3Schools
W3Schools has been training millions of learners since 1998.
Governments, schools, and organizations worldwide trust W3Schools to train employees and students.
W3Schools training materials and content have been well-proven over the years and are updated regularly.
With the W3Schools Academy pricing model, it is now one of the worlds most affordable quality Python training options there is.
Learning Outcomes
The Certificate Course includes all the training materials to pass the Certified Python Developer certification exam.
No prerequisites are required to take the course.
The learners will be able to:
Understand Python basics, such as syntax, variables, and data types.
Write Python code using loops, conditionals, and functions.
Handle files (open, read, write) using Python.
Use Python libraries and modules for specific tasks.
Work with data structures like lists, tuples, sets, and dictionaries.
Develop programs that use object-oriented concepts such as classes and inheritance.
Develop a problem-solving mindset.
If you are not a company or school, you can still buy the course for personal use.
Read more about W3Schools courses here: W3Schools Courses
Certified Python Developer
After completing the training modules the learner will take the end of pathway exam.
When the learner passes the exam, the learner will get the Certified Python Developer certification.
The exam is a multiple choice exam with 60 questions and a duration of 60 minutes.
Image of a Python Certificate:
The certificate does not expire and is valid for lifetime.
It is shareable and can be added to your CV or LinkedIn profile.
You can read more about the certificate here: Python Certificate
Track Learner Progress
As an employer or a school you can track learner progress and results.
Assign courses to learners with ease and get them started in no time.
With W3Schools Academy you can manage everything from licenses to certificates.
It will give you everything you need to train your employees or students in different technologies.
Image of class overview in Academy:
You can read more about the Academy here: W3Schools Academy
Note: If you don't want to track progress, there is an option to give them access to the course without any management.
Interactive Learning
The course is designed to be interactive and fun to learn.
The learner will engage with different learning activities to keep them engaged.
This includes quizzes, code exercises, challenges, and a final exam.
Stay engaged with hands-on coding challenges that help you practice and test what you've learned.
Image of one of the activity types in the course, a Python Challenge:
Python is best learned by doing, and this is why we have included a lot of challenges in the course.
You will get access to hundreds of coding challenges
Get instant feedback with auto-grading
Receive personalized guidance with manual grading
Work on exercises ranging from simple to complex
You can read more about the different types of activities here: Coding Exercises
Training Course Overview
Pricing Academy
$5.99 / month per learner
Availability
For companies and schools only
Course level
Beginner
Time to complete
66 hours on average
Course Format
Self-paced
Language
English
Prerequisites
None
Exam and Certification
Included
Number of certificates
1
Certificate name
Certified Python Developer
Exam format
Multiple choice
Certification skill level
Intermediate (40%), Advanced (75%) and Professional (90%)
Certification Expiration
Never
How to Get Started
Purchase W3Schools Academy access for your organization
Create a class and invite your learners
Assign the Python course to your class
Monitor learner progress through the admin dashboard
Review analytics and certification results
Are you ready to start training your employees today?
Buy Access to Academy Now »",,Python Avanzado
